Date,Close,Adjusted close
1993-01-29,43.9375000000,24.0535335541
1993-02-01,44.2500000000,24.2246150970
1993-02-02,44.3437500000,24.2759380341
1993-02-03,44.8125000000,24.5325469971
1993-02-04,45.0000000000,24.6352081299
1993-02-05,44.9687500000,24.6180877686
1993-02-08,44.9687500000,24.6180877686
1993-02-09,44.6562500000,24.4470195770
1993-02-10,44.7187500000,24.4812278748
1993-02-11,44.9375000000,24.6009693146
1993-02-12,44.5937500000,24.4127883911
1993-02-16,43.4687500000,23.7969226837
1993-02-17,43.4375000000,23.7798023224
1993-02-18,43.4062500000,23.7627048492
1993-02-19,43.5625000000,23.8482437134
1993-02-22,43.7187500000,23.9337730408
1993-02-23,43.6875000000,23.9166774750
1993-02-24,44.2500000000,24.2246150970
1993-02-25,44.3437500000,24.2759380341
1993-02-26,44.4062500000,24.3101520538
1993-03-01,44.2812500000,24.2417125702
1993-03-02,44.9375000000,24.6009693146
1993-03-03,45.1250000000,24.7036266327
1993-03-04,44.8750000000,24.5667610168
1993-03-05,44.7500000000,24.4983444214
1993-03-08,45.7500000000,25.0457954407
1993-03-09,45.5937500000,24.9602546692
1993-03-10,45.6875000000,25.0115795135
1993-03-11,45.5625000000,24.9431362152
1993-03-12,45.0937500000,24.6865177155
1993-03-15,45.3125000000,24.8062801361
1993-03-16,45.3125000000,24.8062801361
1993-03-17,45.0312500000,24.6523017883
1993-03-18,45.3125000000,24.8062801361
1993-03-19,45.0312500000,24.7687301636
1993-03-22,44.7812500000,24.6312236786
1993-03-23,44.8750000000,24.6827869415
1993-03-24,44.8750000000,24.6827869415
1993-03-25,45.1562500000,24.8374786377
1993-03-26,44.9062500000,24.6999664307
1993-03-29,45.0937500000,24.8031120300
1993-03-30,45.2187500000,24.8718738556
1993-03-31,45.1875000000,24.8546791077
1993-04-01,45.0312500000,24.7687301636
1993-04-02,44.0937500000,24.2530765533
1993-04-05,44.3125000000,24.3733825684
1993-04-06,44.1875000000,24.3046455383
1993-04-07,44.3437500000,24.3905811310
1993-04-08,44.2812500000,24.3562049866
1993-04-12,44.9062500000,24.6999664307
1993-04-13,45.0000000000,24.7515544891
1993-04-14,44.9375000000,24.7171573639
1993-04-15,44.9375000000,24.7171573639
1993-04-16,44.9375000000,24.7171573639
1993-04-19,44.7500000000,24.6140480042
1993-04-20,44.5312500000,24.4937191010
1993-04-21,44.5000000000,24.4765243530
1993-04-22,43.9375000000,24.1671352386
1993-04-23,43.7500000000,24.0640048981
1993-04-26,43.4062500000,23.8749332428
1993-04-27,43.8750000000,24.1327571869
1993-04-28,43.7812500000,24.0811939240
1993-04-29,43.9687500000,24.1843166351
1993-04-30,44.0312500000,24.2187023163
1993-05-03,44.3125000000,24.3733825684
1993-05-04,44.4687500000,24.4593334198
1993-05-05,44.5937500000,24.5280914307
1993-05-06,44.4375000000,24.4421329498
1993-05-07,44.3437500000,24.3905811310
1993-05-10,44.4375000000,24.4421329498
1993-05-11,44.6250000000,24.5452919006
1993-05-12,44.5625000000,24.5109176636
1993-05-13,44.0312500000,24.2187023163
1993-05-14,44.0000000000,24.2015075684
1993-05-17,44.1562500000,24.2874584198
1993-05-18,44.1250000000,24.2702674866
1993-05-19,45.0312500000,24.7687301636
1993-05-20,45.1562500000,24.8374786377
1993-05-21,44.7500000000,24.6140480042
1993-05-24,44.9375000000,24.7171573639
1993-05-25,45.0312500000,24.7687301636
1993-05-26,45.5937500000,25.0781326294
1993-05-27,45.4375000000,24.9921855927
1993-05-28,45.2187500000,24.8718738556
1993-06-01,45.6562500000,25.1125011444
1993-06-02,45.5937500000,25.0781326294
1993-06-03,45.4375000000,24.9921855927
1993-06-04,45.2812500000,24.9062385559
1993-06-07,45.1250000000,24.8203010559
1993-06-08,44.7187500000,24.5968532562
1993-06-09,44.8750000000,24.6827869415
1993-06-10,44.9062500000,24.6999664307
1993-06-11,45.0937500000,24.8031120300
1993-06-14,45.0312500000,24.7687301636
1993-06-15,44.9375000000,24.7171573639
1993-06-16,45.0312500000,24.7687301636
1993-06-17,45.1875000000,24.8546791077
1993-06-18,44.5000000000,24.6499938965
1993-06-21,44.5937500000,24.7019195557
1993-06-22,44.6250000000,24.7192401886
1993-06-23,44.2187500000,24.4941978455
1993-06-24,44.8125000000,24.8230972290
1993-06-25,44.7812500000,24.8057785034
1993-06-28,45.2812500000,25.0827674866
1993-06-29,45.0625000000,24.9615993500
1993-06-30,45.0625000000,24.9615993500
1993-07-01,44.9375000000,24.8923454285
1993-07-02,44.6875000000,24.7538566589
1993-07-06,44.2187500000,24.4941978455
1993-07-07,44.3437500000,24.5634460449
1993-07-08,44.8437500000,24.8404159546
1993-07-09,44.9687500000,24.9096488953
1993-07-12,44.9375000000,24.8923454285
1993-07-13,44.9062500000,24.8750267029
1993-07-14,45.0625000000,24.9615993500
1993-07-15,44.8750000000,24.8577251434
1993-07-16,44.7500000000,24.7884883881
1993-07-19,44.7187500000,24.7711791992
1993-07-20,44.8437500000,24.8404159546
1993-07-21,44.8125000000,24.8230972290
1993-07-22,44.5000000000,24.6499938965
1993-07-23,44.7187500000,24.7711791992
1993-07-26,44.9687500000,24.9096488953
1993-07-27,44.9375000000,24.8923454285
1993-07-28,44.8437500000,24.8404159546
1993-07-29,45.0937500000,24.9788932800
1993-07-30,44.8437500000,24.8404159546
1993-08-02,44.9687500000,24.9096488953
1993-08-03,45.0000000000,24.9269676208
1993-08-04,45.0000000000,24.9269676208
1993-08-05,44.9062500000,24.8750267029
1993-08-06,44.9687500000,24.9096488953
1993-08-09,45.2187500000,25.0481395721
1993-08-10,45.1875000000,25.0308399200
1993-08-11,45.1875000000,25.0308399200
1993-08-12,45.0625000000,24.9615993500
1993-08-13,45.1250000000,24.9962100983
1993-08-16,45.3750000000,25.1346874237
1993-08-17,45.5312500000,25.2212314606
1993-08-18,45.7812500000,25.3597221375
1993-08-19,45.7812500000,25.3597221375
1993-08-20,45.8125000000,25.3770256042
1993-08-23,45.7187500000,25.3250980377
1993-08-24,46.2187500000,25.6020774841
1993-08-25,46.2500000000,25.6193695068
1993-08-26,46.2812500000,25.6366806030
1993-08-27,46.2500000000,25.6193695068
1993-08-30,46.4375000000,25.7232437134
1993-08-31,46.5625000000,25.7924919128
1993-09-01,46.5000000000,25.7578678131
1993-09-02,46.3437500000,25.6712951660
1993-09-03,46.3750000000,25.6886215210
1993-09-07,46.0625000000,25.5155067444
1993-09-08,45.9062500000,25.4289665222
1993-09-09,46.0000000000,25.4808959961
1993-09-10,46.4062500000,25.7059288025
1993-09-13,46.4375000000,25.7232437134
1993-09-14,46.2500000000,25.6193695068
1993-09-15,46.3750000000,25.6886215210
1993-09-16,46.1875000000,25.5847606659
1993-09-17,45.8125000000,25.5351352692
1993-09-20,45.4375000000,25.3261184692
1993-09-21,45.2812500000,25.2390422821
1993-09-22,45.6562500000,25.4480667114
1993-09-23,45.9062500000,25.5873985291
1993-09-24,45.7812500000,25.5177345276
1993-09-27,46.2812500000,25.7964134216
1993-09-28,46.1875000000,25.7441730499
1993-09-29,46.0312500000,25.6570816040
1993-09-30,45.9375000000,25.6048316956
1993-10-01,46.1562500000,25.7267570496
1993-10-04,46.2187500000,25.7615871429
1993-10-05,46.1562500000,25.7267570496
1993-10-06,46.1250000000,25.7093257904
1993-10-07,46.0000000000,25.6396656036
1993-10-08,46.0625000000,25.6744918823
1993-10-11,46.1562500000,25.7267570496
1993-10-12,46.2187500000,25.7615871429
1993-10-13,46.2187500000,25.7615871429
1993-10-14,46.8125000000,26.0925388336
1993-10-15,47.0625000000,26.2318782806
1993-10-18,46.9375000000,26.1622104645
1993-10-19,46.5937500000,25.9706077576
1993-10-20,46.6562500000,26.0054569244
1993-10-21,46.5937500000,25.9706077576
1993-10-22,46.3750000000,25.8486843109
1993-10-25,46.5000000000,25.9183635712
1993-10-26,46.4687500000,25.9009342194
1993-10-27,46.5000000000,25.9183635712
1993-10-28,46.8437500000,26.1099491119
1993-10-29,46.8437500000,26.1099491119
1993-11-01,46.9687500000,26.1796169281
1993-11-02,46.9375000000,26.1622104645
1993-11-03,46.3437500000,25.8312454224
1993-11-04,45.8437500000,25.5525703430
1993-11-05,46.0625000000,25.6744918823
1993-11-08,46.1250000000,25.7093257904
1993-11-09,46.1562500000,25.7267570496
1993-11-10,46.5000000000,25.9183635712
1993-11-11,46.3750000000,25.8486843109
1993-11-12,46.5937500000,25.9706077576
1993-11-15,46.5625000000,25.9531974792
1993-11-16,46.7812500000,26.0751190186
1993-11-17,46.5312500000,25.9357757568
1993-11-18,46.4062500000,25.8660926819
1993-11-19,46.3125000000,25.8138446808
1993-11-22,46.0312500000,25.6570816040
1993-11-23,46.2812500000,25.7964134216
1993-11-24,46.4687500000,25.9009342194
1993-11-26,46.5000000000,25.9183635712
1993-11-29,46.3125000000,25.8138446808
1993-11-30,46.3437500000,25.8312454224
1993-12-01,46.4062500000,25.8660926819
1993-12-02,46.5312500000,25.9357757568
1993-12-03,46.7187500000,26.0402793884
1993-12-06,46.8750000000,26.1273708344
1993-12-07,46.8437500000,26.1099491119
1993-12-08,46.8437500000,26.1099491119
1993-12-09,46.6875000000,26.0228691101
1993-12-10,46.5937500000,25.9706077576
1993-12-13,46.8750000000,26.1273708344
1993-12-14,46.5312500000,25.9357757568
1993-12-15,46.4687500000,25.9009342194
1993-12-16,46.6250000000,25.9880180359
1993-12-17,46.5625000000,26.1308593750
1993-12-20,46.6250000000,26.1659317017
1993-12-21,46.4687500000,26.0782394409
1993-12-22,46.7812500000,26.2536239624
1993-12-23,46.7500000000,26.2360858917
1993-12-27,47.0000000000,26.3763732910
1993-12-28,47.0937500000,26.4290046692
1993-12-29,47.0312500000,26.3939170837
1993-12-30,46.8437500000,26.2886962891
1993-12-31,46.5937500000,26.1483840942
1994-01-03,46.4687500000,26.0782394409
1994-01-04,46.6562500000,26.1834793091
1994-01-05,46.7500000000,26.2360858917
1994-01-06,46.7500000000,26.2360858917
1994-01-07,47.0312500000,26.3939170837
1994-01-10,47.5937500000,26.7095928192
1994-01-11,47.5000000000,26.6569881439
1994-01-12,47.3437500000,26.5692863464
1994-01-13,47.2187500000,26.4991455078
1994-01-14,47.4062500000,26.6043663025
1994-01-17,47.4062500000,26.6043663025
1994-01-18,47.4687500000,26.6394290924
1994-01-19,47.3437500000,26.5692863464
1994-01-20,47.4687500000,26.6394290924
1994-01-21,47.3750000000,26.5868206024
1994-01-24,47.1875000000,26.4815998077
1994-01-25,47.1875000000,26.4815998077
1994-01-26,47.3125000000,26.5517501831
1994-01-27,47.7500000000,26.7972602844
1994-01-28,47.8750000000,26.8674240112
1994-01-31,48.2187500000,27.0603446960
1994-02-01,47.9687500000,26.9200248718
1994-02-02,48.2812500000,27.0954246521
1994-02-03,48.0625000000,26.9726581573
1994-02-04,46.9687500000,26.3588390350
1994-02-07,47.1875000000,26.4815998077
1994-02-08,47.2187500000,26.4991455078
1994-02-09,47.4062500000,26.6043663025
1994-02-10,47.0000000000,26.3763732910
1994-02-11,47.1562500000,26.4640579224
1994-02-14,47.2187500000,26.4991455078
1994-02-15,47.4687500000,26.6394290924
1994-02-16,47.4375000000,26.6219024658
1994-02-17,47.1562500000,26.4640579224
1994-02-18,46.8750000000,26.3062343597
1994-02-22,47.3437500000,26.5692863464
1994-02-23,47.2187500000,26.4991455078
1994-02-24,46.5937500000,26.1483840942
1994-02-25,46.8125000000,26.2711620331
1994-02-28,46.8125000000,26.2711620331
1994-03-01,46.6250000000,26.1659317017
1994-03-02,46.6875000000,26.2010021210
1994-03-03,46.5625000000,26.1308593750
1994-03-04,46.6875000000,26.2010021210
1994-03-07,46.9375000000,26.3413085938
1994-03-08,46.7500000000,26.2360858917
1994-03-09,46.9687500000,26.3588390350
1994-03-10,46.5937500000,26.1483840942
1994-03-11,46.8437500000,26.2886962891
1994-03-14,46.9062500000,26.3237648010
1994-03-15,46.8750000000,26.3062343597
1994-03-16,47.2500000000,26.5166778564
1994-03-17,47.2500000000,26.5166778564
1994-03-18,46.9687500000,26.5108852386
1994-03-21,46.8437500000,26.4403514862
1994-03-22,46.9687500000,26.5108852386
1994-03-23,46.9375000000,26.4932613373
1994-03-24,46.3750000000,26.1757392883
1994-03-25,45.9375000000,25.9288158417
1994-03-28,46.0000000000,25.9640789032
1994-03-29,45.0937500000,25.4525737762
1994-03-30,44.4687500000,25.0997924805
1994-03-31,44.5937500000,25.1703491211
1994-04-04,43.9062500000,24.7823028564
1994-04-05,44.8125000000,25.2938117981
1994-04-06,44.8125000000,25.2938117981
1994-04-07,45.0312500000,25.4173107147
1994-04-08,44.6875000000,25.2232704163
1994-04-11,44.8750000000,25.3291225433
1994-04-12,44.8125000000,25.2938117981
1994-04-13,44.5781250000,25.1615505219
1994-04-14,44.5937500000,25.1703491211
1994-04-15,44.5937500000,25.1703491211
1994-04-18,44.2968750000,25.0027885437
1994-04-19,44.3593750000,25.0380611420
1994-04-20,44.3125000000,25.0116004944
1994-04-21,44.9062500000,25.3467330933
1994-04-22,44.8593750000,25.3202705383
1994-04-25,45.3281250000,25.5848751068
1994-04-26,45.2812500000,25.5583992004
1994-04-28,44.9531250000,25.3731937408
1994-04-29,45.0937500000,25.4525737762
1994-05-02,45.3750000000,25.6113128662
1994-05-03,45.3281250000,25.5848751068
1994-05-04,45.2500000000,25.5407581329
1994-05-05,45.1875000000,25.5054931641
1994-05-06,44.7500000000,25.2585487366
1994-05-09,44.3593750000,25.0380611420
1994-05-10,44.7031250000,25.2320823669
1994-05-11,44.2968750000,25.0027885437
1994-05-12,44.5156250000,25.1262454987
1994-05-13,44.5156250000,25.1262454987
1994-05-16,44.5312500000,25.1350898743
1994-05-17,45.1875000000,25.5054931641
1994-05-18,45.5156250000,25.6907081604
1994-05-19,45.7343750000,25.8141670227
1994-05-20,45.5625000000,25.7171459198
1994-05-23,45.4843750000,25.6730556488
1994-05-24,45.6718750000,25.7788867950
1994-05-25,45.7968750000,25.8494396210
1994-05-26,45.8281250000,25.8670692444
1994-05-27,45.8750000000,25.8935317993
1994-05-31,45.8125000000,25.8582477570
1994-06-01,46.0156250000,25.9729156494
1994-06-02,45.9687500000,25.9464492798
1994-06-03,46.2343750000,26.0963859558
1994-06-06,46.2187500000,26.0875606537
1994-06-07,46.1562500000,26.0522899628
1994-06-08,45.7812500000,25.8406162262
1994-06-09,46.0312500000,25.9817314148
1994-06-10,46.1093750000,26.0258312225
1994-06-13,46.1718750000,26.0611152649
1994-06-14,46.5312500000,26.2639503479
1994-06-15,46.3437500000,26.1581039429
1994-06-16,46.4375000000,26.2110443115
1994-06-17,45.8750000000,26.0647354126
1994-06-20,45.4843750000,25.8427963257
1994-06-21,45.0937500000,25.6208477020
1994-06-22,45.2656250000,25.7184982300
1994-06-23,45.0000000000,25.5675811768
1994-06-24,44.0625000000,25.0349235535
1994-06-27,44.8281250000,25.4699287415
1994-06-28,44.6093750000,25.3456420898
1994-06-29,44.7500000000,25.4255352020
1994-06-30,44.4687500000,25.2657375336
1994-07-01,44.5625000000,25.3190135956
1994-07-05,44.7968750000,25.4521656036
1994-07-06,44.7343750000,25.4166660309
1994-07-07,44.9218750000,25.5231914520
1994-07-08,44.9062500000,25.5143032074
1994-07-11,44.7500000000,25.4255352020
1994-07-12,44.8125000000,25.4610443115
1994-07-13,44.8906250000,25.5054378510
1994-07-14,45.3750000000,25.7806510925
1994-07-15,45.3906250000,25.7895145416
1994-07-18,45.4687500000,25.8339157104
1994-07-19,45.3750000000,25.7806510925
1994-07-20,45.1718750000,25.6652393341
1994-07-21,45.2656250000,25.7184982300
1994-07-22,45.3437500000,25.7628860474
1994-07-25,45.4062500000,25.7984046936
1994-07-26,45.3593750000,25.7717781067
1994-07-27,45.3593750000,25.7717781067
1994-07-28,45.4531250000,25.8250217438
1994-07-29,45.9062500000,26.0824813843
1994-08-01,46.1250000000,26.2067604065
1994-08-02,46.1875000000,26.2422752380
1994-08-03,46.2031250000,26.2511463165
1994-08-04,45.9375000000,26.1002445221
1994-08-05,45.7812500000,26.0114574432
1994-08-08,45.8906250000,26.0736122131
1994-08-09,45.9687500000,26.1179943085
1994-08-10,46.1406250000,26.2156505585
1994-08-11,45.9687500000,26.1179943085
1994-08-12,46.3281250000,26.3221874237
1994-08-15,46.3125000000,26.3132972717
1994-08-16,46.6406250000,26.4997444153
1994-08-17,46.6093750000,26.4819812775
1994-08-18,46.4531250000,26.3931961060
1994-08-19,46.4218750000,26.3754348755
1994-08-22,46.3750000000,26.3488159180
1994-08-23,46.6406250000,26.4997444153
1994-08-24,47.1406250000,26.7838287354
1994-08-25,47.0156250000,26.7127971649
1994-08-26,47.6875000000,27.0945301056
1994-08-29,47.6562500000,27.0767745972
1994-08-30,47.7812500000,27.1478099823
1994-08-31,47.6562500000,27.0767745972
1994-09-01,47.5000000000,26.9880104065
1994-09-02,47.2968750000,26.8726024628
1994-09-06,47.3125000000,26.8814697266
1994-09-07,47.2656250000,26.8548297882
1994-09-08,47.5000000000,26.9880104065
1994-09-09,47.0000000000,26.7039203644
1994-09-12,46.8593750000,26.6240272522
1994-09-13,47.0000000000,26.7039203644
1994-09-14,47.0468750000,26.7305488586
1994-09-15,47.6406250000,27.0679016113
1994-09-16,47.0156250000,26.8752632141
1994-09-19,47.0625000000,26.9020519257
1994-09-20,46.1718750000,26.3929634094
1994-09-21,46.1718750000,26.3929634094
1994-09-22,46.0625000000,26.3304157257
1994-09-23,45.9062500000,26.2411136627
1994-09-26,46.1406250000,26.3750972748
1994-09-27,46.1093750000,26.3572387695
1994-09-28,46.4687500000,26.5626506805
1994-09-29,46.2343750000,26.4286899567
1994-09-30,46.1718750000,26.3929634094
1994-10-03,46.0625000000,26.3304157257
1994-10-04,45.3750000000,25.9374485016
1994-10-05,45.3906250000,25.9463672638
1994-10-06,45.2500000000,25.8659934998
1994-10-07,45.4531250000,25.9820957184
1994-10-10,45.9375000000,26.2589836121
1994-10-11,46.6250000000,26.6519775391
1994-10-12,46.6875000000,26.6877002716
1994-10-13,46.8437500000,26.7770233154
1994-10-14,47.0468750000,26.8931217194
1994-10-17,46.9531250000,26.8395328522
1994-10-18,46.8437500000,26.7770233154
1994-10-19,47.0625000000,26.9020519257
1994-10-20,46.7500000000,26.7234439850
1994-10-21,46.5625000000,26.6162471771
1994-10-24,46.1718750000,26.3929634094
1994-10-25,46.2187500000,26.4197483063
1994-10-26,46.3906250000,26.5180091858
1994-10-27,46.6718750000,26.6787643433
1994-10-28,47.6562500000,27.2414493561
1994-10-31,47.4843750000,27.1432247162
1994-11-01,46.9531250000,26.8395328522
1994-11-02,46.6875000000,26.6877002716
1994-11-03,46.9375000000,26.8306121826
1994-11-04,46.3281250000,26.4822845459
1994-11-07,46.4687500000,26.5626506805
1994-11-08,46.8281250000,26.7680950165
1994-11-09,46.9062500000,26.8127441406
1994-11-10,46.5781250000,26.6251888275
1994-11-11,46.4062500000,26.5269298553
1994-11-14,46.8437500000,26.7770233154
1994-11-15,46.6875000000,26.6877002716
1994-11-16,46.8437500000,26.7770233154
1994-11-17,46.5312500000,26.5983867645
1994-11-18,46.4687500000,26.5626506805
1994-11-21,46.0000000000,26.2946949005
1994-11-22,45.0000000000,25.7230892181
1994-11-23,45.2500000000,25.8659934998
1994-11-25,45.4687500000,25.9910316467
1994-11-28,45.6718750000,26.1071414948
1994-11-29,45.6562500000,26.0982170105
1994-11-30,45.5937500000,26.0624942780
1994-12-01,45.1406250000,25.8034648895
1994-12-02,45.5625000000,26.0446224213
1994-12-05,45.6093750000,26.0714111328
1994-12-06,45.6406250000,26.0892906189
1994-12-07,45.3125000000,25.9017124176
1994-12-08,44.8750000000,25.6516456604
1994-12-09,45.0468750000,25.7498874664
1994-12-12,45.3437500000,25.9195766449
1994-12-13,45.5156250000,26.0178432465
1994-12-14,45.7500000000,26.1517944336
1994-12-15,45.8906250000,26.2321929932
1994-12-16,45.7500000000,26.3603134155
1994-12-19,45.8125000000,26.3963165283
1994-12-20,45.6718750000,26.3152999878
1994-12-21,46.1562500000,26.5944004059
1994-12-22,46.0156250000,26.5133666992
1994-12-23,46.0625000000,26.5403728485
1994-12-27,46.3125000000,26.6844177246
1994-12-28,46.0781250000,26.5493774414
1994-12-29,46.1093750000,26.5673751831
1994-12-30,45.5625000000,26.2522811890
1995-01-03,45.7812500000,26.3783206940
1995-01-04,46.0000000000,26.5043601990
1995-01-05,46.0000000000,26.5043601990
1995-01-06,46.0468750000,26.5313644409
1995-01-09,46.0937500000,26.5583839417
1995-01-10,46.1406250000,26.5853805542
1995-01-11,46.1718750000,26.6034011841
1995-01-12,46.1875000000,26.6123828888
1995-01-13,46.7343750000,26.9274959564
1995-01-16,47.0156250000,27.0895576477
1995-01-17,47.0312500000,27.0985488892
1995-01-18,46.9843750000,27.0715560913
1995-01-19,46.7187500000,26.9184913635
1995-01-20,46.5468750000,26.8194618225
1995-01-23,46.6875000000,26.9004840851
1995-01-24,46.7500000000,26.9365139008
1995-01-25,46.8750000000,27.0085163116
1995-01-26,46.9218750000,27.0355358124
1995-01-27,47.1093750000,27.1435604095
1995-01-30,46.9062500000,27.0265235901
1995-01-31,47.0937500000,27.1345710754
1995-02-01,47.0781250000,27.1255626678
1995-02-02,47.3593750000,27.2876091003
1995-02-03,48.0312500000,27.6747188568
1995-02-06,48.2343750000,27.7917709351
1995-02-07,48.2968750000,27.8277816772
1995-02-08,48.2968750000,27.8277816772
1995-02-09,48.2968750000,27.8277816772
1995-02-10,48.3593750000,27.8637943268
1995-02-13,48.3750000000,27.8727893829
1995-02-14,48.4375000000,27.9088058472
1995-02-15,48.7031250000,28.0618591309
1995-02-16,48.6406250000,28.0258445740
1995-02-17,48.4531250000,27.9178047180
1995-02-21,48.4375000000,27.9088058472
1995-02-22,48.7968750000,28.1158733368
1995-02-23,48.8750000000,28.1608810425
1995-02-24,49.0000000000,28.2329120636
1995-02-27,48.6093750000,28.0078334808
1995-02-28,49.0156250000,28.2419166565
1995-03-01,48.7031250000,28.0618591309
1995-03-02,48.7656250000,28.0978641510
1995-03-03,48.7812500000,28.1068592072
1995-03-06,48.8125000000,28.1248683929
1995-03-07,48.4375000000,27.9088058472
1995-03-08,48.5625000000,27.9808177948
1995-03-09,48.5468750000,27.9718189240
1995-03-10,49.2656250000,28.3859558105
1995-03-13,49.2187500000,28.3589572906
1995-03-14,49.5781250000,28.5660037994
1995-03-15,49.4843750000,28.5119934082
1995-03-16,49.7812500000,28.6830635071
1995-03-17,49.5625000000,28.7115802765
1995-03-20,49.5625000000,28.7115802765
1995-03-21,49.4375000000,28.6391773224
1995-03-22,49.4843750000,28.6663188934
1995-03-23,49.5156250000,28.6844196320
1995-03-24,50.2187500000,29.0917606354
1995-03-27,50.4218750000,29.2094211578
1995-03-28,50.4218750000,29.2094211578
1995-03-29,50.4062500000,29.2003555298
1995-03-30,50.3125000000,29.1460666656
1995-03-31,50.1093750000,29.0283737183
1995-04-03,50.2343750000,29.1007900238
1995-04-04,50.5625000000,29.2908840179
1995-04-05,50.5625000000,29.2908840179
1995-04-06,50.7500000000,29.3995189667
1995-04-07,50.7031250000,29.3723487854
1995-04-10,50.7968750000,29.4266490936
1995-04-11,50.6250000000,29.3270797729
1995-04-12,50.7968750000,29.4266490936
1995-04-13,51.0781250000,29.5895786285
1995-04-17,50.7812500000,29.4176006317
1995-04-18,50.6093750000,29.3180255890
1995-04-19,50.5625000000,29.2908840179
1995-04-20,50.6406250000,29.3361434937
1995-04-21,50.8906250000,29.4809627533
1995-04-24,51.4843750000,29.8249187469
1995-04-25,51.3437500000,29.7434597015
1995-04-26,51.3906250000,29.7706203461
1995-04-27,51.5156250000,29.8430290222
1995-04-28,51.5937500000,29.8882732391
1995-05-01,51.4531250000,29.8068218231
1995-05-02,51.5625000000,29.8701705933
1995-05-03,52.2812500000,30.2865467072
1995-05-04,52.2500000000,30.2684593201
1995-05-05,52.1875000000,30.2322502136
1995-05-08,52.5625000000,30.4494724274
1995-05-09,52.5156250000,30.4223232269
1995-05-10,52.5781250000,30.4585304260
1995-05-11,52.7187500000,30.5399913788
1995-05-12,52.7500000000,30.5581016541
1995-05-15,53.0000000000,30.7029304504
1995-05-16,53.0312500000,30.7210197449
1995-05-17,52.8281250000,30.6033706665
1995-05-18,52.0625000000,30.1598300934
1995-05-19,52.0937500000,30.1779403687
1995-05-22,52.6718750000,30.5128459930
1995-05-23,53.1562500000,30.7934360504
1995-05-24,53.1250000000,30.7753353119
1995-05-25,53.1718750000,30.8025035858
1995-05-26,52.5625000000,30.4494724274
1995-05-30,52.5468750000,30.4404277802
1995-05-31,53.6406250000,31.0740413666
1995-06-01,53.5000000000,30.9925785065
1995-06-02,53.5468750000,31.0197277069
1995-06-05,53.8750000000,31.2098121643
1995-06-06,53.7812500000,31.1555061340
1995-06-07,53.5000000000,30.9925785065
1995-06-08,53.3750000000,30.9201736450
1995-06-09,53.0625000000,30.7391281128
1995-06-12,53.3593750000,30.9111080170
1995-06-13,53.9375000000,31.2460155487
1995-06-14,53.8906250000,31.2188816071
1995-06-15,54.1250000000,31.3546333313
1995-06-16,53.9687500000,31.4477100372
1995-06-19,54.5781250000,31.8028240204
1995-06-20,54.4375000000,31.7208671570
1995-06-21,54.4062500000,31.7026729584
1995-06-22,55.1250000000,32.1214866638
1995-06-23,55.0156250000,32.0577507019
1995-06-26,54.3593750000,31.6753406525
1995-06-27,54.2500000000,31.6116085052
1995-06-28,54.5312500000,31.7754898071
1995-06-29,54.4375000000,31.7208671570
1995-06-30,54.4062500000,31.7026729584
1995-07-03,54.6093750000,31.8210296631
1995-07-05,54.8125000000,31.9393711090
1995-07-06,55.5156250000,32.3490905762
1995-07-07,55.7656250000,32.4947738647
1995-07-10,55.7968750000,32.5129737854
1995-07-11,55.5312500000,32.3582115173
1995-07-12,56.2187500000,32.7588081360
1995-07-13,56.0937500000,32.6859779358
1995-07-14,56.0468750000,32.6586647034
1995-07-17,56.3593750000,32.8407554626
1995-07-18,55.8750000000,32.5585021973
1995-07-19,55.2656250000,32.2034187317
1995-07-20,55.4687500000,32.3217735291
1995-07-21,55.4062500000,32.2853660583
1995-07-24,55.8125000000,32.5220794678
1995-07-25,56.2343750000,32.7678909302
1995-07-26,56.1875000000,32.7406082153
1995-07-27,56.6562500000,33.0137519836
1995-07-28,56.2968750000,32.8043251038
1995-07-31,56.1562500000,32.7223815918
1995-08-01,56.0625000000,32.6677665710
1995-08-02,55.9375000000,32.5949211121
1995-08-03,55.9218750000,32.5858230591
1995-08-04,55.9843750000,32.6222267151
1995-08-07,56.1093750000,32.6950798035
1995-08-08,56.1093750000,32.6950798035
1995-08-09,56.0937500000,32.6859779358
1995-08-10,55.9687500000,32.6131248474
1995-08-11,55.6562500000,32.4310379028
1995-08-14,56.1562500000,32.7223815918
1995-08-15,56.0468750000,32.6586647034
1995-08-16,56.2031250000,32.7497062683
1995-08-17,56.1093750000,32.6950798035
1995-08-18,56.1718750000,32.7314872742
1995-08-21,56.0156250000,32.6404495239
1995-08-22,56.1250000000,32.7041702271
1995-08-23,55.9218750000,32.5858230591
1995-08-24,55.9843750000,32.6222267151
1995-08-25,56.2968750000,32.8043251038
1995-08-28,56.0937500000,32.6859779358
1995-08-29,56.2343750000,32.7678909302
1995-08-30,56.3593750000,32.8407554626
1995-08-31,56.4062500000,32.8680686951
1995-09-01,56.6562500000,33.0137519836
1995-09-05,57.1875000000,33.3233032227
1995-09-06,57.2968750000,33.3870315552
1995-09-07,57.3281250000,33.4052314758
1995-09-08,57.5468750000,33.5327148438
1995-09-11,57.7031250000,33.6237640381
1995-09-12,57.9687500000,33.7785415649
1995-09-13,58.2343750000,33.9333229065
1995-09-14,58.7656250000,34.2428665161
1995-09-15,58.4375000000,34.2334175110
1995-09-18,58.2187500000,34.1052818298
1995-09-19,58.5000000000,34.2700347900
1995-09-20,58.7812500000,34.4347953796
1995-09-21,58.2968750000,34.1510658264
1995-09-22,58.3125000000,34.1602134705
1995-09-25,58.2187500000,34.1052818298
1995-09-26,58.2031250000,34.0961227417
1995-09-27,58.1562500000,34.0686759949
1995-09-28,58.5937500000,34.3249588013
1995-09-29,58.4843750000,34.2608947754
1995-10-02,58.1875000000,34.0869789124
1995-10-03,58.2500000000,34.1236000061
1995-10-04,58.1875000000,34.0869789124
1995-10-05,58.3593750000,34.1876754761
1995-10-06,58.4062500000,34.2151107788
1995-10-09,57.9218750000,33.9313621521
1995-10-10,57.8906250000,33.9130630493
1995-10-11,58.0781250000,34.0228958130
1995-10-12,58.4375000000,34.2334175110
1995-10-13,58.6250000000,34.3432693481
1995-10-16,58.3437500000,34.1785087585
1995-10-17,58.7343750000,34.4073333740
1995-10-18,58.9062500000,34.5080413818
1995-10-19,59.1875000000,34.6728134155
1995-10-20,58.8281250000,34.4622573853
1995-10-23,58.7031250000,34.3890266418
1995-10-24,58.7656250000,34.4256439209
1995-10-25,58.2812500000,34.1419029236
1995-10-26,57.7500000000,33.8306884766
1995-10-27,58.1875000000,34.0869789124
1995-10-30,58.5625000000,34.3066520691
1995-10-31,58.3125000000,34.1602134705
1995-11-01,58.7812500000,34.4347953796
1995-11-02,59.1562500000,34.6544799805
1995-11-03,59.2343750000,34.7002677917
1995-11-06,59.0312500000,34.5812683105
1995-11-07,58.8125000000,34.4531173706
1995-11-08,59.3437500000,34.7643165588
1995-11-09,59.5625000000,34.8924560547
1995-11-10,59.5312500000,34.8741607666
1995-11-13,59.4687500000,34.8375511169
1995-11-14,59.0781250000,34.6087188721
1995-11-15,59.6718750000,34.9565353394
1995-11-16,60.0000000000,35.1487655640
1995-11-17,60.1875000000,35.2585983276
1995-11-20,59.8750000000,35.0755233765
1995-11-21,60.3593750000,35.3592872620
1995-11-22,60.1718750000,35.2494621277
1995-11-24,60.3281250000,35.3409881592
1995-11-27,60.3437500000,35.3501396179
1995-11-28,60.9843750000,35.7254295349
1995-11-29,61.0468750000,35.7620506287
1995-11-30,60.9062500000,35.6796684265
1995-12-01,60.9843750000,35.7254295349
1995-12-04,61.7343750000,36.1647834778
1995-12-05,62.1406250000,36.4027633667
1995-12-06,62.2812500000,36.4851608276
1995-12-07,61.9531250000,36.2929267883
1995-12-08,62.1562500000,36.4119300842
1995-12-11,62.4218750000,36.5675277710
1995-12-12,62.2343750000,36.4577102661
1995-12-13,62.6250000000,36.6865158081
1995-12-14,62.1718750000,36.4210853577
1995-12-15,61.8125000000,36.4344024658
1995-12-18,60.6250000000,35.7344398499
1995-12-19,61.2656250000,36.1120491028
1995-12-20,60.6718750000,35.7620849609
1995-12-21,60.9843750000,35.9462928772
1995-12-22,61.2031250000,36.0752258301
1995-12-26,61.5000000000,36.2502098083
1995-12-27,61.4687500000,36.2318000793
1995-12-28,61.4062500000,36.1949615479
1995-12-29,61.4843750000,36.2410049438
1996-01-02,62.1406250000,36.6278228760
1996-01-03,62.3125000000,36.7291297913
1996-01-04,61.7187500000,36.3791465759
1996-01-05,61.5937500000,36.3054733276
1996-01-08,61.8281250000,36.4436111450
1996-01-09,60.7656250000,35.8173484802
1996-01-10,59.9687500000,35.3476371765
1996-01-11,60.3281250000,35.5594711304
1996-01-12,60.2343750000,35.5042114258
1996-01-15,60.1093750000,35.4305343628
1996-01-16,60.8437500000,35.8633842468
1996-01-17,60.6562500000,35.7528877258
1996-01-18,60.8593750000,35.8726119995
1996-01-19,61.2656250000,36.1120491028
1996-01-22,61.2812500000,36.1212768555
1996-01-23,61.4218750000,36.2041549683
1996-01-24,61.9218750000,36.4988861084
1996-01-25,61.7031250000,36.3699340820
1996-01-26,62.2343750000,36.6830978394
1996-01-29,62.4843750000,36.8304252625
1996-01-30,63.0156250000,37.1435661316
1996-01-31,63.6718750000,37.5303993225
1996-02-01,63.9062500000,37.6685447693
1996-02-02,63.6406250000,37.5119667053
1996-02-05,64.1562500000,37.8159179688
1996-02-06,64.7656250000,38.1750907898
1996-02-07,65.1406250000,38.3961257935
1996-02-08,65.8437500000,38.8105621338
1996-02-09,65.8281250000,38.8013610840
1996-02-12,66.3281250000,39.0960807800
1996-02-13,66.1875000000,39.0131835938
1996-02-14,65.6093750000,38.6724090576
1996-02-15,65.2031250000,38.4329643250
1996-02-16,64.9375000000,38.2763977051
1996-02-20,64.2968750000,37.8988037109
1996-02-21,65.0937500000,38.3685073853
1996-02-22,66.1250000000,38.9763450623
1996-02-23,65.9375000000,38.8658485413
1996-02-26,65.0000000000,38.3132247925
1996-02-27,64.7968750000,38.1935005188
1996-02-28,64.5000000000,38.0185127258
1996-02-29,63.8750000000,37.6501197815
1996-03-01,64.8906250000,38.2487602234
1996-03-04,65.2656250000,38.4697875977
1996-03-05,65.8750000000,38.8289947510
1996-03-06,65.2968750000,38.4882278442
1996-03-07,65.6250000000,38.6816253662
1996-03-08,63.5000000000,37.4290847778
1996-03-11,64.2343750000,37.8619537354
1996-03-12,63.7343750000,37.5672302246
1996-03-13,64.1718750000,37.8251190186
1996-03-14,64.4531250000,37.9909057617
1996-03-15,64.1250000000,37.9653625488
1996-03-18,65.3593750000,38.6961631775
1996-03-19,65.2187500000,38.6129074097
1996-03-20,65.1406250000,38.5666542053
1996-03-21,64.9843750000,38.4741363525
1996-03-22,65.1562500000,38.5759277344
1996-03-25,65.0312500000,38.5019073486
1996-03-26,65.3437500000,38.6869087219
1996-03-27,64.7500000000,38.3353958130
1996-03-28,65.0000000000,38.4833908081
1996-03-29,64.6875000000,38.2983932495
1996-04-01,65.4375000000,38.7424316406
1996-04-02,65.5625000000,38.8164367676
1996-04-03,65.5625000000,38.8164367676
1996-04-04,65.5156250000,38.7886810303
1996-04-08,64.3906250000,38.1226196289
1996-04-09,64.1406250000,37.9746131897
1996-04-10,63.0000000000,37.2992820740
1996-04-11,62.9218750000,37.2530479431
1996-04-12,63.7187500000,37.7248420715
1996-04-15,64.2500000000,38.0393600464
1996-04-16,64.4375000000,38.1503677368
1996-04-17,64.2812500000,38.0578727722
1996-04-18,64.3750000000,38.1133651733
1996-04-19,64.5312500000,38.2058906555
1996-04-22,65.0312500000,38.5019073486
1996-04-23,65.2343750000,38.6221466064
1996-04-24,65.0000000000,38.4833908081
1996-04-25,65.2968750000,38.6591567993
1996-04-26,65.4375000000,38.7424316406
1996-04-29,65.4375000000,38.7424316406
1996-04-30,65.3906250000,38.7146835327
1996-05-01,65.5312500000,38.7979278564
1996-05-02,64.4062500000,38.1318664551
1996-05-03,64.3125000000,38.0763702393
1996-05-06,64.2500000000,38.0393600464
1996-05-07,63.9843750000,37.8820991516
1996-05-08,64.7812500000,38.3538856506
1996-05-09,64.7343750000,38.3261451721
1996-05-10,65.3750000000,38.7054100037
1996-05-13,66.3593750000,39.2882308960
1996-05-14,66.7656250000,39.5287284851
1996-05-15,66.6875000000,39.4824981689
1996-05-16,66.8281250000,39.5657501221
1996-05-17,67.1875000000,39.7785186768
1996-05-20,67.6406250000,40.0467872620
1996-05-21,67.5468750000,39.9912796021
1996-05-22,68.1875000000,40.3705558777
1996-05-23,67.9062500000,40.2040557861
1996-05-24,68.1718750000,40.3613243103
1996-05-28,67.4843750000,39.9542694092
1996-05-29,67.0312500000,39.6860084534
1996-05-30,67.3750000000,39.8895301819
1996-05-31,66.8750000000,39.5934982300
1996-06-03,67.0625000000,39.7045173645
1996-06-04,67.5312500000,39.9820289612
1996-06-05,68.1250000000,40.3335533142
1996-06-06,67.6250000000,40.0375404358
1996-06-07,67.6250000000,40.0375404358
1996-06-10,67.4062500000,39.9080123901
1996-06-11,67.3437500000,39.8710479736
1996-06-12,67.2187500000,39.7970046997
1996-06-13,67.2187500000,39.7970046997
1996-06-14,66.9375000000,39.6305122375
1996-06-17,66.8906250000,39.6027488708
1996-06-18,66.3437500000,39.2789802551
1996-06-19,66.6406250000,39.4547309875
1996-06-20,66.5937500000,39.4269638062
1996-06-21,66.8125000000,39.7660827637
1996-06-24,66.9375000000,39.8405113220
1996-06-25,66.8593750000,39.7939872742
1996-06-26,66.4062500000,39.5242996216
1996-06-27,66.8750000000,39.8032875061
1996-06-28,67.1093750000,39.9427986145
1996-07-01,67.6875000000,40.2868957520
1996-07-02,67.4375000000,40.1380805969
1996-07-03,67.2968750000,40.0543975830
1996-07-05,65.5781250000,39.0313987732
1996-07-08,65.3125000000,38.8732986450
1996-07-09,65.5781250000,39.0313987732
1996-07-10,65.8437500000,39.1894798279
1996-07-11,64.5156250000,38.3990249634
1996-07-12,64.5625000000,38.4269142151
1996-07-15,62.6562500000,37.2923278809
1996-07-16,62.8125000000,37.3853225708
1996-07-17,63.5625000000,37.8317184448
1996-07-18,64.4375000000,38.3525238037
1996-07-19,63.9687500000,38.0735359192
1996-07-22,63.5000000000,37.7945251465
1996-07-23,62.6875000000,37.3109321594
1996-07-24,62.8125000000,37.3853225708
1996-07-25,63.3750000000,37.7201194763
1996-07-26,63.7187500000,37.9247283936
1996-07-29,63.0156250000,37.5062255859
1996-07-30,63.6250000000,37.8689346313
1996-07-31,64.0937500000,38.1479072571
1996-08-01,65.1562500000,38.7803382874
1996-08-02,66.5625000000,39.6172904968
1996-08-05,66.1718750000,39.3847885132
1996-08-06,66.3750000000,39.5056838989
1996-08-07,66.5468750000,39.6080169678
1996-08-08,66.4375000000,39.5428962708
1996-08-09,66.2187500000,39.4127006531
1996-08-12,66.7031250000,39.7010078430
1996-08-13,66.1718750000,39.3847885132
1996-08-14,66.4062500000,39.5242996216
1996-08-15,66.2812500000,39.4499053955
1996-08-16,66.8437500000,39.7846755981
1996-08-19,66.8750000000,39.8032875061
1996-08-20,66.8281250000,39.7753982544
1996-08-21,66.5937500000,39.6358871460
1996-08-22,67.2187500000,40.0078773499
1996-08-23,66.8593750000,39.7939872742
1996-08-26,66.5312500000,39.5986747742
1996-08-27,66.7812500000,39.7474899292
1996-08-28,66.6718750000,39.6823883057
1996-08-29,66.0156250000,39.2918090820
1996-08-30,65.3281250000,38.8826255798
1996-09-03,65.7500000000,39.1337203979
1996-09-04,65.8125000000,39.1709022522
1996-09-05,65.0156250000,38.6966056824
1996-09-06,65.9375000000,39.2453155518
1996-09-09,66.7187500000,39.7102966309
1996-09-10,66.6875000000,39.6916999817
1996-09-11,67.0625000000,39.9149017334
1996-09-12,67.5312500000,40.1938781738
1996-09-13,68.5625000000,40.8076744080
1996-09-16,68.8125000000,40.9564781189
1996-09-17,68.6562500000,40.8634681702
1996-09-18,68.4843750000,40.7611846924
1996-09-19,68.7500000000,40.9192695618
1996-09-20,68.6406250000,41.0644378662
1996-09-23,68.6250000000,41.0550765991
1996-09-24,68.6093750000,41.0457115173
1996-09-25,68.6562500000,41.0737686157
1996-09-26,68.6250000000,41.0550765991
1996-09-27,68.6875000000,41.0924644470
1996-09-30,68.6250000000,41.0550765991
1996-10-01,69.0000000000,41.2794227600
1996-10-02,69.4687500000,41.5598678589
1996-10-03,69.4062500000,41.5224533081
1996-10-04,70.3437500000,42.0833091736
1996-10-07,70.4218750000,42.1300659180
1996-10-08,70.1406250000,41.9618034363
1996-10-09,69.5937500000,41.6346282959
1996-10-10,69.4531250000,41.5505027771
1996-10-11,70.3125000000,42.0646324158
1996-10-14,70.4062500000,42.1207389832
1996-10-15,70.3125000000,42.0646324158
1996-10-16,70.6562500000,42.2702827454
1996-10-17,70.8437500000,42.3824501038
1996-10-18,71.2187500000,42.6068038940
1996-10-21,71.1250000000,42.5507087708
1996-10-22,70.6250000000,42.2515754700
1996-10-23,70.8593750000,42.3918075562
1996-10-24,70.2500000000,42.0272521973
1996-10-25,70.3125000000,42.0646324158
1996-10-28,69.8437500000,41.7841987610
1996-10-29,70.4062500000,42.1207389832
1996-10-30,70.1718750000,41.9805030823
1996-10-31,70.8437500000,42.3824501038
1996-11-01,70.5937500000,42.2328643799
1996-11-04,71.0625000000,42.5133171082
1996-11-05,71.4687500000,42.7563552856
1996-11-06,72.8437500000,43.5789642334
1996-11-07,73.0156250000,43.6817893982
1996-11-08,73.4218750000,43.9248085022
1996-11-11,73.3437500000,43.8781013489
1996-11-12,73.1250000000,43.7472076416
1996-11-13,73.4531250000,43.9435272217
1996-11-14,73.9375000000,44.2332992554
1996-11-15,74.0312500000,44.2893600464
1996-11-18,74.0468750000,44.2987442017
1996-11-19,74.5781250000,44.6165504456
1996-11-20,74.7031250000,44.6913261414
1996-11-21,74.5937500000,44.6259002686
1996-11-22,75.1718750000,44.9717559814
1996-11-25,76.1250000000,45.5419807434
1996-11-26,75.8750000000,45.3924064636
1996-11-27,75.7343750000,45.3082847595
1996-11-29,76.0156250000,45.4765205383
1996-12-02,76.0468750000,45.4952239990
1996-12-03,74.7500000000,44.7193603516
1996-12-04,74.9531250000,44.8408851624
1996-12-05,74.7500000000,44.7193603516
1996-12-06,74.3125000000,44.4576416016
1996-12-09,75.4062500000,45.1119613647
1996-12-10,75.0468750000,44.8969841003
1996-12-11,74.3593750000,44.4856987000
1996-12-12,73.1250000000,43.7472076416
1996-12-13,73.3125000000,43.8593559265
1996-12-16,72.3750000000,43.2985267639
1996-12-17,72.9531250000,43.6443786621
1996-12-18,73.5312500000,43.9902534485
1996-12-19,75.0468750000,44.8969841003
1996-12-20,74.8437500000,44.9954872131
1996-12-23,74.6562500000,44.8827705383
1996-12-24,75.2031250000,45.2115440369
1996-12-26,75.7812500000,45.5591163635
1996-12-27,75.8750000000,45.6154747009
1996-12-30,75.2187500000,45.2209548950
1996-12-31,73.8437500000,44.3942985535
1997-01-02,74.0312500000,44.5070152283
1997-01-03,75.0937500000,45.1457939148
1997-01-06,74.4375000000,44.7512626648
1997-01-07,75.3437500000,45.2961158752
1997-01-08,74.6875000000,44.9015579224
1997-01-09,75.3125000000,45.2773208618
1997-01-10,76.1250000000,45.7657699585
1997-01-13,76.0156250000,45.7000083923
1997-01-14,76.9687500000,46.2730216980
1997-01-15,76.7812500000,46.1603012085
1997-01-16,77.0937500000,46.3481903076
1997-01-17,77.5625000000,46.6299934387
1997-01-20,77.6562500000,46.6863403320
1997-01-21,78.2812500000,47.0620994568
1997-01-22,78.8437500000,47.4002761841
1997-01-23,77.7500000000,46.7427177429
1997-01-24,76.7500000000,46.1414985657
1997-01-27,76.5312500000,46.0100135803
1997-01-28,76.7500000000,46.1414985657
1997-01-29,77.5000000000,46.5924110413
1997-01-30,78.5000000000,47.1936073303
1997-01-31,78.4062500000,47.1372528076
1997-02-03,78.6406250000,47.2781372070
1997-02-04,79.1250000000,47.5693588257
1997-02-05,77.6406250000,46.6769447327
1997-02-06,78.1562500000,46.9869766235
1997-02-07,79.2187500000,47.6257019043
1997-02-10,78.4687500000,47.1748466492
1997-02-11,79.3750000000,47.7196540833
1997-02-12,80.5000000000,48.3959846497
1997-02-13,81.3750000000,48.9220466614
1997-02-14,81.1875000000,48.8093299866
1997-02-18,81.8750000000,49.2226333618
1997-02-19,81.3281250000,48.8938369751
1997-02-20,80.3437500000,48.3020477295
1997-02-21,80.3750000000,48.3208618164
1997-02-24,81.3281250000,48.8938369751
1997-02-25,81.3906250000,48.9314537048
1997-02-26,80.5937500000,48.4523429871
1997-02-27,79.3906250000,47.7290267944
1997-02-28,79.1562500000,47.5881423950
1997-03-03,79.6875000000,47.9075355530
1997-03-04,79.2500000000,47.6444931030
1997-03-05,80.5937500000,48.4523429871
1997-03-06,80.1250000000,48.1705436707
1997-03-07,80.8437500000,48.6026458740
1997-03-10,81.6875000000,49.1098976135
1997-03-11,81.2500000000,48.8468704224
1997-03-12,80.5312500000,48.4147834778
1997-03-13,79.2812500000,47.6632919312
1997-03-14,79.6875000000,47.9075355530
1997-03-17,79.9062500000,48.0390357971
1997-03-18,79.0468750000,47.5223922729
1997-03-19,78.7812500000,47.3626747131
1997-03-20,78.3750000000,47.1184539795
1997-03-21,78.4375000000,47.3366241455
1997-03-24,79.5312500000,47.9966735840
1997-03-25,78.7500000000,47.5252227783
1997-03-26,79.0937500000,47.7326431274
1997-03-27,77.0000000000,46.4690933228
1997-03-31,75.3750000000,45.4884223938
1997-04-01,75.8593750000,45.7807235718
1997-04-02,74.5000000000,44.9603576660
1997-04-03,74.9062500000,45.2055435181
1997-04-04,75.8437500000,45.7713241577
1997-04-07,76.1406250000,45.9504508972
1997-04-08,76.6875000000,46.2804908752
1997-04-09,76.0625000000,45.9033279419
1997-04-10,75.7812500000,45.7335700989
1997-04-11,73.3750000000,44.2814521790
1997-04-14,74.3593750000,44.8755111694
1997-04-15,75.6250000000,45.6392860413
1997-04-16,76.5000000000,46.1673469543
1997-04-17,76.1875000000,45.9787559509
1997-04-18,76.5625000000,46.2050819397
1997-04-21,76.0625000000,45.9033279419
1997-04-22,77.7343750000,46.9122810364
1997-04-23,77.8125000000,46.9594268799
1997-04-24,77.4218750000,46.7237358093
1997-04-25,76.5312500000,46.1862106323
1997-04-28,77.2812500000,46.6388320923
1997-04-29,79.7187500000,48.1098213196
1997-04-30,80.0937500000,48.3361587524
1997-05-01,80.0000000000,48.2795906067
1997-05-02,81.4375000000,49.1471557617
1997-05-05,83.3750000000,50.3163986206
1997-05-06,83.3125000000,50.2786865234
1997-05-07,81.5000000000,49.1848335266
1997-05-08,82.0625000000,49.5243034363
1997-05-09,82.6250000000,49.8637695312
1997-05-12,84.0000000000,50.6935386658
1997-05-13,83.6562500000,50.4860992432
1997-05-14,83.8125000000,50.5804061890
1997-05-15,84.3750000000,50.9198608398
1997-05-16,83.2187500000,50.2220573425
1997-05-19,83.4687500000,50.3729400635
1997-05-20,84.4687500000,50.9764328003
1997-05-21,84.2812500000,50.8632926941
1997-05-22,84.0000000000,50.6935386658
1997-05-23,84.7812500000,51.1650466919
1997-05-27,85.1250000000,51.3724784851
1997-05-28,85.1093750000,51.3630714417
1997-05-29,84.6093750000,51.0612907410
1997-05-30,85.1562500000,51.3913612366
1997-06-02,84.7812500000,51.1650466919
1997-06-03,84.5000000000,50.9953041077
1997-06-04,84.4062500000,50.9387321472
1997-06-05,84.7187500000,51.1273040771
1997-06-06,86.3750000000,52.1268501282
1997-06-09,86.8125000000,52.3908882141
1997-06-10,87.0781250000,52.5511856079
1997-06-11,87.2812500000,52.6737937927
1997-06-12,88.9687500000,53.6921768188
1997-06-13,89.7187500000,54.1448059082
1997-06-16,89.7500000000,54.1636581421
1997-06-17,89.6250000000,54.0882339478
1997-06-18,89.3125000000,53.8996353149
1997-06-19,90.2343750000,54.4559555054
1997-06-20,89.5781250000,54.2704353333
1997-06-23,87.4062500000,52.9545860291
1997-06-24,89.6250000000,54.2988471985
1997-06-25,89.0000000000,53.9201774597
1997-06-26,88.5625000000,53.6551094055
1997-06-27,88.9062500000,53.8633956909
1997-06-30,88.3125000000,53.5036659241
1997-07-01,89.3437500000,54.1284446716
1997-07-02,90.8125000000,55.0182609558
1997-07-03,92.0625000000,55.7755622864
1997-07-07,91.1250000000,55.2076072693
1997-07-08,92.0781250000,55.7850189209
1997-07-09,91.0625000000,55.1697463989
1997-07-10,91.4687500000,55.4158630371
1997-07-11,91.7812500000,55.6051750183
1997-07-14,92.0625000000,55.7755622864
1997-07-15,92.5312500000,56.0595741272
1997-07-16,93.7500000000,56.7979354858
1997-07-17,93.2812500000,56.5139579773
1997-07-18,91.2968750000,55.3117485046
1997-07-21,91.3125000000,55.3211708069
1997-07-22,93.7343750000,56.7884712219
1997-07-23,93.6562500000,56.7411460876
1997-07-24,94.0937500000,57.0061912537
1997-07-25,94.0312500000,56.9683227539
1997-07-28,93.9687500000,56.9304809570
1997-07-29,94.2812500000,57.1198005676
1997-07-30,95.4062500000,57.8013648987
1997-07-31,95.3125000000,57.7445793152
1997-08-01,94.9375000000,57.5173988342
1997-08-04,95.1875000000,57.6688690186
1997-08-05,95.2500000000,57.7067070007
1997-08-06,96.0312500000,58.1800346375
1997-08-07,95.3125000000,57.7445793152
1997-08-08,93.3750000000,56.5707397461
1997-08-11,94.0625000000,56.9872550964
1997-08-12,92.5625000000,56.0784759521
1997-08-13,92.2812500000,55.9081115723
1997-08-14,92.6250000000,56.1163597107
1997-08-15,89.7812500000,54.3935165405
1997-08-18,91.7812500000,55.6051750183
1997-08-19,92.8437500000,56.2488861084
1997-08-20,94.2500000000,57.1008567810
1997-08-21,92.5937500000,56.0974578857
1997-08-22,92.5625000000,56.0784759521
1997-08-25,92.2187500000,55.8702278137
1997-08-26,90.8593750000,55.0466613770
1997-08-27,91.4062500000,55.3780059814
1997-08-28,90.0156250000,54.5354957581
1997-08-29,90.3750000000,54.7532234192
1997-09-02,93.3125000000,56.5329055786
1997-09-03,92.8125000000,56.2299728394
1997-09-04,93.4062500000,56.5896492004
1997-09-05,93.1406250000,56.4287605286
1997-09-08,93.5468750000,56.6748733521
1997-09-09,93.5937500000,56.7032852173
1997-09-10,91.6562500000,55.5294685364
1997-09-11,91.1875000000,55.2454528809
1997-09-12,92.6562500000,56.1352729797
1997-09-15,92.5000000000,56.0406227112
1997-09-16,94.8125000000,57.4416580200
1997-09-17,94.8125000000,57.4416580200
1997-09-18,95.2187500000,57.6878013611
1997-09-19,95.0312500000,57.7853584290
1997-09-22,95.5625000000,58.1083755493
1997-09-23,95.1250000000,57.8423233032
1997-09-24,94.3437500000,57.3673667908
1997-09-25,93.6875000000,56.9682693481
1997-09-26,94.4687500000,57.4433288574
1997-09-29,95.3750000000,57.9944114685
1997-09-30,94.3750000000,57.3863258362
1997-10-01,95.6250000000,58.1464080811
1997-10-02,96.1562500000,58.4694213867
1997-10-03,96.6406250000,58.7639732361
1997-10-06,97.2812500000,59.1535263062
1997-10-07,98.1875000000,59.7045745850
1997-10-08,97.5000000000,59.2865409851
1997-10-09,97.1562500000,59.0775184631
1997-10-10,96.8750000000,58.9064788818
1997-10-13,96.9687500000,58.9635162354
1997-10-14,97.0000000000,58.9824943542
1997-10-15,96.7812500000,58.8494873047
1997-10-16,95.2500000000,57.9183731079
1997-10-17,94.2812500000,57.3293113708
1997-10-20,95.6250000000,58.1464080811
1997-10-21,97.4843750000,59.2770042419
1997-10-22,96.8437500000,58.8875007629
1997-10-23,94.9375000000,57.7283706665
1997-10-24,94.0000000000,57.1583061218
1997-10-27,87.1875000000,53.0158386230
1997-10-28,92.2187500000,56.0751876831
1997-10-29,91.9687500000,55.9231834412
1997-10-30,89.9375000000,54.6880569458
1997-10-31,92.0625000000,55.9801635742
1997-11-03,94.0000000000,57.1583061218
1997-11-04,94.0000000000,57.1583061218
1997-11-05,94.3125000000,57.3483352661
1997-11-06,93.9531250000,57.1298141479
1997-11-07,92.9375000000,56.5122146606
1997-11-10,92.3750000000,56.1701965332
1997-11-11,92.4062500000,56.1891822815
1997-11-12,90.5000000000,55.0300369263
1997-11-13,91.8125000000,55.8281555176
1997-11-14,93.0625000000,56.5882301331
1997-11-17,94.7812500000,57.6333580017
1997-11-18,94.1875000000,57.2723121643
1997-11-19,94.6562500000,57.5573616028
1997-11-20,96.0937500000,58.4314384460
1997-11-21,96.7500000000,58.8304862976
1997-11-24,95.0000000000,57.7663383484
1997-11-25,95.2500000000,57.9183731079
1997-11-26,95.5312500000,58.0894241333
1997-11-28,95.6250000000,58.1464080811
1997-12-01,98.0937500000,59.6475601196
1997-12-02,97.5000000000,59.2865409851
1997-12-03,97.7812500000,59.4575614929
1997-12-04,97.6875000000,59.4005508423
1997-12-05,98.9375000000,60.1605987549
1997-12-08,98.6562500000,59.9896278381
1997-12-09,98.0625000000,59.6285743713
1997-12-10,97.2187500000,59.1154823303
1997-12-11,95.5625000000,58.1083755493
1997-12-12,95.7500000000,58.2224273682
1997-12-15,96.7187500000,58.8114700317
1997-12-16,97.3125000000,59.1725196838
1997-12-17,96.8125000000,58.8684844971
1997-12-18,95.8750000000,58.2984046936
1997-12-19,94.7812500000,57.8626899719
1997-12-22,95.3906250000,58.2347030640
1997-12-23,93.6875000000,57.1949539185
1997-12-24,93.4062500000,57.0233001709
1997-12-26,93.7812500000,57.2522163391
1997-12-29,95.6250000000,58.3777694702
1997-12-30,97.1250000000,59.2935104370
1997-12-31,97.0625000000,59.2553367615
1998-01-02,97.5625000000,59.5605964661
1998-01-05,97.7812500000,59.6941452026
1998-01-06,96.2187500000,58.7402458191
1998-01-07,96.4687500000,58.8928833008
1998-01-08,95.6250000000,58.3777694702
1998-01-09,92.3125000000,56.3555641174
1998-01-12,94.0000000000,57.3857498169
1998-01-13,95.3125000000,58.1870002747
1998-01-14,95.7500000000,58.4541130066
1998-01-15,94.9531250000,57.9676246643
1998-01-16,96.3125000000,58.7974891663
1998-01-20,97.8750000000,59.7513885498
1998-01-21,96.9375000000,59.1790580750
1998-01-22,96.0781250000,58.6543960571
1998-01-23,95.9375000000,58.5685653687
1998-01-26,95.8750000000,58.5303916931
1998-01-27,96.8437500000,59.1218376160
1998-01-28,97.7187500000,59.6559715271
1998-01-29,98.2500000000,59.9803161621
1998-01-30,98.3125000000,60.0184822083
1998-02-02,99.9375000000,61.0104789734
1998-02-03,100.6875000000,61.4684104919
1998-02-04,100.5625000000,61.3920669556
1998-02-05,100.5000000000,61.3539161682
1998-02-06,101.6250000000,62.0406990051
1998-02-09,101.2812500000,61.8308601379
1998-02-10,102.2500000000,62.4222412109
1998-02-11,102.1562500000,62.3650169373
1998-02-12,102.5937500000,62.6321144104
1998-02-13,102.0000000000,62.2696418762
1998-02-17,102.5000000000,62.5748748779
1998-02-18,103.4375000000,63.1472282410
1998-02-19,102.8906250000,62.8133544922
1998-02-20,103.6562500000,63.2807350159
1998-02-23,104.0625000000,63.5287551880
1998-02-24,103.2500000000,63.0327453613
1998-02-25,104.5312500000,63.8149108887
1998-02-26,105.1250000000,64.1774215698
1998-02-27,105.1250000000,64.1774215698
1998-03-02,104.9062500000,64.0438461304
1998-03-03,105.5000000000,64.4063262939
1998-03-04,104.8125000000,63.9866600037
1998-03-05,103.8437500000,63.3952331543
1998-03-06,105.9375000000,64.6734542847
1998-03-09,105.5625000000,64.4445037842
1998-03-10,106.5625000000,65.0550003052
1998-03-11,107.0625000000,65.3602066040
1998-03-12,107.5000000000,65.6273117065
1998-03-13,107.0937500000,65.3793258667
1998-03-16,108.2500000000,66.0851669312
1998-03-17,108.5625000000,66.2759552002
1998-03-18,108.9687500000,66.5239944458
1998-03-19,109.2500000000,66.6956710815
1998-03-20,109.8750000000,67.2699508667
1998-03-23,109.6250000000,67.1169204712
1998-03-24,110.5625000000,67.6908874512
1998-03-25,110.1562500000,67.4421005249
1998-03-26,110.0937500000,67.4038848877
1998-03-27,109.6250000000,67.1169204712
1998-03-30,109.5625000000,67.0786285400
1998-03-31,109.9375000000,67.3082275391
1998-04-01,110.8281250000,67.8535232544
1998-04-02,112.0312500000,68.5900955200
1998-04-03,112.5937500000,68.9344711304
1998-04-06,111.6875000000,68.3796081543
1998-04-07,110.9375000000,67.9204330444
1998-04-08,110.3125000000,67.5377883911
1998-04-09,111.1875000000,68.0735321045
1998-04-13,110.8750000000,67.8821716309
1998-04-14,111.8125000000,68.4561691284
1998-04-15,112.1250000000,68.6475067139
1998-04-16,110.8125000000,67.8439331055
1998-04-17,112.2812500000,68.7431640625
1998-04-20,112.2500000000,68.7240142822
1998-04-21,112.7812500000,69.0492858887
1998-04-22,113.0937500000,69.2406005859
1998-04-23,112.0000000000,68.5709533691
1998-04-24,110.8125000000,67.8439331055
1998-04-27,108.7187500000,66.5620574951
1998-04-28,108.5625000000,66.4664001465
1998-04-29,109.3125000000,66.9255599976
1998-04-30,111.3437500000,68.1691894531
1998-05-01,112.5937500000,68.9344711304
1998-05-04,112.3125000000,68.7622909546
1998-05-05,111.5312500000,68.2839889526
1998-05-06,110.2187500000,67.4804153442
1998-05-07,109.3437500000,66.9446792603
1998-05-08,111.1250000000,68.0352249146
1998-05-11,110.7500000000,67.8056869507
1998-05-12,111.9375000000,68.5327301025
1998-05-13,112.2187500000,68.7049026489
1998-05-14,111.6562500000,68.3604888916
1998-05-15,111.0312500000,67.9778518677
1998-05-18,110.5937500000,67.7099838257
1998-05-19,111.3437500000,68.1691894531
1998-05-20,112.4062500000,68.8196792603
1998-05-21,111.6875000000,68.3796081543
1998-05-22,111.2500000000,68.1117324829
1998-05-26,109.4687500000,67.0212097168
1998-05-27,109.6250000000,67.1169204712
1998-05-28,110.1250000000,67.4230194092
1998-05-29,109.0312500000,66.7533798218
1998-06-01,109.5312500000,67.0594940186
1998-06-02,109.6250000000,67.1169204712
1998-06-03,107.8750000000,66.0454711914
1998-06-04,109.8750000000,67.2699508667
1998-06-05,112.0000000000,68.5709533691
1998-06-08,111.8750000000,68.4944763184
1998-06-09,112.2187500000,68.7049026489
1998-06-10,111.5000000000,68.2648315430
1998-06-11,109.4062500000,66.9829483032
1998-06-12,110.4375000000,67.6143188477
1998-06-15,107.5312500000,65.8350067139
1998-06-16,109.1875000000,66.8490295410
1998-06-17,111.4687500000,68.2457275391
1998-06-18,110.9687500000,67.9396057129
1998-06-19,110.0625000000,67.5991973877
1998-06-22,110.5937500000,67.9254608154
1998-06-23,111.9062500000,68.7315902710
1998-06-24,113.4062500000,69.6529006958
1998-06-25,113.2187500000,69.5377426147
1998-06-26,113.6875000000,69.8256301880
1998-06-29,114.0937500000,70.0750808716
1998-06-30,113.3125000000,69.5952987671
1998-07-01,114.6250000000,70.4013977051
1998-07-02,114.8437500000,70.5357742310
1998-07-06,116.0000000000,71.2459487915
1998-07-07,115.7812500000,71.1116027832
1998-07-08,116.6250000000,71.6297836304
1998-07-09,115.8437500000,71.1499481201
1998-07-10,116.4687500000,71.5338134766
1998-07-13,116.5000000000,71.5530014038
1998-07-14,117.8125000000,72.3591461182
1998-07-15,117.5937500000,72.2248001099
1998-07-16,118.4062500000,72.7238311768
1998-07-17,118.5625000000,72.8197555542
1998-07-20,118.5625000000,72.8197555542
1998-07-21,116.5000000000,71.5530014038
1998-07-22,116.5000000000,71.5530014038
1998-07-23,114.1875000000,70.1326980591
1998-07-24,114.0937500000,70.0750808716
1998-07-27,114.9062500000,70.5741806030
1998-07-28,112.9687500000,69.3841705322
1998-07-29,112.5312500000,69.1154632568
1998-07-30,114.2187500000,70.1519088745
1998-07-31,111.7812500000,68.6548233032
1998-08-03,111.3125000000,68.3668899536
1998-08-04,107.0000000000,65.7182235718
1998-08-05,108.4687500000,66.6203079224
1998-08-06,108.9375000000,66.9082031250
1998-08-07,109.1250000000,67.0234069824
1998-08-10,108.5000000000,66.6394958496
1998-08-11,106.8750000000,65.6414871216
1998-08-12,108.6875000000,66.7546463013
1998-08-13,107.3750000000,65.9485778809
1998-08-14,106.1250000000,65.1808242798
1998-08-17,108.3750000000,66.5627136230
1998-08-18,110.3750000000,67.7911148071
1998-08-19,110.0937500000,67.6183929443
1998-08-20,109.4375000000,67.2152938843
1998-08-21,108.5625000000,66.6778717041
1998-08-24,109.2500000000,67.1001510620
1998-08-25,109.5000000000,67.2536849976
1998-08-26,108.8750000000,66.8698348999
1998-08-27,103.7500000000,63.7220916748
1998-08-28,103.3750000000,63.4918022156
1998-08-31,96.0000000000,58.9621505737
1998-09-01,100.0625000000,61.4573020935
1998-09-02,99.3437500000,61.0158500671
1998-09-03,98.5625000000,60.5360260010
1998-09-04,97.7500000000,60.0369949341
1998-09-08,103.0000000000,63.2615051270
1998-09-09,100.5000000000,61.7259979248
1998-09-10,98.5000000000,60.4976119995
1998-09-11,101.6875000000,62.4553413391
1998-09-14,103.4375000000,63.5301742554
1998-09-15,104.0625000000,63.9140319824
1998-09-16,105.0000000000,64.4898223877
1998-09-17,102.0000000000,62.6472740173
1998-09-18,102.0937500000,62.9263000488
1998-09-21,102.0312500000,62.8877830505
1998-09-22,102.8750000000,63.4079017639
1998-09-23,107.0000000000,65.9503326416
1998-09-24,104.3750000000,64.3323974609
1998-09-25,104.2500000000,64.2553024292
1998-09-28,105.1875000000,64.8331756592
1998-09-29,104.9375000000,64.6791000366
1998-09-30,101.7500000000,62.7144775391
1998-10-01,98.8125000000,60.9038963318
1998-10-02,100.7187500000,62.0788612366
1998-10-05,98.6875000000,60.8268470764
1998-10-06,98.5937500000,60.7690582275
1998-10-07,97.1250000000,59.8638076782
1998-10-08,96.5937500000,59.5363616943
1998-10-09,98.5312500000,60.7305908203
1998-10-12,99.9687500000,61.6165924072
1998-10-13,99.6250000000,61.4047012329
1998-10-14,100.5625000000,61.9825439453
1998-10-15,105.9687500000,65.3147354126
1998-10-16,106.0000000000,65.3340072632
1998-10-19,106.3750000000,65.5651016235
1998-10-20,107.0000000000,65.9503326416
1998-10-21,106.6250000000,65.7192001343
1998-10-22,108.2187500000,66.7015533447
1998-10-23,106.8437500000,65.8540191650
1998-10-26,107.6250000000,66.3355712891
1998-10-27,107.0000000000,65.9503326416
1998-10-28,106.8125000000,65.8347702026
1998-10-29,109.4062500000,67.4334335327
1998-10-30,110.0000000000,67.7994079590
1998-11-02,111.8750000000,68.9551162720
1998-11-03,111.0625000000,68.4543075562
1998-11-04,112.2500000000,69.1862182617
1998-11-05,113.7812500000,70.1299972534
1998-11-06,114.1250000000,70.3419113159
1998-11-09,113.3125000000,69.8411102295
1998-11-10,113.0000000000,69.6484909058
1998-11-11,112.2500000000,69.1862182617
1998-11-12,112.1250000000,69.1091690063
1998-11-13,113.2187500000,69.7833557129
1998-11-16,114.0625000000,70.3033599854
1998-11-17,114.0625000000,70.3033599854
1998-11-18,114.7500000000,70.7271118164
1998-11-19,115.7500000000,71.3434295654
1998-11-20,116.6250000000,71.8827819824
1998-11-23,119.3750000000,73.5777511597
1998-11-24,118.6250000000,73.1154861450
1998-11-25,118.6250000000,73.1154861450
1998-11-27,119.5000000000,73.6548080444
1998-11-30,116.1250000000,71.5746002197
1998-12-01,117.6250000000,72.4991302490
1998-12-02,117.2812500000,72.2872543335
1998-12-03,115.3437500000,71.0930862427
1998-12-04,118.3750000000,72.9614105225
1998-12-07,118.9375000000,73.3081207275
1998-12-08,118.4062500000,72.9806671143
1998-12-09,118.6250000000,73.1154861450
1998-12-10,116.8906250000,72.0465011597
1998-12-11,117.1250000000,72.1909408569
1998-12-14,113.7500000000,70.1107559204
1998-12-15,116.6875000000,71.9213027954
1998-12-16,116.5312500000,71.8249893188
1998-12-17,118.3906250000,72.9710617065
1998-12-18,118.5000000000,73.2810897827
1998-12-21,120.1562500000,74.3053741455
1998-12-22,120.6875000000,74.6338348389
1998-12-23,123.2187500000,76.1991806030
1998-12-24,122.6875000000,75.8706817627
1998-12-28,122.3750000000,75.6774368286
1998-12-29,124.3125000000,76.8755798340
1998-12-30,123.3125000000,76.2571716309
1998-12-31,123.3125000000,76.2571716309
1999-01-04,123.0312500000,76.0832290649
1999-01-05,124.4375000000,76.9529037476
1999-01-06,127.4375000000,78.8081359863
1999-01-07,126.8125000000,78.4215927124
1999-01-08,127.7500000000,79.0013580322
1999-01-11,126.5312500000,78.2476654053
1999-01-12,124.2500000000,76.8369293213
1999-01-13,123.3750000000,76.2958068848
1999-01-14,121.2187500000,74.9623870850
1999-01-15,124.3750000000,76.9142456055
1999-01-19,125.1875000000,77.4166793823
1999-01-20,126.1875000000,78.0350723267
1999-01-21,122.8437500000,75.9673004150
1999-01-22,122.5625000000,75.7933807373
1999-01-25,123.8125000000,76.5663986206
1999-01-26,126.0625000000,77.9578018188
1999-01-27,124.5937500000,77.0495147705
1999-01-28,126.6875000000,78.3443069458
1999-01-29,127.6562500000,78.9434051514
1999-02-01,126.9062500000,78.4795684814
1999-02-02,126.1250000000,77.9964523315
1999-02-03,127.4062500000,78.7887878418
1999-02-04,125.5000000000,77.6099624634
1999-02-05,124.0625000000,76.7209930420
1999-02-08,124.3125000000,76.8755798340
1999-02-09,121.5312500000,75.1556396484
1999-02-10,122.3125000000,75.6387786865
1999-02-11,125.1250000000,77.3780746460
1999-02-12,123.6250000000,76.4504470825
1999-02-16,122.8750000000,75.9866256714
1999-02-17,122.7500000000,75.9093475342
1999-02-18,123.7187500000,76.5083847046
1999-02-19,124.2500000000,76.8369293213
1999-02-22,127.5625000000,78.8853912354
1999-02-23,127.5000000000,78.8467559814
1999-02-24,125.2500000000,77.4553451538
1999-02-25,124.0625000000,76.7209930420
1999-02-26,123.5625000000,76.4118041992
1999-03-01,123.9062500000,76.6243743896
1999-03-02,122.8125000000,75.9479904175
1999-03-03,123.4687500000,76.3538208008
1999-03-04,125.0312500000,77.3200988770
1999-03-05,127.5468750000,78.8757324219
1999-03-08,128.3750000000,79.3878402710
1999-03-09,128.0625000000,79.1945953369
1999-03-10,129.1875000000,79.8903121948
1999-03-11,130.6250000000,80.7792358398
1999-03-12,129.3750000000,80.0062561035
1999-03-15,131.2187500000,81.1464614868
1999-03-16,130.7187500000,80.8372650146
1999-03-17,130.1562500000,80.4893951416
1999-03-18,132.2500000000,81.7841949463
1999-03-19,129.6875000000,80.3940658569
1999-03-22,129.9375000000,80.5490112305
1999-03-23,126.1875000000,78.2243804932
1999-03-24,126.9062500000,78.6699295044
1999-03-25,129.5000000000,80.2778396606
1999-03-26,128.5625000000,79.6966552734
1999-03-29,131.1562500000,81.3045501709
1999-03-30,130.4687500000,80.8783187866
1999-03-31,128.3750000000,79.5804138184
1999-04-01,129.3437500000,80.1809539795
1999-04-05,132.4062500000,82.0794219971
1999-04-06,132.0937500000,81.8856811523
1999-04-07,133.1562500000,82.5443649292
1999-04-08,134.8437500000,83.5904541016
1999-04-09,134.8750000000,83.6098022461
1999-04-12,136.3125000000,84.5009078979
1999-04-13,135.4375000000,83.9585037231
1999-04-14,133.1562500000,82.5443649292
1999-04-15,132.6562500000,82.2344055176
1999-04-16,131.5312500000,81.5369949341
1999-04-19,129.5000000000,80.2778396606
1999-04-20,131.1250000000,81.2851181030
1999-04-21,134.8750000000,83.6098022461
1999-04-22,136.1562500000,84.4040832520
1999-04-23,135.8125000000,84.1909637451
1999-04-26,136.5937500000,84.6753158569
1999-04-27,137.2500000000,85.0820388794
1999-04-28,135.3750000000,83.9197769165
1999-04-29,134.3437500000,83.2804718018
1999-04-30,133.2500000000,82.6024475098
1999-05-03,135.6875000000,84.1135025024
1999-05-04,133.7500000000,82.9123992920
1999-05-05,134.8125000000,83.5710983276
1999-05-06,133.9843750000,83.0577011108
1999-05-07,135.0000000000,83.6872711182
1999-05-10,134.3281250000,83.2707977295
1999-05-11,135.6875000000,84.1135025024
1999-05-12,136.7500000000,84.7721099854
1999-05-13,137.3437500000,85.1401824951
1999-05-14,133.7812500000,82.9317855835
1999-05-17,134.1875000000,83.1836166382
1999-05-18,133.9375000000,83.0286865234
1999-05-19,134.9062500000,83.6292266846
1999-05-20,134.0937500000,83.1255035400
1999-05-21,133.3437500000,82.6605758667
1999-05-24,131.1250000000,81.2851181030
1999-05-25,129.0000000000,79.9678421021
1999-05-26,130.4375000000,80.8589935303
1999-05-27,128.5625000000,79.6966552734
1999-05-28,130.2031250000,80.7136764526
1999-06-01,129.7500000000,80.4327621460
1999-06-02,129.8750000000,80.5102920532
1999-06-03,130.5937500000,80.9558334351
1999-06-04,133.2187500000,82.5830688477
1999-06-07,133.5625000000,82.7961730957
1999-06-08,132.2500000000,81.9826049805
1999-06-09,132.1250000000,81.9050750732
1999-06-10,130.9062500000,81.1495513916
1999-06-11,129.8125000000,80.4715194702
1999-06-14,129.9375000000,80.5490112305
1999-06-15,130.8125000000,81.0914688110
1999-06-16,133.3125000000,82.6411972046
1999-06-17,134.5625000000,83.4160995483
1999-06-18,134.3125000000,83.5124893188
1999-06-21,134.6250000000,83.7067337036
1999-06-22,133.6875000000,83.1238555908
1999-06-23,133.0312500000,82.7158203125
1999-06-24,132.0312500000,82.0940246582
1999-06-25,131.7031250000,81.8899154663
1999-06-28,133.3125000000,82.8907089233
1999-06-29,134.5625000000,83.6679077148
1999-06-30,137.0000000000,85.1834640503
1999-07-01,138.0312500000,85.8246994019
1999-07-02,139.4062500000,86.6796493530
1999-07-06,139.3750000000,86.6602020264
1999-07-07,139.5625000000,86.7767868042
1999-07-08,139.6718750000,86.8448104858
1999-07-09,140.5000000000,87.3597030640
1999-07-12,139.8750000000,86.9711074829
1999-07-13,139.3750000000,86.6602020264
1999-07-14,140.1562500000,87.1459197998
1999-07-15,141.0468750000,87.6997375488
1999-07-16,141.8125000000,88.1758041382
1999-07-19,140.8750000000,87.5928726196
1999-07-20,137.9843750000,85.7955169678
1999-07-21,137.8281250000,85.6983871460
1999-07-22,136.0156250000,84.5713958740
1999-07-23,135.7500000000,84.4063186646
1999-07-26,134.7500000000,83.7844924927
1999-07-27,135.8750000000,84.4839935303
1999-07-28,136.3125000000,84.7560119629
1999-07-29,134.4062500000,83.5707168579
1999-07-30,132.7500000000,82.5409164429
1999-08-02,133.0625000000,82.7352676392
1999-08-03,132.4375000000,82.3466186523
1999-08-04,130.6250000000,81.2196655273
1999-08-05,131.8125000000,81.9580078125
1999-08-06,130.3750000000,81.0641937256
1999-08-09,130.0937500000,80.8893508911
1999-08-10,128.6562500000,79.9955215454
1999-08-11,130.2187500000,80.9670715332
1999-08-12,130.1406250000,80.9184799194
1999-08-13,133.1562500000,82.7935485840
1999-08-16,133.7500000000,83.1626815796
1999-08-17,134.6250000000,83.7067337036
1999-08-18,133.6562500000,83.1044235229
1999-08-19,132.5625000000,82.4243698120
1999-08-20,133.9062500000,83.2598342896
1999-08-23,136.4687500000,84.8531875610
1999-08-24,136.9687500000,85.1640625000
1999-08-25,138.3750000000,86.0384216309
1999-08-26,136.7187500000,85.0086364746
1999-08-27,135.0625000000,83.9787902832
1999-08-30,132.5625000000,82.4243698120
1999-08-31,132.0625000000,82.1135330200
1999-09-01,133.6875000000,83.1238555908
1999-09-02,132.1093750000,82.1426086426
1999-09-03,135.9687500000,84.5422744751
1999-09-07,135.4687500000,84.2314071655
1999-09-08,134.8125000000,83.8233489990
1999-09-09,134.7500000000,83.7844924927
1999-09-10,135.8750000000,84.4839935303
1999-09-13,134.9531250000,83.9107894897
1999-09-14,134.0625000000,83.3570251465
1999-09-15,131.9375000000,82.0357437134
1999-09-16,132.4531250000,82.3563232422
1999-09-17,133.7500000000,83.3969345093
1999-09-20,133.5625000000,83.2800369263
1999-09-21,130.7500000000,81.5263366699
1999-09-22,130.6093750000,81.4386367798
1999-09-23,127.8750000000,79.7337112427
1999-09-24,127.7500000000,79.6557617188
1999-09-27,128.5937500000,80.1818771362
1999-09-28,128.3437500000,80.0259704590
1999-09-29,126.8125000000,79.0711822510
1999-09-30,128.7500000000,80.2792739868
1999-10-01,128.4687500000,80.1039352417
1999-10-04,130.7500000000,81.5263366699
1999-10-05,130.6250000000,81.4483871460
1999-10-06,132.6250000000,82.6954727173
1999-10-07,131.8750000000,82.2278289795
1999-10-08,133.8750000000,83.4748535156
1999-10-11,133.6562500000,83.3384857178
1999-10-12,131.5937500000,82.0524291992
1999-10-13,128.1875000000,79.9285583496
1999-10-14,128.1562500000,79.9090499878
1999-10-15,124.8750000000,77.8631210327
1999-10-18,125.7812500000,78.4282150269
1999-10-19,127.0000000000,79.1881027222
1999-10-20,128.2500000000,79.9675521851
1999-10-21,129.0000000000,80.4351806641
1999-10-22,130.0937500000,81.1171417236
1999-10-25,129.4375000000,80.7079849243
1999-10-26,127.8125000000,79.6947174072
1999-10-27,130.1250000000,81.1366577148
1999-10-28,134.5625000000,83.9035263062
1999-10-29,137.0000000000,85.4233932495
1999-11-01,135.5625000000,84.5270843506
1999-11-02,134.5937500000,83.9230575562
1999-11-03,135.5000000000,84.4881057739
1999-11-04,136.5312500000,85.1311569214
1999-11-05,137.8750000000,85.9689865112
1999-11-08,138.0000000000,86.0469512939
1999-11-09,136.7031250000,85.2382659912
1999-11-10,137.7187500000,85.8715515137
1999-11-11,138.5000000000,86.3587341309
1999-11-12,139.7500000000,87.1380538940
1999-11-15,140.0781250000,87.3427200317
1999-11-16,141.2500000000,88.0733871460
1999-11-17,141.6250000000,88.3072052002
1999-11-18,142.6250000000,88.9306793213
1999-11-19,142.5000000000,88.8527755737
1999-11-22,142.4687500000,88.8333511353
1999-11-23,141.2187500000,88.0539398193
1999-11-24,141.9687500000,88.5215148926
1999-11-26,141.4375000000,88.1902999878
1999-11-29,140.9375000000,87.8785476685
1999-11-30,139.2812500000,86.8457946777
1999-12-01,140.4062500000,87.5472946167
1999-12-02,141.2500000000,88.0733871460
1999-12-03,143.8437500000,89.6906890869
1999-12-06,142.7812500000,89.0281372070
1999-12-07,141.6250000000,88.3072052002
1999-12-08,140.7187500000,87.7421188354
1999-12-09,141.4062500000,88.1708221436
1999-12-10,141.8750000000,88.4630737305
1999-12-13,142.1250000000,88.6189422607
1999-12-14,140.7500000000,87.7616577148
1999-12-15,141.5000000000,88.2292785645
1999-12-16,142.1250000000,88.6189422607
1999-12-17,142.6875000000,89.1880798340
1999-12-20,141.6562500000,88.5435180664
1999-12-21,143.8125000000,89.8912658691
1999-12-22,144.1875000000,90.1257247925
1999-12-23,146.4843750000,91.5613479614
1999-12-27,146.2812500000,91.4343948364
1999-12-28,146.1875000000,91.3757934570
1999-12-29,146.8125000000,91.7665100098
1999-12-30,146.6406250000,91.6590881348
1999-12-31,146.8750000000,91.8055191040
2000-01-03,145.4375000000,90.9070129395
2000-01-04,139.7500000000,87.3519897461
2000-01-05,140.0000000000,87.5082321167
2000-01-06,137.7500000000,86.1018753052
2000-01-07,145.7500000000,91.1023864746
2000-01-10,146.2500000000,91.4148635864
2000-01-11,144.5000000000,90.3210372925
2000-01-12,143.0625000000,89.4224777222
2000-01-13,145.0000000000,90.6335144043
2000-01-14,146.9687500000,91.8641433716
2000-01-18,145.8125000000,91.1413726807
2000-01-19,147.0000000000,91.8836746216
2000-01-20,144.7500000000,90.4772644043
2000-01-21,144.4375000000,90.2819747925
2000-01-24,140.3437500000,87.7230911255
2000-01-25,141.9375000000,88.7192993164
2000-01-26,140.8125000000,88.0161437988
2000-01-27,140.2500000000,87.6645278931
2000-01-28,135.8750000000,84.9299011230
2000-01-31,139.5625000000,87.2347488403
2000-02-01,140.9375000000,88.0942230225
2000-02-02,141.0625000000,88.1723785400
2000-02-03,143.1875000000,89.5006408691
2000-02-04,142.5937500000,89.1295242310
2000-02-07,142.3750000000,88.9927825928
2000-02-08,144.3125000000,90.2038040161
2000-02-09,141.2812500000,88.3091354370
2000-02-10,141.5625000000,88.4849319458
2000-02-11,138.6875000000,86.6878585815
2000-02-14,139.5000000000,87.1957015991
2000-02-15,141.0781250000,88.1820831299
2000-02-16,139.0000000000,86.8831481934
2000-02-17,138.2812500000,86.4339447021
2000-02-18,135.3125000000,84.5782699585
2000-02-22,134.9687500000,84.3634567261
2000-02-23,136.5625000000,85.3596115112
2000-02-24,133.8125000000,83.6407318115
2000-02-25,133.3281250000,83.3379287720
2000-02-28,136.1250000000,85.0861434937
2000-02-29,137.4375000000,85.9065704346
2000-03-01,138.4375000000,86.5316085815
2000-03-02,138.5312500000,86.5901718140
2000-03-03,141.1250000000,88.2114410400
2000-03-06,139.7500000000,87.3519897461
2000-03-07,137.0468750000,85.6623611450
2000-03-08,136.8750000000,85.5549545288
2000-03-09,140.8750000000,88.0551605225
2000-03-10,140.1250000000,87.5863952637
2000-03-13,138.5937500000,86.6292648315
2000-03-14,136.6250000000,85.3986816406
2000-03-15,139.8125000000,87.3910446167
2000-03-16,146.3437500000,91.4734802246
2000-03-17,146.9375000000,92.0780410767
2000-03-20,146.1875000000,91.6080474854
2000-03-21,149.1875000000,93.4879760742
2000-03-22,150.0937500000,94.0558776855
2000-03-23,152.6562500000,95.6616821289
2000-03-24,153.5625000000,96.2295761108
2000-03-27,151.9375000000,95.2112350464
2000-03-28,151.0625000000,94.6629714966
2000-03-29,151.2187500000,94.7608947754
2000-03-30,148.6875000000,93.1746292114
2000-03-31,150.3750000000,94.2321243286
2000-04-03,151.2500000000,94.7804489136
2000-04-04,150.1250000000,94.0754699707
2000-04-05,149.1875000000,93.4879760742
2000-04-06,150.4843750000,94.3006896973
2000-04-07,151.4375000000,94.8979949951
2000-04-10,150.8437500000,94.5258102417
2000-04-11,150.4062500000,94.2517089844
2000-04-12,146.2812500000,91.6667785645
2000-04-13,144.2500000000,90.3939132690
2000-04-14,136.0000000000,85.2241210938
2000-04-17,140.7500000000,88.2006988525
2000-04-18,144.4687500000,90.5309677124
2000-04-19,143.1250000000,89.6889343262
2000-04-20,143.8125000000,90.1197357178
2000-04-24,142.2500000000,89.1406250000
2000-04-25,148.1562500000,92.8417663574
2000-04-26,146.4843750000,91.7940826416
2000-04-27,146.0000000000,91.4905700684
2000-04-28,145.0937500000,90.9226226807
2000-05-01,147.0625000000,92.1563034058
2000-05-02,144.1250000000,90.3155517578
2000-05-03,140.7500000000,88.2006988525
2000-05-04,141.8125000000,88.8664855957
2000-05-05,143.5312500000,89.9434890747
2000-05-08,142.4531250000,89.2678680420
2000-05-09,141.3125000000,88.5531692505
2000-05-10,138.1250000000,86.5556945801
2000-05-11,141.2812500000,88.5335540771
2000-05-12,142.8125000000,89.4931030273
2000-05-15,145.2812500000,91.0401306152
2000-05-16,146.6875000000,91.9213562012
2000-05-17,145.1562500000,90.9617919922
2000-05-18,143.3750000000,89.8455505371
2000-05-19,141.1250000000,88.4356536865
2000-05-22,140.0625000000,87.7698516846
2000-05-23,138.0000000000,86.4774017334
2000-05-24,140.2500000000,87.8873443604
2000-05-25,137.8437500000,86.3794403076
2000-05-26,138.0000000000,86.4774017334
2000-05-30,142.5000000000,89.2972564697
2000-05-31,142.8125000000,89.4931030273
2000-06-01,145.3125000000,91.0597076416
2000-06-02,147.8437500000,92.6459426880
2000-06-05,147.1250000000,92.1955184937
2000-06-06,146.4687500000,91.7842559814
2000-06-07,147.4843750000,92.4207382202
2000-06-08,146.9062500000,92.0584182739
2000-06-09,146.5937500000,91.8625946045
2000-06-12,144.8750000000,90.7855758667
2000-06-13,147.5937500000,92.4892807007
2000-06-14,147.8437500000,92.6459426880
2000-06-15,148.1562500000,92.8417663574
2000-06-16,146.5937500000,92.0788879395
2000-06-19,148.4687500000,93.2566680908
2000-06-20,147.9375000000,92.9229583740
2000-06-21,147.8750000000,92.8836517334
2000-06-22,145.6250000000,91.4704055786
2000-06-23,144.3750000000,90.6852416992
2000-06-26,146.2343750000,91.8531417847
2000-06-27,145.1562500000,91.1760025024
2000-06-28,145.5625000000,91.4311218262
2000-06-29,144.1875000000,90.5674819946
2000-06-30,145.2812500000,91.2545013428
2000-07-03,147.2812500000,92.5107192993
2000-07-05,144.6250000000,90.8422698975
2000-07-06,145.7500000000,91.5488967896
2000-07-07,148.0937500000,93.0210723877
2000-07-10,147.8437500000,92.8640899658
2000-07-11,148.1562500000,93.0603179932
2000-07-12,149.1250000000,93.6688232422
2000-07-13,149.7812500000,94.0810699463
2000-07-14,151.2500000000,95.0035858154
2000-07-17,151.0000000000,94.8466262817
2000-07-18,149.7656250000,94.0712661743
2000-07-19,148.5625000000,93.3155212402
2000-07-20,150.6250000000,94.6110382080
2000-07-21,147.6875000000,92.7659072876
2000-07-24,146.8437500000,92.2359390259
2000-07-25,147.3125000000,92.5303649902
2000-07-26,145.8750000000,91.6274642944
2000-07-27,145.3750000000,91.3133544922
2000-07-28,142.0937500000,89.2523574829
2000-07-31,143.0000000000,89.8215942383
2000-08-01,143.8750000000,90.3711700439
2000-08-02,144.5937500000,90.8226470947
2000-08-03,145.5937500000,91.4507598877
2000-08-04,146.3750000000,91.9414825439
2000-08-07,148.1250000000,93.0407485962
2000-08-08,148.6875000000,93.3940734863
2000-08-09,147.4375000000,92.6088790894
2000-08-10,146.7187500000,92.1574554443
2000-08-11,147.4062500000,92.5892486572
2000-08-14,149.2812500000,93.7669601440
2000-08-15,149.1562500000,93.6884689331
2000-08-16,148.6250000000,93.3547668457
2000-08-17,150.1875000000,94.3361968994
2000-08-18,149.6875000000,94.0221176147
2000-08-21,150.5000000000,94.5325317383
2000-08-22,150.2500000000,94.3755035400
2000-08-23,150.8437500000,94.7483901978
2000-08-24,151.3125000000,95.0428619385
2000-08-25,151.2500000000,95.0035858154
2000-08-28,151.7656250000,95.3274536133
2000-08-29,151.7968750000,95.3470993042
2000-08-30,150.3437500000,94.4343719482
2000-08-31,152.3437500000,95.6905899048
2000-09-01,152.5000000000,95.7887496948
2000-09-05,151.2812500000,95.0232315063
2000-09-06,149.5625000000,93.9435882568
2000-09-07,150.8437500000,94.7483901978
2000-09-08,149.8125000000,94.1006927490
2000-09-11,149.5937500000,93.9632492065
2000-09-12,148.5000000000,93.2762985229
2000-09-13,148.8906250000,93.5216522217
2000-09-14,149.6406250000,93.9927215576
2000-09-15,146.0000000000,91.9363021851
2000-09-18,144.6562500000,91.0902557373
2000-09-19,145.9687500000,91.9166336060
2000-09-20,144.8906250000,91.2377624512
2000-09-21,142.6875000000,89.8504714966
2000-09-22,145.2812500000,91.4837646484
2000-09-25,144.2500000000,90.8344192505
2000-09-26,142.4062500000,89.6733474731
2000-09-27,143.1562500000,90.1456680298
2000-09-28,145.0000000000,91.3066482544
2000-09-29,143.6250000000,90.4408035278
2000-10-02,143.8437500000,90.5785751343
2000-10-03,142.5000000000,89.7323684692
2000-10-04,143.6875000000,90.4801940918
2000-10-05,144.1875000000,90.7950210571
2000-10-06,141.0625000000,88.8272323608
2000-10-09,140.0000000000,88.1581497192
2000-10-10,137.6875000000,86.7019653320
2000-10-11,136.5312500000,85.9738616943
2000-10-12,133.1250000000,83.8289642334
2000-10-13,137.5625000000,86.6232528687
2000-10-16,138.1875000000,87.0168304443
2000-10-17,134.7500000000,84.8522338867
2000-10-18,134.2500000000,84.5373458862
2000-10-19,139.3125000000,87.7251815796
2000-10-20,139.9062500000,88.0991058350
2000-10-23,140.5312500000,88.4926300049
2000-10-24,139.5937500000,87.9023590088
2000-10-25,136.3125000000,85.8361282349
2000-10-26,136.6875000000,86.0722503662
2000-10-27,139.2812500000,87.7055435181
2000-10-30,140.5312500000,88.4926300049
2000-10-31,142.9531250000,90.0177383423
2000-11-01,142.4687500000,89.7126998901
2000-11-02,142.7031250000,89.8602981567
2000-11-03,142.7812500000,89.9095077515
2000-11-06,143.7812500000,90.5392379761
2000-11-07,143.7500000000,90.5195007324
2000-11-08,140.5625000000,88.5123519897
2000-11-09,140.0312500000,88.1778030396
2000-11-10,136.6250000000,86.0329284668
2000-11-13,135.5625000000,85.3638458252
2000-11-14,139.1250000000,87.6071472168
2000-11-15,139.5625000000,87.8826217651
2000-11-16,137.3750000000,86.5051574707
2000-11-17,136.6406250000,86.0427246094
2000-11-20,134.6875000000,84.8128814697
2000-11-21,135.3750000000,85.2457962036
2000-11-22,132.1406250000,83.2090682983
2000-11-24,134.8437500000,84.9112625122
2000-11-27,136.0312500000,85.6590118408
2000-11-28,133.6875000000,84.1831512451
2000-11-29,133.4375000000,84.0257263184
2000-11-30,132.2812500000,83.2976455688
2000-12-01,132.2187500000,83.2582855225
2000-12-04,133.3437500000,83.9666519165
2000-12-05,137.7187500000,86.7216491699
2000-12-06,135.5156250000,85.3343505859
2000-12-07,133.6562500000,84.1634826660
2000-12-08,133.9687500000,84.3602676392
2000-12-11,138.6250000000,87.2923355103
2000-12-12,138.0312500000,86.9184188843
2000-12-13,136.1406250000,85.7278518677
2000-12-14,134.4062500000,84.6357727051
2000-12-15,130.9687500000,82.7241210938
2000-12-18,132.7187500000,83.8294601440
2000-12-19,130.0156250000,82.1220779419
2000-12-20,126.2500000000,79.7435760498
2000-12-21,127.1250000000,80.2962951660
2000-12-22,130.9375000000,82.7043991089
2000-12-26,132.3437500000,83.5926132202
2000-12-27,133.3125000000,84.2045211792
2000-12-28,133.7187500000,84.4610900879
2000-12-29,131.1875000000,82.8622894287
2001-01-02,128.8125000000,81.3621520996
2001-01-03,135.0000000000,85.2703399658
2001-01-04,133.5468750000,84.3525619507
2001-01-05,129.1875000000,81.5990219116
2001-01-08,130.1875000000,82.2306747437
2001-01-09,129.8437500000,82.0135574341
2001-01-10,132.1250000000,83.4544372559
2001-01-11,132.2500000000,83.5334014893
2001-01-12,132.0000000000,83.3755035400
2001-01-16,132.8437500000,83.9084243774
2001-01-17,133.4531250000,84.2933349609
2001-01-18,134.7812500000,85.1322250366
2001-01-19,134.0156250000,84.6486129761
2001-01-22,134.9062500000,85.2111968994
2001-01-23,135.9687500000,85.8822937012
2001-01-24,136.3750000000,86.1388778687
2001-01-25,136.0312500000,85.9217453003
2001-01-26,135.8750000000,85.8230590820
2001-01-29,136.6000061035,86.2809906006
2001-01-30,137.8000030518,87.0389404297
2001-01-31,137.0200042725,86.5462570190
2001-02-01,137.9299926758,87.1210632324
2001-02-02,134.8000030518,85.1440429688
2001-02-05,135.7899932861,85.7693710327
2001-02-06,135.3899993896,85.5167236328
2001-02-07,134.6900024414,85.0745468140
2001-02-08,133.1199951172,84.0828781128
2001-02-09,131.8399963379,83.2744140625
2001-02-12,133.3500061035,84.2282257080
2001-02-13,132.2599945068,83.5397186279
2001-02-14,132.0599975586,83.4134140015
2001-02-15,133.3399963379,84.2218933105
2001-02-16,130.3999938965,82.3648681641
2001-02-20,128.3899993896,81.0953140259
2001-02-21,125.6200027466,79.3456878662
2001-02-22,125.8099975586,79.4656906128
2001-02-23,124.9599990845,78.9287948608
2001-02-26,127.6200027466,80.6089477539
2001-02-27,126.4400024414,79.8636093140
2001-02-28,123.9499969482,78.2908325195
2001-03-01,124.5999984741,78.7014083862
2001-03-02,123.6100006104,78.0760879517
2001-03-05,124.7399978638,78.7898178101
2001-03-06,126.0800018311,79.6362762451
2001-03-07,126.9800033569,80.2047042847
2001-03-08,127.1200027466,80.2931213379
2001-03-09,123.3600006104,77.9181518555
2001-03-12,118.0800018311,74.5831832886
2001-03-13,120.0199966431,75.8085250854
2001-03-14,117.6500015259,74.3115768433
2001-03-15,117.6800003052,74.3304977417
2001-03-16,115.0100021362,72.8396301270
2001-03-19,117.3499984741,74.3216629028
2001-03-20,114.1999969482,72.3266143799
2001-03-21,112.2600021362,71.0979537964
2001-03-22,111.1200027466,70.3759765625
2001-03-23,114.4800033569,72.5039749146
2001-03-26,115.9400024414,73.4286270142
2001-03-27,118.3099975586,74.9296188354
2001-03-28,115.0400009155,72.8586425781
2001-03-29,115.4800033569,73.1372833252
2001-03-30,116.6900024414,73.9036483765
2001-04-02,114.1999969482,72.3266143799
2001-04-03,110.3899993896,69.9136276245
2001-04-04,110.8499984741,70.2049865723
2001-04-05,115.0500030518,72.8649902344
2001-04-06,113.3000030518,71.7566680908
2001-04-09,114.5599975586,72.5546417236
2001-04-10,116.6500015259,73.8783111572
2001-04-11,116.7300033569,73.9289855957
2001-04-12,118.8499984741,75.2716445923
2001-04-16,117.5999984741,74.4799346924
2001-04-17,119.2600021362,75.5313034058
2001-04-18,124.0000000000,78.5332946777
2001-04-19,125.6500015259,79.5783157349
2001-04-20,124.5000000000,78.8499679565
2001-04-23,122.2399978638,77.4186553955
2001-04-24,121.5800018311,77.0006408691
2001-04-25,123.1699981689,78.0076141357
2001-04-26,123.7200012207,78.3559722900
2001-04-27,125.7799987793,79.6606521606
2001-04-30,126.6600036621,80.2179565430
2001-05-01,127.0500030518,80.4649353027
2001-05-02,126.8199996948,80.3193283081
2001-05-03,125.2099990845,79.2996444702
2001-05-04,127.3399963379,80.6486358643
2001-05-07,126.2399978638,79.9519500732
2001-05-08,126.1800003052,79.9139556885
2001-05-09,125.6500015259,79.5783157349
2001-05-10,126.0199966431,79.8126144409
2001-05-11,125.1500015259,79.2616348267
2001-05-14,125.4000015259,79.4199752808
2001-05-15,125.9800033569,79.7873229980
2001-05-16,128.9499969482,81.6682891846
2001-05-17,129.1499938965,81.7949829102
2001-05-18,129.7400054932,82.1686172485
2001-05-21,131.6499938965,83.3783187866
2001-05-22,131.4799957275,83.2706527710
2001-05-23,129.2500000000,81.8583145142
2001-05-24,129.6300048828,82.0989990234
2001-05-25,128.1000061035,81.1299819946
2001-05-29,127.0800018311,80.4839630127
2001-05-30,125.3000030518,79.3566513062
2001-05-31,125.9499969482,79.7682876587
2001-06-01,126.7300033569,80.2623214722
2001-06-04,127.3399963379,80.6486358643
2001-06-05,128.8000030518,81.5733337402
2001-06-06,127.7300033569,80.8956222534
2001-06-07,128.1900024414,81.1869888306
2001-06-08,127.0000000000,80.4333114624
2001-06-11,126.0999984741,79.8633041382
2001-06-12,125.8799972534,79.7239456177
2001-06-13,124.8000030518,79.0399551392
2001-06-14,122.0000000000,77.2666625977
2001-06-15,121.8499984741,77.3911361694
2001-06-18,121.2600021362,77.0163803101
2001-06-19,121.7900009155,77.3530044556
2001-06-20,122.4300003052,77.7594757080
2001-06-21,123.8199996948,78.6423416138
2001-06-22,122.8499984741,78.0262527466
2001-06-25,121.7200012207,77.3085784912
2001-06-26,121.5500030518,77.2005844116
2001-06-27,121.4800033569,77.1561279297
2001-06-28,122.1500015259,77.5816497803
2001-06-29,122.5999984741,77.8674926758
2001-07-02,124.1299972534,78.8392105103
2001-07-03,124.0999984741,78.8201751709
2001-07-05,121.6800003052,77.2831573486
2001-07-06,119.0500030518,75.6127624512
2001-07-09,119.6999969482,76.0255661011
2001-07-10,118.2600021362,75.1109848022
2001-07-11,118.3799972534,75.1872253418
2001-07-12,121.1900024414,76.9719390869
2001-07-13,122.2399978638,77.6388320923
2001-07-16,120.7099990845,76.6670684814
2001-07-17,121.8399963379,77.3847427368
2001-07-18,121.0100021362,76.8576278687
2001-07-19,122.0699996948,77.5308837891
2001-07-20,121.3399963379,77.0671920776
2001-07-23,118.9499969482,75.5492553711
2001-07-24,117.8000030518,74.8188400269
2001-07-25,119.0999984741,75.6444854736
2001-07-26,120.3499984741,76.4384155273
2001-07-27,120.8099975586,76.7305679321
2001-07-30,120.8499984741,76.7560043335
2001-07-31,121.3499984741,77.0735626221
2001-08-01,122.1100006104,77.5562667847
2001-08-02,122.6100006104,77.8738403320
2001-08-03,121.9400024414,77.4482955933
2001-08-06,120.3000030518,76.4066772461
2001-08-07,120.7699966431,76.7051773071
2001-08-08,118.5299987793,75.2824783325
2001-08-09,118.8799972534,75.5047607422
2001-08-10,119.2900009155,75.7652053833
2001-08-13,119.3199996948,75.7842102051
2001-08-14,119.2699966431,75.7524642944
2001-08-15,118.2399978638,75.0983200073
2001-08-16,118.6500015259,75.3587188721
2001-08-17,116.7500000000,74.1519165039
2001-08-20,117.8300018311,74.8378906250
2001-08-21,115.8199996948,73.5612716675
2001-08-22,117.0199966431,74.3234100342
2001-08-23,116.5999984741,74.0566787720
2001-08-24,119.0199966431,75.5937271118
2001-08-27,118.3099975586,75.1427383423
2001-08-28,116.5800018311,74.0439529419
2001-08-29,115.5400009155,73.3833999634
2001-08-30,113.3199996948,71.9733963013
2001-08-31,114.1500015259,72.5005798340
2001-09-04,113.4199981689,72.0369415283
2001-09-05,113.6999969482,72.2148132324
2001-09-06,110.7699966431,70.3538284302
2001-09-07,108.7200012207,69.0518341064
2001-09-10,110.0500030518,69.8965454102
2001-09-17,104.3000030518,66.2445220947
2001-09-18,104.0500030518,66.0857315063
2001-09-19,101.9499969482,64.7519607544
2001-09-20,98.7099990845,62.6941146851
2001-09-21,97.2799987793,62.0177345276
2001-09-24,100.6999969482,64.1979904175
2001-09-25,101.7500000000,64.8674087524
2001-09-26,101.3899993896,64.6378936768
2001-09-27,102.2699966431,65.1988754272
2001-09-28,104.4400024414,66.5823669434
2001-10-01,104.2699966431,66.4739532471
2001-10-02,105.5800018311,67.3090896606
2001-10-03,107.3499984741,68.4375152588
2001-10-04,107.4400024414,68.4949035645
2001-10-05,107.2300033569,68.3610229492
2001-10-08,106.5299987793,67.9147415161
2001-10-09,105.9599990845,67.5513534546
2001-10-10,108.3199996948,69.0559310913
2001-10-11,110.0000000000,70.1269378662
2001-10-12,109.5000000000,69.8081817627
2001-10-15,109.3000030518,69.6806564331
2001-10-16,109.9899978638,70.1205444336
2001-10-17,107.6500015259,68.6287612915
2001-10-18,107.4199981689,68.4821395874
2001-10-19,107.3499984741,68.4375152588
2001-10-22,109.4700012207,69.7890472412
2001-10-23,108.9100036621,69.4320373535
2001-10-24,108.6200027466,69.2471542358
2001-10-25,110.5699996948,70.4903335571
2001-10-26,110.3199996948,70.3309326172
2001-10-29,107.4499969482,68.5012664795
2001-10-30,106.1600036621,67.6788940430
2001-10-31,105.8000030518,67.4493713379
2001-11-01,108.5100021362,69.1770477295
2001-11-02,109.2500000000,69.6487960815
2001-11-05,110.6800003052,70.5604400635
2001-11-06,112.4000015259,71.6569442749
2001-11-07,112.2500000000,71.5613403320
2001-11-08,112.5999984741,71.7845077515
2001-11-09,112.7200012207,71.8609695435
2001-11-12,112.0299987793,71.4210662842
2001-11-13,114.5500030518,73.0276336670
2001-11-14,114.6600036621,73.0977630615
2001-11-15,114.8700027466,73.2316284180
2001-11-16,114.3600006104,72.9065246582
2001-11-19,115.7699966431,73.8053970337
2001-11-20,114.8000030518,73.1870346069
2001-11-21,114.0400009155,72.7025070190
2001-11-23,115.6800003052,73.7480010986
2001-11-26,115.9300003052,73.9074325562
2001-11-27,115.4300003052,73.5886306763
2001-11-28,113.3399963379,72.2562484741
2001-11-29,114.8700027466,73.2316284180
2001-11-30,114.0500030518,72.7088851929
2001-12-03,113.3700027466,72.2753829956
2001-12-04,115.2900009155,73.4994430542
2001-12-05,117.4000015259,74.8445587158
2001-12-06,117.3399963379,74.8063049316
2001-12-07,116.5599975586,74.3090515137
2001-12-10,114.3799972534,72.9192581177
2001-12-11,114.1500015259,72.7726287842
2001-12-12,114.2799987793,72.8555297852
2001-12-13,112.0599975586,71.4401855469
2001-12-14,113.1299972534,72.1223602295
2001-12-17,114.3000030518,72.8682632446
2001-12-18,114.9800033569,73.3017730713
2001-12-19,115.7900009155,73.8181915283
2001-12-20,114.6500015259,73.0914154053
2001-12-21,114.9499969482,73.5346984863
2001-12-24,114.7300033569,73.3939743042
2001-12-26,115.3600006104,73.7969589233
2001-12-27,116.0599975586,74.2447738647
2001-12-28,116.0000000000,74.2063980103
2001-12-31,114.3000030518,73.1189041138
2002-01-02,115.5299987793,73.9057388306
2002-01-03,116.8399963379,74.7437515259
2002-01-04,117.6200027466,75.2427368164
2002-01-07,116.7900009155,74.7117996216
2002-01-08,116.5199966431,74.5390396118
2002-01-09,115.5699996948,73.9313278198
2002-01-10,116.0800018311,74.2575912476
2002-01-11,114.9400024414,73.5283508301
2002-01-14,114.2200012207,73.0676803589
2002-01-15,115.1500015259,73.6626205444
2002-01-16,112.8199996948,72.1721496582
2002-01-17,113.6699981689,72.7158737183
2002-01-18,113.1500015259,72.3832321167
2002-01-22,112.3700027466,71.8842391968
2002-01-23,113.2300033569,72.4343872070
2002-01-24,113.5800018311,72.6583099365
2002-01-25,113.5500030518,72.6391220093
2002-01-28,113.8600006104,72.8374252319
2002-01-29,110.2799987793,70.5472488403
2002-01-30,111.8700027466,71.5644226074
2002-01-31,113.1800003052,72.4024124146
2002-02-01,112.6500015259,72.0633850098
2002-02-04,109.8499984741,70.2721557617
2002-02-05,109.1699981689,69.8371734619
2002-02-06,108.6999969482,69.5365676880
2002-02-07,108.0199966431,69.1014709473
2002-02-08,110.0899963379,70.4257278442
2002-02-11,111.4400024414,71.2893371582
2002-02-12,111.0899963379,71.0654144287
2002-02-13,112.2699966431,71.8202743530
2002-02-14,112.0599975586,71.6858978271
2002-02-15,110.8899993896,70.9374694824
2002-02-19,108.7600021362,69.5749282837
2002-02-20,110.5899963379,70.7455825806
2002-02-21,108.3000030518,69.2806396484
2002-02-22,109.6399993896,70.1378479004
2002-02-25,111.4499969482,71.2957305908
2002-02-26,111.2200012207,71.1485900879
2002-02-27,111.6500015259,71.4236602783
2002-02-28,111.1500015259,71.1038131714
2002-03-01,113.7399978638,72.7606430054
2002-03-04,115.7500000000,74.0464859009
2002-03-05,115.3799972534,73.8098220825
2002-03-06,116.7500000000,74.6861648560
2002-03-07,116.5000000000,74.5262451172
2002-03-08,116.9899978638,74.8396911621
2002-03-11,117.2399978638,74.9996643066
2002-03-12,117.1699981689,74.9548492432
2002-03-13,116.0400009155,74.2319869995
2002-03-14,115.8799972534,74.1296463013
2002-03-15,116.6500015259,74.8359832764
2002-03-18,116.6699981689,74.8488159180
2002-03-19,117.4499969482,75.3492279053
2002-03-20,115.2399978638,73.9314117432
2002-03-21,115.2900009155,73.9635086060
2002-03-22,115.0400009155,73.8031005859
2002-03-25,113.6100006104,72.8856658936
2002-03-26,114.2699966431,73.3091278076
2002-03-27,114.5699996948,73.5015563965
2002-03-28,114.5199966431,73.4694671631
2002-04-01,114.5699996948,73.5015563965
2002-04-02,113.9400024414,73.0973739624
2002-04-03,113.1399993896,72.5841903687
2002-04-04,112.6699981689,72.2826461792
2002-04-05,112.6900024414,72.2954635620
2002-04-08,112.9300003052,72.4494628906
2002-04-09,112.1399993896,71.9426193237
2002-04-10,113.4100036621,72.7573852539
2002-04-11,110.5899963379,70.9482345581
2002-04-12,111.4199981689,71.4807357788
2002-04-15,110.5699996948,70.9354248047
2002-04-16,113.1999969482,72.6226577759
2002-04-17,112.9599990845,72.4686660767
2002-04-18,112.4700012207,72.1543273926
2002-04-19,112.8799972534,72.4173583984
2002-04-22,111.0000000000,71.2112655640
2002-04-23,110.5199966431,70.9033279419
2002-04-24,109.4100036621,70.1912155151
2002-04-25,109.4700012207,70.2297363281
2002-04-26,107.3899993896,68.8952636719
2002-04-29,106.8600006104,68.5552749634
2002-04-30,107.8600006104,69.1968460083
2002-05-01,109.1800003052,70.0436630249
2002-05-02,108.7600021362,69.7741775513
2002-05-03,107.5800018311,69.0171890259
2002-05-06,105.4700012207,67.6635665894
2002-05-07,105.0999984741,67.4261627197
2002-05-08,109.0100021362,69.9346008301
2002-05-09,107.7500000000,69.1262512207
2002-05-10,105.7200012207,67.8239288330
2002-05-13,107.8700027466,69.2032470703
2002-05-14,110.2200012207,70.7108612061
2002-05-15,109.7900009155,70.4350128174
2002-05-16,110.3600006104,70.8006591797
2002-05-17,110.9000015259,71.1470794678
2002-05-20,109.6999969482,70.3772277832
2002-05-21,108.6999969482,69.7357254028
2002-05-22,108.9400024414,69.8896942139
2002-05-23,110.0999984741,70.6338806152
2002-05-24,108.6900024414,69.7293243408
2002-05-28,108.0999984741,69.3507766724
2002-05-29,107.3000030518,68.8375473022
2002-05-30,107.0000000000,68.6450729370
2002-05-31,107.2200012207,68.7862319946
2002-06-03,104.3700027466,66.9578170776
2002-06-04,104.6299972534,67.1246490479
2002-06-05,105.6100006104,67.7533569336
2002-06-06,103.4599990845,66.3740386963
2002-06-07,103.3399963379,66.2970352173
2002-06-10,103.7399978638,66.5536499023
2002-06-11,101.9599990845,65.4116973877
2002-06-12,102.5800018311,65.8094940186
2002-06-13,101.5500030518,65.1486892700
2002-06-14,101.4000015259,65.0524368286
2002-06-17,104.1200027466,66.7974090576
2002-06-18,104.9700012207,67.3427429199
2002-06-19,102.5199966431,65.7709884644
2002-06-20,101.2099990845,64.9305572510
2002-06-21,99.2799987793,63.9153022766
2002-06-24,99.8000030518,64.2500534058
2002-06-25,97.5599975586,62.8079681396
2002-06-26,97.7200012207,62.9109916687
2002-06-27,99.4300003052,64.0118789673
2002-06-28,98.9599990845,63.7093048096
2002-07-01,97.0299987793,62.4667778015
2002-07-02,94.9700012207,61.1405754089
2002-07-03,95.5100021362,61.4882125854
2002-07-05,99.3099975586,63.9346351624
2002-07-08,98.0699996948,63.1363487244
2002-07-09,95.5999984741,61.5461349487
2002-07-10,92.1200027466,59.3057746887
2002-07-11,92.8700027466,59.7885856628
2002-07-12,91.8499984741,59.1319541931
2002-07-15,92.3399963379,59.4473915100
2002-07-16,90.5599975586,58.3014984131
2002-07-17,90.7399978638,58.4173431396
2002-07-18,87.8000030518,56.5246086121
2002-07-19,84.7099990845,54.5353012085
2002-07-22,82.1999969482,52.9193763733
2002-07-23,79.9499969482,51.4708786011
2002-07-24,84.7200012207,54.5417289734
2002-07-25,84.0000000000,54.0782241821
2002-07-26,85.5999984741,55.1082878113
2002-07-29,89.7699966431,57.7928924561
2002-07-30,90.9400024414,58.5460891724
2002-07-31,91.1600036621,58.6877632141
2002-08-01,88.7799987793,57.1555519104
2002-08-02,86.7900009155,55.8743858337
2002-08-05,83.7699966431,53.9301147461
2002-08-06,86.5899963379,55.7456169128
2002-08-07,88.0999984741,56.7177619934
2002-08-08,90.9499969482,58.5525436401
2002-08-09,91.2900009155,58.7714424133
2002-08-12,90.6200027466,58.3401184082
2002-08-13,88.9700012207,57.2778511047
2002-08-14,92.2200012207,59.3701362610
2002-08-15,93.5000000000,60.1941871643
2002-08-16,93.2200012207,60.0139694214
2002-08-19,95.4000015259,61.4173927307
2002-08-20,94.3899993896,60.7671508789
2002-08-21,95.7500000000,61.6427307129
2002-08-22,96.6800003052,62.2414436340
2002-08-23,94.5999984741,60.9023551941
2002-08-26,95.2600021362,61.3272781372
2002-08-27,94.1600036621,60.6191291809
2002-08-28,92.0999984741,59.2928962708
2002-08-29,92.1399993896,59.3186798096
2002-08-30,91.7799987793,59.0868759155
2002-09-03,88.2799987793,56.8336448669
2002-09-04,89.5400009155,57.6447982788
2002-09-05,88.7799987793,57.1555519104
2002-09-06,90.0000000000,57.9409828186
2002-09-09,90.6600036621,58.3658447266
2002-09-10,91.6999969482,59.0353927612
2002-09-11,91.1299972534,58.6684112549
2002-09-12,89.4499969482,57.5868453979
2002-09-13,89.6699981689,57.7284698486
2002-09-16,89.8899993896,57.8701019287
2002-09-17,87.8300018311,56.5439300537
2002-09-18,86.9499969482,55.9773864746
2002-09-19,84.6999969482,54.5288543701
2002-09-20,84.3499984741,54.5469627380
2002-09-23,83.6600036621,54.1007728577
2002-09-24,82.3099975586,53.2277374268
2002-09-25,84.3499984741,54.5469627380
2002-09-26,85.7300033569,55.4393959045
2002-09-27,82.7500000000,53.5123062134
2002-09-30,81.7900009155,52.8914794922
2002-10-01,85.7200012207,55.4329109192
2002-10-02,83.1500015259,53.7709693909
2002-10-03,82.3099975586,53.2277374268
2002-10-04,80.8000030518,52.2512817383
2002-10-07,79.1299972534,51.1713447571
2002-10-08,80.3700027466,51.9732360840
2002-10-09,78.0999984741,50.5052452087
2002-10-10,80.6299972534,52.1413574219
2002-10-11,84.1600036621,54.4240951538
2002-10-14,84.6299972534,54.7280426025
2002-10-15,88.6999969482,57.3600006104
2002-10-16,86.5500030518,55.9696693420
2002-10-17,88.2699966431,57.0819549561
2002-10-18,88.6399993896,57.3212356567
2002-10-21,90.1699981689,58.3106422424
2002-10-22,89.5199966431,57.8902740479
2002-10-23,90.1999969482,58.3299942017
2002-10-24,88.3600006104,57.1401443481
2002-10-25,90.1999969482,58.3299942017
2002-10-28,89.6100006104,57.9485015869
2002-10-29,88.5699996948,57.2759323120
2002-10-30,89.4300003052,57.8320579529
2002-10-31,88.5199966431,57.2435836792
2002-11-01,90.2699966431,58.3753013611
2002-11-04,91.1299972534,58.9314231873
2002-11-05,91.8499984741,59.3970336914
2002-11-06,93.0400009155,60.1665878296
2002-11-07,90.7600021362,58.6921806335
2002-11-08,89.6500015259,57.9743576050
2002-11-11,88.2600021362,57.0754699707
2002-11-12,88.9599990845,57.5281410217
2002-11-13,89.0500030518,57.5863761902
2002-11-14,90.7300033569,58.6727523804
2002-11-15,91.4000015259,59.1060485840
2002-11-18,90.4800033569,58.5110626221
2002-11-19,90.3600006104,58.4334487915
2002-11-20,92.3700027466,59.7332916260
2002-11-21,94.0899963379,60.8456039429
2002-11-22,93.4199981689,60.4122924805
2002-11-25,93.4800033569,60.4511260986
2002-11-26,91.6999969482,59.3000450134
2002-11-27,94.2799987793,60.9684753418
2002-11-29,93.9800033569,60.7744331360
2002-12-02,94.1299972534,60.8714714050
2002-12-03,92.8700027466,60.0566062927
2002-12-04,92.4499969482,59.7850723267
2002-12-05,91.4300003052,59.1254577637
2002-12-06,92.0299987793,59.5134201050
2002-12-09,89.5000000000,57.8773498535
2002-12-10,90.6999969482,58.6533622742
2002-12-11,90.7799987793,58.7050895691
2002-12-12,90.7699966431,58.6986083984
2002-12-13,89.3399963379,57.7738761902
2002-12-16,91.6500015259,59.2676925659
2002-12-17,90.8499984741,58.7503700256
2002-12-18,89.8000030518,58.0713348389
2002-12-19,89.1600036621,57.6574668884
2002-12-20,89.9899978638,58.4801559448
2002-12-23,90.0199966431,58.4996948242
2002-12-24,89.3499984741,58.0643005371
2002-12-26,89.3899993896,58.0902786255
2002-12-27,87.3799972534,56.7840614319
2002-12-30,88.1100006104,57.2585067749
2002-12-31,88.2300033569,57.3364524841
2003-01-02,91.0699996948,59.1820487976
2003-01-03,91.3499984741,59.3639755249
2003-01-06,92.9599990845,60.4102249146
2003-01-07,92.7300033569,60.2607879639
2003-01-08,91.3899993896,59.3899841309
2003-01-09,92.8099975586,60.3128013611
2003-01-10,93.0599975586,60.4752311707
2003-01-13,93.0299987793,60.4557723999
2003-01-14,93.3300018311,60.6507072449
2003-01-15,92.4000015259,60.0463485718
2003-01-16,92.0199966431,59.7994117737
2003-01-17,90.6600036621,58.9155960083
2003-01-21,89.2500000000,57.9993171692
2003-01-22,88.1699981689,57.2974929810
2003-01-23,88.7099990845,57.6483726501
2003-01-24,86.3799972534,56.1342353821
2003-01-27,85.1999969482,55.3673934937
2003-01-28,85.8300018311,55.7768173218
2003-01-29,86.4800033569,56.1992225647
2003-01-30,84.4300003052,54.8670234680
2003-01-31,86.0599975586,55.9262886047
2003-02-03,86.2300033569,56.0367355347
2003-02-04,85.3799972534,55.4843788147
2003-02-05,84.8499984741,55.1399536133
2003-02-06,84.4499969482,54.8800125122
2003-02-07,83.4199981689,54.2106590271
2003-02-10,84.0100021362,54.5940818787
2003-02-11,83.4300003052,54.2171401978
2003-02-12,82.0999984741,53.3528633118
2003-02-13,82.3499984741,53.5153198242
2003-02-14,84.1500015259,54.6850624084
2003-02-18,85.6299972534,55.6468315125
2003-02-19,85.1800003052,55.3544120789
2003-02-20,84.3300018311,54.8020362854
2003-02-21,85.1800003052,55.3544120789
2003-02-24,83.8000030518,54.4576072693
2003-02-25,84.4700012207,54.8929977417
2003-02-26,83.2399978638,54.0936851501
2003-02-27,84.3399963379,54.8085365295
2003-02-28,84.9000015259,55.1724662781
2003-03-03,84.0899963379,54.6460876465
2003-03-04,82.7500000000,53.7752723694
2003-03-05,83.4499969482,54.2301864624
2003-03-06,82.7500000000,53.7752723694
2003-03-07,83.3199996948,54.1456756592
2003-03-10,81.3199996948,52.8459815979
2003-03-11,80.5199966431,52.3261146545
2003-03-12,81.0599975586,52.6770057678
2003-03-13,83.8600006104,54.4966239929
2003-03-14,84.1299972534,54.6720581055
2003-03-17,86.7799987793,56.3941841125
2003-03-18,87.2900009155,56.7255859375
2003-03-19,87.9599990845,57.1609802246
2003-03-20,88.1500015259,57.2844810486
2003-03-21,89.6699981689,58.5071868896
2003-03-24,86.6900024414,56.5628204346
2003-03-25,87.5199966431,57.1043815613
2003-03-26,87.0800018311,56.8172950745
2003-03-27,87.1500015259,56.8629760742
2003-03-28,86.7099990845,56.5758323669
2003-03-31,84.7399978638,55.2905120850
2003-04-01,86.0400009155,56.1387214661
2003-04-02,88.1200027466,57.4958686829
2003-04-03,87.6999969482,57.2218093872
2003-04-04,88.2200012207,57.5611114502
2003-04-07,88.0500030518,57.4501838684
2003-04-08,88.1900024414,57.5415191650
2003-04-09,87.0299987793,56.7846794128
2003-04-10,87.5100021362,57.0978355408
2003-04-11,87.1500015259,56.8629760742
2003-04-14,88.9499969482,58.0374145508
2003-04-15,89.7799987793,58.5789337158
2003-04-16,88.2500000000,57.5807113647
2003-04-17,89.5599975586,58.4354438782
2003-04-21,89.6500015259,58.4941444397
2003-04-22,91.3399963379,59.5968399048
2003-04-23,92.1800003052,60.1448936462
2003-04-24,91.3600006104,59.6098709106
2003-04-25,90.2300033569,58.8725700378
2003-04-28,91.7900009155,59.8904342651
2003-04-29,92.1100006104,60.0992431641
2003-04-30,91.9100036621,59.9687461853
2003-05-01,91.9000015259,59.9622306824
2003-05-02,93.2099990845,60.8169708252
2003-05-05,93.0299987793,60.6995162964
2003-05-06,93.9100036621,61.2736892700
2003-05-07,93.3899993896,60.9344100952
2003-05-08,92.4499969482,60.3210906982
2003-05-09,93.7300033569,61.1562271118
2003-05-12,94.8799972534,61.9065780640
2003-05-13,94.7099990845,61.7956504822
2003-05-14,94.5100021362,61.6651878357
2003-05-15,95.1100006104,62.0566329956
2003-05-16,94.8700027466,61.9000434875
2003-05-19,92.6500015259,60.4515380859
2003-05-20,92.4599990845,60.3276023865
2003-05-21,92.6500015259,60.4515380859
2003-05-22,93.5699996948,61.0518493652
2003-05-23,93.7600021362,61.1758308411
2003-05-27,95.4000015259,62.2458686829
2003-05-28,95.6699981689,62.4220123291
2003-05-29,95.4199981689,62.2589149475
2003-05-30,96.9499969482,63.2571945190
2003-06-02,97.3499984741,63.5181922913
2003-06-03,97.7500000000,63.7791862488
2003-06-04,99.1600036621,64.6991653442
2003-06-05,99.6500015259,65.0188598633
2003-06-06,99.2600021362,64.7643966675
2003-06-09,98.2500000000,64.1054229736
2003-06-10,99.2500000000,64.7578811646
2003-06-11,100.3000030518,65.4429702759
2003-06-12,100.6100006104,65.6452636719
2003-06-13,99.5599975586,64.9601287842
2003-06-16,101.6600036621,66.3303375244
2003-06-17,101.6600036621,66.3303375244
2003-06-18,101.5699996948,66.2715988159
2003-06-19,100.0199966431,65.2602462769
2003-06-20,99.4400024414,65.1162490845
2003-06-23,98.4199981689,64.4482803345
2003-06-24,98.5199966431,64.5137634277
2003-06-25,97.5299987793,63.8654899597
2003-06-26,98.8000030518,64.6970977783
2003-06-27,97.6600036621,63.9506416321
2003-06-30,97.6299972534,63.9310035706
2003-07-01,98.5299987793,64.5202865601
2003-07-02,99.7699966431,65.3323135376
2003-07-03,98.7399978638,64.6578216553
2003-07-07,100.6999969482,65.9412994385
2003-07-08,101.1500015259,66.2359619141
2003-07-09,100.5800018311,65.8627319336
2003-07-10,99.3000030518,65.0245513916
2003-07-11,100.2399978638,65.6400756836
2003-07-14,100.7300033569,65.9609603882
2003-07-15,100.5100021362,65.8168945312
2003-07-16,99.9199981689,65.4305419922
2003-07-17,98.5000000000,64.5006942749
2003-07-18,99.5100021362,65.1620635986
2003-07-21,98.2799987793,64.3566360474
2003-07-22,99.1699981689,64.9394149780
2003-07-23,99.2399978638,64.9852447510
2003-07-24,98.4899978638,64.4941253662
2003-07-25,100.2300033569,65.6335525513
2003-07-28,99.8600006104,65.3912582397
2003-07-29,99.4000015259,65.0900497437
2003-07-30,99.1600036621,64.9328765869
2003-07-31,99.3899993896,65.0834808350
2003-08-01,98.5100021362,64.5072479248
2003-08-04,98.5100021362,64.5072479248
2003-08-05,96.4199981689,63.1386451721
2003-08-06,96.9800033569,63.5053710938
2003-08-07,98.0000000000,64.1732559204
2003-08-08,98.2799987793,64.3566360474
2003-08-11,98.6500015259,64.5989074707
2003-08-12,99.5500030518,65.1882400513
2003-08-13,99.0400009155,64.8543014526
2003-08-14,99.3099975586,65.0310821533
2003-08-15,99.6200027466,65.2340927124
2003-08-18,100.4800033569,65.7972564697
2003-08-19,100.8600006104,66.0460586548
2003-08-20,100.4499969482,65.7776031494
2003-08-21,100.7699966431,65.9871215820
2003-08-22,99.7699966431,65.3323135376
2003-08-25,99.9300003052,65.4371109009
2003-08-26,100.1100006104,65.5549850464
2003-08-27,100.1399993896,65.5745849609
2003-08-28,100.7600021362,65.9806289673
2003-08-29,101.4400024414,66.4258956909
2003-09-02,102.8000030518,67.3164672852
2003-09-03,103.3600006104,67.6831665039
2003-09-04,103.4100036621,67.7158966064
2003-09-05,102.8300018311,67.3361129761
2003-09-08,103.6800003052,67.8926849365
2003-09-09,103.0000000000,67.4474334717
2003-09-10,101.9599990845,66.7663650513
2003-09-11,102.2600021362,66.9628295898
2003-09-12,102.4499969482,67.0872497559
2003-09-15,102.0899963379,66.8515243530
2003-09-16,103.5800018311,67.8272094727
2003-09-17,103.3799972534,67.6962356567
2003-09-18,104.5999984741,68.4951477051
2003-09-19,103.6699981689,68.1467361450
2003-09-22,102.5500030518,67.4105453491
2003-09-23,102.9400024414,67.6668853760
2003-09-24,101.1100006104,66.4639434814
2003-09-25,100.2799987793,65.9183502197
2003-09-26,99.9499969482,65.7014846802
2003-09-29,100.9300003052,66.3456344604
2003-09-30,99.9499969482,65.7014846802
2003-10-01,102.0800018311,67.1016082764
2003-10-02,102.4499969482,67.3447952271
2003-10-03,103.3899993896,67.9626541138
2003-10-06,103.8600006104,68.2716522217
2003-10-07,104.2600021362,68.5345840454
2003-10-08,104.0000000000,68.3636550903
2003-10-09,104.2799987793,68.5477523804
2003-10-10,104.5699996948,68.7383728027
2003-10-13,104.9000015259,68.9552612305
2003-10-14,105.2699966431,69.1985473633
2003-10-15,104.9899978638,69.0144729614
2003-10-16,105.4100036621,69.2905349731
2003-10-17,104.2600021362,68.5345840454
2003-10-20,105.0400009155,69.0473251343
2003-10-21,104.8600006104,68.9290237427
2003-10-22,103.5400009155,68.0612945557
2003-10-23,103.3499984741,67.9364318848
2003-10-24,103.5800018311,68.0876235962
2003-10-27,103.6299972534,68.1204757690
2003-10-28,105.0400009155,69.0473251343
2003-10-29,105.1800003052,69.1393356323
2003-10-30,105.4000015259,69.2839584351
2003-10-31,105.3000030518,69.2182235718
2003-11-03,105.9899978638,69.6717758179
2003-11-04,105.7600021362,69.5205841064
2003-11-05,105.8399963379,69.5731658936
2003-11-06,106.4000015259,69.9413070679
2003-11-07,105.6100006104,69.4219894409
2003-11-10,105.1800003052,69.1393356323
2003-11-11,105.1500015259,69.1196212769
2003-11-12,106.3300018311,69.8953094482
2003-11-13,106.3600006104,69.9150238037
2003-11-14,105.4599990845,69.3233871460
2003-11-17,104.9300003052,68.9749679565
2003-11-18,103.8399963379,68.2585067749
2003-11-19,104.7200012207,68.8369674683
2003-11-20,103.7799987793,68.2190475464
2003-11-21,104.2099990845,68.5017318726
2003-11-24,105.5899963379,69.4088668823
2003-11-25,105.9899978638,69.6717758179
2003-11-26,106.3700027466,69.9215698242
2003-11-28,106.4499969482,69.9741363525
2003-12-01,107.5999984741,70.7301177979
2003-12-02,107.3300018311,70.5526657104
2003-12-03,107.1600036621,70.4408874512
2003-12-04,107.5999984741,70.7301177979
2003-12-05,106.8499984741,70.2371063232
2003-12-08,107.5699996948,70.7103805542
2003-12-09,106.7399978638,70.1647796631
2003-12-10,106.7300033569,70.1582183838
2003-12-11,107.9300003052,70.9470596313
2003-12-12,108.1399993896,71.0850677490
2003-12-15,107.5999984741,70.7301177979
2003-12-16,108.1600036621,71.0982208252
2003-12-17,108.5000000000,71.3217468262
2003-12-18,109.7200012207,72.1237030029
2003-12-19,108.9000015259,71.9228820801
2003-12-22,109.6600036621,72.4248428345
2003-12-23,109.7300033569,72.4710617065
2003-12-24,109.6200027466,72.3984451294
2003-12-26,109.6999969482,72.4512634277
2003-12-29,111.1600036621,73.4154815674
2003-12-30,111.1800003052,73.4287719727
2003-12-31,111.2799987793,73.4947662354
2004-01-02,111.2300033569,73.4617309570
2004-01-05,112.4400024414,74.2609100342
2004-01-06,112.5500030518,74.3335342407
2004-01-07,112.9300003052,74.5845108032
2004-01-08,113.3799972534,74.8817367554
2004-01-09,112.3899993896,74.2278823853
2004-01-12,113.2200012207,74.7760391235
2004-01-13,112.5599975586,74.3401412964
2004-01-14,113.5000000000,74.9609375000
2004-01-15,113.7799987793,75.1458740234
2004-01-16,114.2300033569,75.4430847168
2004-01-20,114.1999969482,75.4232940674
2004-01-21,115.0999984741,76.0176696777
2004-01-22,114.8000030518,75.8195800781
2004-01-23,114.4300003052,75.5751953125
2004-01-26,115.8700027466,76.5262222290
2004-01-27,114.6800003052,75.7403030396
2004-01-28,113.3700027466,74.8751068115
2004-01-29,113.4800033569,74.9477691650
2004-01-30,113.4800033569,74.9477691650
2004-02-02,113.9700012207,75.2713775635
2004-02-03,113.7799987793,75.1458740234
2004-02-04,112.8499984741,74.5316772461
2004-02-05,113.1800003052,74.7496414185
2004-02-06,114.4499969482,75.5883941650
2004-02-09,114.4800033569,75.6082153320
2004-02-10,114.8499984741,75.8525543213
2004-02-11,116.0699996948,76.6583099365
2004-02-12,115.6500015259,76.3809280396
2004-02-13,115.1299972534,76.0374832153
2004-02-17,116.1699981689,76.7243957520
2004-02-18,115.6600036621,76.3875122070
2004-02-19,115.2300033569,76.1035537720
2004-02-20,114.8799972534,75.8723831177
2004-02-23,114.5899963379,75.6808471680
2004-02-24,114.3899993896,75.5487747192
2004-02-25,114.8700027466,75.8657913208
2004-02-26,114.9400024414,75.9119949341
2004-02-27,115.0199966431,75.9648590088
2004-03-01,116.1600036621,76.7177810669
2004-03-02,115.4800033569,76.2686614990
2004-03-03,115.6900024414,76.4073333740
2004-03-04,115.9899978638,76.6054840088
2004-03-05,116.3799972534,76.8630447388
2004-03-08,114.9599990845,75.9252395630
2004-03-09,114.5000000000,75.6214218140
2004-03-10,112.5800018311,74.3533630371
2004-03-11,111.1200027466,73.3891143799
2004-03-12,112.5800018311,74.3533630371
2004-03-15,111.1999969482,73.4419174194
2004-03-16,111.7900009155,73.8316116333
2004-03-17,113.0400009155,74.6571578979
2004-03-18,113.0699996948,74.6770172119
2004-03-19,111.0599975586,73.6066055298
2004-03-22,109.6500015259,72.6721267700
2004-03-23,109.4599990845,72.5461807251
2004-03-24,109.5500030518,72.6058502197
2004-03-25,111.0000000000,73.5668716431
2004-03-26,111.0299987793,73.5867080688
2004-03-29,112.5899963379,74.6206283569
2004-03-30,112.9700012207,74.8724975586
2004-03-31,113.0999984741,74.9586334229
2004-04-01,113.7799987793,75.4093170166
2004-04-02,114.6399993896,75.9793395996
2004-04-05,115.2699966431,76.3968658447
2004-04-06,114.9000015259,76.1516036987
2004-04-07,114.6299972534,75.9726638794
2004-04-08,114.3700027466,75.8003845215
2004-04-12,114.8199996948,76.0986251831
2004-04-13,113.2099990845,75.0315475464
2004-04-14,113.3899993896,75.1508560181
2004-04-15,112.9599990845,74.8658370972
2004-04-16,113.8300018311,75.4424514771
2004-04-19,113.8300018311,75.4424514771
2004-04-20,111.9199981689,74.1765975952
2004-04-21,112.6699981689,74.6736602783
2004-04-22,114.2500000000,75.7208480835
2004-04-23,114.3600006104,75.7937316895
2004-04-26,114.1999969482,75.6876831055
2004-04-27,114.3000030518,75.7539596558
2004-04-28,112.8199996948,74.7730407715
2004-04-29,111.8300018311,74.1169128418
2004-04-30,110.9599990845,73.5403442383
2004-05-03,112.1500015259,74.3290405273
2004-05-04,112.0599975586,74.2693634033
2004-05-05,112.7799987793,74.7465744019
2004-05-06,111.8099975586,74.1036758423
2004-05-07,109.9599990845,72.8775482178
2004-05-10,108.8300018311,72.1286315918
2004-05-11,109.7500000000,72.7383880615
2004-05-12,110.4499969482,73.2023391724
2004-05-13,109.9899978638,72.8974533081
2004-05-14,110.0400009155,72.9306106567
2004-05-17,109.0999984741,72.3076095581
2004-05-18,109.6500015259,72.6721267700
2004-05-19,109.2699966431,72.4202651978
2004-05-20,109.6200027466,72.6522369385
2004-05-21,109.8099975586,72.7781448364
2004-05-24,110.2699966431,73.0830307007
2004-05-25,111.8499984741,74.1301956177
2004-05-26,112.2399978638,74.3886871338
2004-05-27,112.8700027466,74.8061828613
2004-05-28,112.8600006104,74.7995605469
2004-06-01,112.7099990845,74.7001876831
2004-06-02,113.1299972534,74.9785156250
2004-06-03,112.0899963379,74.2892761230
2004-06-04,112.9800033569,74.8791275024
2004-06-07,114.6999969482,76.0190353394
2004-06-08,114.8600006104,76.1251144409
2004-06-09,113.7900009155,75.4159317017
2004-06-10,114.3499984741,75.7871170044
2004-06-14,113.2200012207,75.0381851196
2004-06-15,114.0199966431,75.5683975220
2004-06-16,114.0000000000,75.5551223755
2004-06-17,113.8300018311,75.4424514771
2004-06-18,113.6299972534,75.5848159790
2004-06-21,113.1999969482,75.2987899780
2004-06-22,113.7699966431,75.6779403687
2004-06-23,114.7500000000,76.3298492432
2004-06-24,114.3899993896,76.0903778076
2004-06-25,113.8399963379,75.7244949341
2004-06-28,113.4499969482,75.4650878906
2004-06-29,113.9199981689,75.7777481079
2004-06-30,114.5299987793,76.1834869385
2004-07-01,112.9400024414,75.1258392334
2004-07-02,112.8799972534,75.0859298706
2004-07-06,111.8899993896,74.4273452759
2004-07-07,112.2200012207,74.6468887329
2004-07-08,111.4400024414,74.1280517578
2004-07-09,111.7300033569,74.3210067749
2004-07-12,111.7799987793,74.3542098999
2004-07-13,111.8600006104,74.4074249268
2004-07-14,111.5199966431,74.1812896729
2004-07-15,110.8000030518,73.7023620605
2004-07-16,110.7099990845,73.6424636841
2004-07-19,110.2399978638,73.3298492432
2004-07-20,111.6399993896,74.2611083984
2004-07-21,109.5800018311,72.8908004761
2004-07-22,109.8799972534,73.0903778076
2004-07-23,108.9599990845,72.4784393311
2004-07-26,108.7500000000,72.3387222290
2004-07-27,109.7699966431,73.0171890259
2004-07-28,110.0999984741,73.2367172241
2004-07-29,110.5699996948,73.5493545532
2004-07-30,110.8399963379,73.7289810181
2004-08-02,111.0699996948,73.8819503784
2004-08-03,110.2099990845,73.3098754883
2004-08-04,110.1999969482,73.3032150269
2004-08-05,108.4000015259,72.1058807373
2004-08-06,106.8499984741,71.0748977661
2004-08-09,107.0000000000,71.1746520996
2004-08-10,108.3799972534,72.0926132202
2004-08-11,108.1600036621,71.9462966919
2004-08-12,106.9800033569,71.1613769531
2004-08-13,107.1900024414,71.3010253906
2004-08-16,108.3000030518,72.0393981934
2004-08-17,108.9100036621,72.4451522827
2004-08-18,110.0299987793,73.1901779175
2004-08-19,109.7099990845,72.9773025513
2004-08-20,110.4800033569,73.4895095825
2004-08-23,110.1999969482,73.3032150269
2004-08-24,110.3499984741,73.4029846191
2004-08-25,111.0999984741,73.9018936157
2004-08-26,111.0999984741,73.9018936157
2004-08-27,111.4499969482,74.1347045898
2004-08-30,110.5299987793,73.5227508545
2004-08-31,111.1100006104,73.9085693359
2004-09-01,111.3199996948,74.0482559204
2004-09-02,112.5800018311,74.8863372803
2004-09-03,112.1200027466,74.5803909302
2004-09-07,112.8600006104,75.0726089478
2004-09-08,112.5800018311,74.8863372803
2004-09-09,112.4800033569,74.8198394775
2004-09-10,113.0599975586,75.2056274414
2004-09-13,113.4300003052,75.4518051147
2004-09-14,113.6600036621,75.6047973633
2004-09-15,112.8000030518,75.0326919556
2004-09-16,113.1399993896,75.2588958740
2004-09-17,113.1500015259,75.5788421631
2004-09-20,112.4700012207,75.1246643066
2004-09-21,112.9599990845,75.4519195557
2004-09-22,111.5500030518,74.5101318359
2004-09-23,110.9499969482,74.1093444824
2004-09-24,111.4599990845,74.4499969482
2004-09-27,110.7500000000,73.9757156372
2004-09-28,111.2799987793,74.3297500610
2004-09-29,111.8399963379,74.7038269043
2004-09-30,111.7600021362,74.6503906250
2004-10-01,113.6500015259,75.9128341675
2004-10-04,113.8399963379,76.0397262573
2004-10-05,113.9000015259,76.0797805786
2004-10-06,114.6800003052,76.6007995605
2004-10-07,113.4499969482,75.7792129517
2004-10-08,112.5100021362,75.1513290405
2004-10-11,112.9700012207,75.4586105347
2004-10-12,112.5299987793,75.1647262573
2004-10-13,111.5400009155,74.5034103394
2004-10-14,110.6399993896,73.9022674561
2004-10-15,111.2600021362,74.3163986206
2004-10-18,111.6800003052,74.5969467163
2004-10-19,110.7399978638,73.9690551758
2004-10-20,110.5199966431,73.8221054077
2004-10-21,111.2399978638,74.3030471802
2004-10-22,109.9899978638,73.4681167603
2004-10-25,109.8600006104,73.3812561035
2004-10-26,111.5400009155,74.5034103394
2004-10-27,112.8799972534,75.3984909058
2004-10-28,113.2200012207,75.6255798340
2004-10-29,113.1999969482,75.6122283936
2004-11-01,113.5100021362,75.8193130493
2004-11-02,113.5500030518,75.8460006714
2004-11-03,114.9800033569,76.8012008667
2004-11-04,116.5500030518,77.8498840332
2004-11-05,117.2799987793,78.3374557495
2004-11-08,117.1100006104,78.2239227295
2004-11-09,116.8799972534,78.0702972412
2004-11-10,116.9700012207,78.1304016113
2004-11-11,117.8600006104,78.7248687744
2004-11-12,118.7900009155,79.3460769653
2004-11-15,118.7300033569,79.5410003662
2004-11-16,117.8799972534,78.9716033936
2004-11-17,118.5800018311,79.4405364990
2004-11-18,118.7399978638,79.5477066040
2004-11-19,117.4199981689,78.6634597778
2004-11-22,117.9800033569,79.0385818481
2004-11-23,118.1600036621,79.1591644287
2004-11-24,118.4400024414,79.3467254639
2004-11-26,118.3499984741,79.2864608765
2004-11-29,117.8099975586,78.9246902466
2004-11-30,117.8899993896,78.9783172607
2004-12-01,119.2300033569,79.8759765625
2004-12-02,119.3300018311,79.9429855347
2004-12-03,119.2500000000,79.8894119263
2004-12-06,119.2099990845,79.8626022339
2004-12-07,118.0999984741,79.1189804077
2004-12-08,118.7900009155,79.5812225342
2004-12-09,119.2099990845,79.8626022339
2004-12-10,119.3300018311,79.9429855347
2004-12-13,120.3700027466,80.6397094727
2004-12-14,120.7900009155,80.9210739136
2004-12-15,120.8799972534,80.9813766479
2004-12-16,120.8099975586,80.9344787598
2004-12-17,119.4400024414,80.3946609497
2004-12-20,119.4700012207,80.4148788452
2004-12-21,120.3899993896,81.0341415405
2004-12-22,120.6800003052,81.2292785645
2004-12-23,120.7699966431,81.2899017334
2004-12-27,120.5199966431,81.1216278076
2004-12-28,121.1800003052,81.5658416748
2004-12-29,121.3600006104,81.6870193481
2004-12-30,121.1299972534,81.5322036743
2004-12-31,120.8700027466,81.3572082520
2005-01-03,120.3000030518,80.9735488892
2005-01-04,118.8300018311,79.9841003418
2005-01-05,118.0100021362,79.4321441650
2005-01-06,118.6100006104,79.8360061646
2005-01-07,118.4400024414,79.7215347290
2005-01-10,119.0000000000,80.0985031128
2005-01-11,118.1800003052,79.5465698242
2005-01-12,118.5699996948,79.8090438843
2005-01-13,117.6200027466,79.1696090698
2005-01-14,118.2399978638,79.5869369507
2005-01-18,119.4700012207,80.4148788452
2005-01-19,118.2200012207,79.5734939575
2005-01-20,117.5000000000,79.0888366699
2005-01-21,116.7799987793,78.6042098999
2005-01-24,116.5500030518,78.4494247437
2005-01-25,116.8799972534,78.6715621948
2005-01-26,117.2300033569,78.9071350098
2005-01-27,117.4300003052,79.0417327881
2005-01-28,117.4300003052,79.0417327881
2005-01-31,118.1600036621,79.5331192017
2005-02-01,118.9100036621,80.0379333496
2005-02-02,119.2699966431,80.2802124023
2005-02-03,118.9599990845,80.0715866089
2005-02-04,120.2300033569,80.9264068604
2005-02-07,120.0699996948,80.8187255859
2005-02-08,120.2099990845,80.9129333496
2005-02-09,119.3099975586,80.3071594238
2005-02-10,119.7399978638,80.5965652466
2005-02-11,120.7699966431,81.2899017334
2005-02-14,120.6800003052,81.2292785645
2005-02-15,121.1299972534,81.5322036743
2005-02-16,121.2099990845,81.5860290527
2005-02-17,120.2300033569,80.9264068604
2005-02-18,120.3899993896,81.0341415405
2005-02-22,118.5999984741,79.8292922974
2005-02-23,119.4499969482,80.4014205933
2005-02-24,120.2399978638,80.9331512451
2005-02-25,121.4300003052,81.7341156006
2005-02-28,120.6299972534,81.1956558228
2005-03-01,121.2300033569,81.5995254517
2005-03-02,121.1699981689,81.5591278076
2005-03-03,121.2200012207,81.5927886963
2005-03-04,122.7300033569,82.6091842651
2005-03-07,122.7900009155,82.6495437622
2005-03-08,122.3300018311,82.3399200439
2005-03-09,120.9700012207,81.4245223999
2005-03-10,121.2399978638,81.6062393188
2005-03-11,120.3899993896,81.0341415405
2005-03-14,121.1399993896,81.5389251709
2005-03-15,120.1399993896,80.8658065796
2005-03-16,119.1200027466,80.1792602539
2005-03-17,119.3600006104,80.3407974243
2005-03-18,118.5400009155,80.1022644043
2005-03-21,118.0999984741,79.8049545288
2005-03-22,116.9000015259,78.9940795898
2005-03-23,117.0000000000,79.0616226196
2005-03-24,117.1399993896,79.1562423706
2005-03-28,117.3099975586,79.2711029053
2005-03-29,116.5299987793,78.7440490723
2005-03-30,118.1800003052,79.8590011597
2005-03-31,117.9599990845,79.7103576660
2005-04-01,117.4300003052,79.3521881104
2005-04-04,117.6299972534,79.4873504639
2005-04-05,118.1900024414,79.8657836914
2005-04-06,118.5999984741,80.1428146362
2005-04-07,119.2399978638,80.5752639771
2005-04-08,118.0000000000,79.7373962402
2005-04-11,118.0899963379,79.7982177734
2005-04-12,118.6999969482,80.2103958130
2005-04-13,117.3000030518,79.2643280029
2005-04-14,115.7699966431,78.2304611206
2005-04-15,114.1500015259,77.1357803345
2005-04-18,114.5000000000,77.3722839355
2005-04-19,115.4100036621,77.9872436523
2005-04-20,113.8000030518,76.8992843628
2005-04-21,116.0100021362,78.3926544189
2005-04-22,115.5699996948,78.0953369141
2005-04-25,116.3300018311,78.6089172363
2005-04-26,115.1999969482,77.8453140259
2005-04-27,115.6500015259,78.1493988037
2005-04-28,114.1999969482,77.1696014404
2005-04-29,115.7500000000,78.2169647217
2005-05-02,116.4000015259,78.6561737061
2005-05-03,116.5999984741,78.7913436890
2005-05-04,117.5000000000,79.3994674683
2005-05-05,117.4599990845,79.3724822998
2005-05-06,117.0899963379,79.1224517822
2005-05-09,117.8199996948,79.6157608032
2005-05-10,116.5999984741,78.7913436890
2005-05-11,117.2399978638,79.2238235474
2005-05-12,115.9499969482,78.3521194458
2005-05-13,115.7200012207,78.1967086792
2005-05-16,116.8000030518,78.9264831543
2005-05-17,117.5800018311,79.4535751343
2005-05-18,118.7900009155,80.2712249756
2005-05-19,119.2900009155,80.6090927124
2005-05-20,119.1200027466,80.4942016602
2005-05-23,119.7799987793,80.9402160645
2005-05-24,119.5000000000,80.7510223389
2005-05-25,119.4100036621,80.6901855469
2005-05-26,120.0500030518,81.1226425171
2005-05-27,120.2500000000,81.2577896118
2005-05-31,119.4800033569,80.7374877930
2005-06-01,120.5000000000,81.4267272949
2005-06-02,120.7600021362,81.6024169922
2005-06-03,120.1500015259,81.1902236938
2005-06-06,120.0400009155,81.1158905029
2005-06-07,120.1299972534,81.1766815186
2005-06-08,119.9100036621,81.0280685425
2005-06-09,120.4800033569,81.4132308960
2005-06-10,120.1999969482,81.2239990234
2005-06-13,120.5800018311,81.4807815552
2005-06-14,120.8600006104,81.6699981689
2005-06-15,121.0899963379,81.8254241943
2005-06-16,121.4000015259,82.0348892212
2005-06-17,121.3600006104,82.3388442993
2005-06-20,121.4000015259,82.3659744263
2005-06-21,121.4700012207,82.4134826660
2005-06-22,121.5699996948,82.4813308716
2005-06-23,119.8600006104,81.3211593628
2005-06-24,118.9800033569,80.7241058350
2005-06-27,119.1500015259,80.8394393921
2005-06-28,120.1500015259,81.5178985596
2005-06-29,119.8300018311,81.3007965088
2005-06-30,119.1800003052,80.8598022461
2005-07-01,119.5299987793,81.0972595215
2005-07-05,120.4899978638,81.7486114502
2005-07-06,119.4800033569,81.0633392334
2005-07-07,119.9499969482,81.3822479248
2005-07-08,121.3199996948,82.3117065430
2005-07-11,121.9400024414,82.7323684692
2005-07-12,122.2600021362,82.9494857788
2005-07-13,122.4300003052,83.0648040771
2005-07-14,122.9100036621,83.3904800415
2005-07-15,122.8399963379,83.3429718018
2005-07-18,122.3499984741,83.0105438232
2005-07-19,123.0199966431,83.4651107788
2005-07-20,123.4400024414,83.7500610352
2005-07-21,122.7200012207,83.2615814209
2005-07-22,123.5400009155,83.8178939819
2005-07-25,123.1900024414,83.5804672241
2005-07-26,123.3399963379,83.6821975708
2005-07-27,123.7900009155,83.9875411987
2005-07-28,124.5699996948,84.5167160034
2005-07-29,123.7399978638,83.9536209106
2005-08-01,123.6500015259,83.8925476074
2005-08-02,124.3899993896,84.3946380615
2005-08-03,124.7200012207,84.6185302734
2005-08-04,123.7200012207,83.9400405884
2005-08-05,122.8799972534,83.3700942993
2005-08-08,122.6500015259,83.2140731812
2005-08-09,123.3899993896,83.7161178589
2005-08-10,123.3300018311,83.6754379272
2005-08-11,123.8199996948,84.0078735352
2005-08-12,123.0599975586,83.4922409058
2005-08-15,123.8199996948,84.0078735352
2005-08-16,122.2099990845,82.9155654907
2005-08-17,122.1999969482,82.9087524414
2005-08-18,122.1900024414,82.9020080566
2005-08-19,122.4700012207,83.0919265747
2005-08-22,122.4700012207,83.0919265747
2005-08-23,122.2399978638,82.9359130859
2005-08-24,121.1500015259,82.1963882446
2005-08-25,121.5899963379,82.4948959351
2005-08-26,120.7600021362,81.9317550659
2005-08-29,121.6900024414,82.5627441406
2005-08-30,121.0500030518,82.1285324097
2005-08-31,122.5800018311,83.1665725708
2005-09-01,122.4899978638,83.1055374146
2005-09-02,122.2699966431,82.9562530518
2005-09-06,123.6999969482,83.9264678955
2005-09-07,123.9100036621,84.0689163208
2005-09-08,123.5000000000,83.7907791138
2005-09-09,124.5999984741,84.5370635986
2005-09-12,124.3499984741,84.3674545288
2005-09-13,123.6600036621,83.8993453979
2005-09-14,123.2099990845,83.5940246582
2005-09-15,123.1500015259,83.5533599854
2005-09-16,123.5000000000,84.1474533081
2005-09-19,123.0899963379,83.8681182861
2005-09-20,122.0500030518,83.1594543457
2005-09-21,120.9100036621,82.3827514648
2005-09-22,121.3399963379,82.6757049561
2005-09-23,121.4400024414,82.7439117432
2005-09-26,121.5800018311,82.8392333984
2005-09-27,121.5500030518,82.8188247681
2005-09-28,121.6699981689,82.9005737305
2005-09-29,122.6600036621,83.5751113892
2005-09-30,123.0400009155,83.8340530396
2005-10-03,122.5999984741,83.5342330933
2005-10-04,121.2200012207,82.5939636230
2005-10-05,119.6299972534,81.5106124878
2005-10-06,119.1999969482,81.2176055908
2005-10-07,119.6100006104,81.4969635010
2005-10-10,118.5999984741,80.8088226318
2005-10-11,118.4300003052,80.6929702759
2005-10-12,117.5000000000,80.0593109131
2005-10-13,117.4300003052,80.0116195679
2005-10-14,118.6699981689,80.8565139771
2005-10-17,119.1100006104,81.1562805176
2005-10-18,117.8199996948,80.2773437500
2005-10-19,119.7799987793,81.6128082275
2005-10-20,117.6699981689,80.1751251221
2005-10-21,118.1299972534,80.4885787964
2005-10-24,119.9599990845,81.7354354858
2005-10-25,119.7200012207,81.5719299316
2005-10-26,119.3700027466,81.3334579468
2005-10-27,118.0999984741,80.4681625366
2005-10-28,119.8000030518,81.6264648438
2005-10-31,120.1299972534,81.8512420654
2005-11-01,120.4899978638,82.0965805054
2005-11-02,121.7500000000,82.9550704956
2005-11-03,122.2699966431,83.3093872070
2005-11-04,122.1100006104,83.2003402710
2005-11-07,122.2300033569,83.2821350098
2005-11-08,122.2300033569,83.2821350098
2005-11-09,122.3899993896,83.3911666870
2005-11-10,123.3399963379,84.0384140015
2005-11-11,123.7600021362,84.3246002197
2005-11-14,123.6900024414,84.2769088745
2005-11-15,123.2399978638,83.9703063965
2005-11-16,123.4899978638,84.1406173706
2005-11-17,124.6399993896,84.9241714478
2005-11-18,125.1299972534,85.2580795288
2005-11-21,125.7600021362,85.6873245239
2005-11-22,126.3000030518,86.0552444458
2005-11-23,127.0299987793,86.5526275635
2005-11-25,127.1299972534,86.6207504272
2005-11-28,126.2300033569,86.0075531006
2005-11-29,126.0899963379,85.9121780396
2005-11-30,125.4100036621,85.4488449097
2005-12-01,126.6900024414,86.3209609985
2005-12-02,126.8499984741,86.4300003052
2005-12-05,126.5800018311,86.2460403442
2005-12-06,126.8199996948,86.4095687866
2005-12-07,126.0800018311,85.9053421021
2005-12-08,126.0000000000,85.8508071899
2005-12-09,126.3300018311,86.0756759644
2005-12-12,126.4499969482,86.1574249268
2005-12-13,127.3099975586,86.7434310913
2005-12-14,127.8099975586,87.0840988159
2005-12-15,127.4400024414,86.8319778442
2005-12-16,126.3600006104,86.5525817871
2005-12-19,125.7099990845,86.1072845459
2005-12-20,125.8300018311,86.1894836426
2005-12-21,126.0299987793,86.3264846802
2005-12-22,126.6900024414,86.7785491943
2005-12-23,126.7600021362,86.8265151978
2005-12-27,125.4700012207,85.9428787231
2005-12-28,125.7500000000,86.1347198486
2005-12-29,125.1900024414,85.7511291504
2005-12-30,124.5100021362,85.2853317261
2006-01-03,126.6999969482,86.7854232788
2006-01-04,127.3000030518,87.1963958740
2006-01-05,127.3799972534,87.2512054443
2006-01-06,128.4400024414,87.9772567749
2006-01-09,128.7700042725,88.2033081055
2006-01-10,128.8999938965,88.2923583984
2006-01-11,129.3099975586,88.5731887817
2006-01-12,128.8000030518,88.2238540649
2006-01-13,128.6799926758,88.1416473389
2006-01-17,128.3300018311,87.9019317627
2006-01-18,127.8199996948,87.5525817871
2006-01-19,128.3099975586,87.8882217407
2006-01-20,125.9700012207,86.2854080200
2006-01-23,126.4199981689,86.5936203003
2006-01-24,126.5500030518,86.6826858521
2006-01-25,126.6600036621,86.7579956055
2006-01-26,127.3600006104,87.2375335693
2006-01-27,128.5399932861,88.0457458496
2006-01-30,128.4400024414,87.9772567749
2006-01-31,127.5000000000,87.3334045410
2006-02-01,128.3899993896,87.9429931641
2006-02-02,126.9000015259,86.9224014282
2006-02-03,126.2699966431,86.4908676147
2006-02-06,126.5999984741,86.7169342041
2006-02-07,125.4800033569,85.9497375488
2006-02-08,126.6200027466,86.7306289673
2006-02-09,126.4100036621,86.5868072510
2006-02-10,126.6399993896,86.7443237305
2006-02-13,126.4100036621,86.5868072510
2006-02-14,127.7500000000,87.5046463013
2006-02-15,128.1999969482,87.8128662109
2006-02-16,129.1600036621,88.4704055786
2006-02-17,128.8099975586,88.2306976318
2006-02-21,128.4900054932,88.0115280151
2006-02-22,129.2700042725,88.5457687378
2006-02-23,129.0800018311,88.4156112671
2006-02-24,129.4100036621,88.6416549683
2006-02-27,129.4600067139,88.6759262085
2006-02-28,128.2299957275,87.8334197998
2006-03-01,129.3699951172,88.6142730713
2006-03-02,129.3600006104,88.6074218750
2006-03-03,128.7599945068,88.1964569092
2006-03-06,128.1699981689,87.7922897339
2006-03-07,127.9700012207,87.6553268433
2006-03-08,128.2400054932,87.8402557373
2006-03-09,127.3799972534,87.2512054443
2006-03-10,128.5899963379,88.0800094604
2006-03-13,128.8300018311,88.2443695068
2006-03-14,130.1799926758,89.1691207886
2006-03-15,130.7599945068,89.5663681030
2006-03-16,131.0299987793,89.7513427734
2006-03-17,130.6199951172,89.8262786865
2006-03-20,130.4100036621,89.6818618774
2006-03-21,129.5899963379,89.1179656982
2006-03-22,130.3800048828,89.6612625122
2006-03-23,130.1100006104,89.4755172729
2006-03-24,130.2100067139,89.5443420410
2006-03-27,130.0200042725,89.4136734009
2006-03-28,129.2200012207,88.8635253906
2006-03-29,130.0299987793,89.4205551147
2006-03-30,129.8000030518,89.2623596191
2006-03-31,129.8300018311,89.2829971313
2006-04-03,129.7299957275,89.2142257690
2006-04-04,130.5599975586,89.7850189209
2006-04-05,131.0099945068,90.0944671631
2006-04-06,130.8699951172,89.9981918335
2006-04-07,129.5399932861,89.0835342407
2006-04-10,129.7400054932,89.2211074829
2006-04-11,128.6399993896,88.4646530151
2006-04-12,128.8800048828,88.6297073364
2006-04-13,128.7100067139,88.5127792358
2006-04-17,128.6600036621,88.4783935547
2006-04-18,130.6999969482,89.8813400269
2006-04-19,130.9499969482,90.0532302856
2006-04-20,131.1300048828,90.1770095825
2006-04-21,131.1499938965,90.1907730103
2006-04-24,130.9100036621,90.0257263184
2006-04-25,130.3699951172,89.6544036865
2006-04-26,130.3999938965,89.6750030518
2006-04-27,131.0299987793,90.1082382202
2006-04-28,131.4700012207,90.4108200073
2006-05-01,130.3999938965,89.6750030518
2006-05-02,131.3800048828,90.3489379883
2006-05-03,130.8899993896,90.0119400024
2006-05-04,131.3600006104,90.3352127075
2006-05-05,132.5200042725,91.1328735352
2006-05-08,132.3600006104,91.0228500366
2006-05-09,132.6199951172,91.2016448975
2006-05-10,132.5500030518,91.1535339355
2006-05-11,130.9499969482,90.0532302856
2006-05-12,129.2400054932,88.8772811890
2006-05-15,129.5000000000,89.0560379028
2006-05-16,129.3099975586,88.9253997803
2006-05-17,126.8499984741,87.2336883545
2006-05-18,126.2099990845,86.7935714722
2006-05-19,127.0999984741,87.4055938721
2006-05-22,126.1299972534,86.7385711670
2006-05-23,125.1699981689,86.0783309937
2006-05-24,126.1699981689,86.7660217285
2006-05-25,127.7300033569,87.8388595581
2006-05-26,128.3800048828,88.2858581543
2006-05-30,126.0999984741,86.7179260254
2006-05-31,127.5100021362,87.6875686646
2006-06-01,128.7299957275,88.5265731812
2006-06-02,129.0000000000,88.7122344971
2006-06-05,127.1200027466,87.4193572998
2006-06-06,126.8099975586,87.2061691284
2006-06-07,125.8600006104,86.5528640747
2006-06-08,125.7500000000,86.4772186279
2006-06-09,125.3499984741,86.2021484375
2006-06-12,123.9899978638,85.2669067383
2006-06-13,122.5500030518,84.2766342163
2006-06-14,123.5000000000,84.9298934937
2006-06-15,126.1200027466,86.7316589355
2006-06-16,124.6500015259,86.0996627808
2006-06-19,123.6699981689,85.4227294922
2006-06-20,124.0899963379,85.7128524780
2006-06-21,125.0100021362,86.3483200073
2006-06-22,124.4599990845,85.9683990479
2006-06-23,124.4400024414,85.9545822144
2006-06-26,124.9899978638,86.3344650269
2006-06-27,123.9100036621,85.5885009766
2006-06-28,124.7500000000,86.1687164307
2006-06-29,127.2699966431,87.9093627930
2006-06-30,127.2799987793,87.9162673950
2006-07-03,127.8000030518,88.2754516602
2006-07-05,127.0699996948,87.7712326050
2006-07-06,127.4400024414,88.0267944336
2006-07-07,126.6100006104,87.4534606934
2006-07-10,126.8499984741,87.6192626953
2006-07-11,127.4100036621,88.0060806274
2006-07-12,126.0500030518,87.0666809082
2006-07-13,124.0000000000,85.6506881714
2006-07-14,123.5199966431,85.3190994263
2006-07-17,123.3399963379,85.1948013306
2006-07-18,123.9700012207,85.6299514771
2006-07-19,125.6900024414,86.8180160522
2006-07-20,124.8300018311,86.2239837646
2006-07-21,123.9499969482,85.6161727905
2006-07-24,126.2099990845,87.1771926880
2006-07-25,126.6600036621,87.4880218506
2006-07-26,126.8300018311,87.6054382324
2006-07-27,126.7099990845,87.5225219727
2006-07-28,127.9800033569,88.3997955322
2006-07-31,127.8499984741,88.3099822998
2006-08-01,127.2200012207,87.8748016357
2006-08-02,128.0800018311,88.4688491821
2006-08-03,128.4199981689,88.7036972046
2006-08-04,128.1999969482,88.5517272949
2006-08-07,127.9000015259,88.3445053101
2006-08-08,127.4100036621,88.0060806274
2006-08-09,126.9800033569,87.7090530396
2006-08-10,127.3700027466,87.9784317017
2006-08-11,127.0100021362,87.7297515869
2006-08-14,127.1100006104,87.7988128662
2006-08-15,128.6300048828,88.8487777710
2006-08-16,129.6999969482,89.5878219604
2006-08-17,130.0299987793,89.8157806396
2006-08-18,130.6900024414,90.2716674805
2006-08-21,130.1300048828,89.8848495483
2006-08-22,130.1199951172,89.8779602051
2006-08-23,129.7599945068,89.6293029785
2006-08-24,129.6499938965,89.5532760620
2006-08-25,129.8099975586,89.6638183594
2006-08-28,130.4299926758,90.0920867920
2006-08-29,130.5800018311,90.1956939697
2006-08-30,130.6600036621,90.2509384155
2006-08-31,130.6399993896,90.2371063232
2006-09-01,131.4199981689,90.7758941650
2006-09-05,131.6699981689,90.9485931396
2006-09-06,130.5099945068,90.1473159790
2006-09-07,129.9100036621,89.7328872681
2006-09-08,130.2799987793,89.9884567261
2006-09-11,130.4100036621,90.0782852173
2006-09-12,131.6900024414,90.9623870850
2006-09-13,132.2200012207,91.3284759521
2006-09-14,132.2299957275,91.3353805542
2006-09-15,131.9600067139,91.5498046875
2006-09-18,132.1399993896,91.6746215820
2006-09-19,131.8099975586,91.4457397461
2006-09-20,132.5099945068,91.9313278198
2006-09-21,131.8699951172,91.4873046875
2006-09-22,131.4700012207,91.2098236084
2006-09-25,132.4799957275,91.9105377197
2006-09-26,133.5800018311,92.6736984253
2006-09-27,133.7400054932,92.7846527100
2006-09-28,133.6900024414,92.7499618530
2006-09-29,133.5800018311,92.6736984253
2006-10-02,133.0800018311,92.3268051147
2006-10-03,133.3600006104,92.5210494995
2006-10-04,134.9199981689,93.6033325195
2006-10-05,135.1799926758,93.7837142944
2006-10-06,135.0099945068,93.6657791138
2006-10-09,135.0899963379,93.7212677002
2006-10-10,135.2700042725,93.8461685181
2006-10-11,135.1100006104,93.7351684570
2006-10-12,136.2799987793,94.5468444824
2006-10-13,136.6300048828,94.7897033691
2006-10-16,136.8399963379,94.9353866577
2006-10-17,136.4100036621,94.6370697021
2006-10-18,136.5899963379,94.7619247437
2006-10-19,136.8099975586,94.9145355225
2006-10-20,136.8399963379,94.9353866577
2006-10-23,137.4700012207,95.3724060059
2006-10-24,137.8800048828,95.6568374634
2006-10-25,138.3500061035,95.9829406738
2006-10-26,138.7799987793,96.2813186646
2006-10-27,137.9100036621,95.6776885986
2006-10-30,137.8099975586,95.6082992554
2006-10-31,137.7899932861,95.5944595337
2006-11-01,136.8600006104,94.9492416382
2006-11-02,136.7799987793,94.8937759399
2006-11-03,136.5399932861,94.7272109985
2006-11-06,138.0800018311,95.7956085205
2006-11-07,138.6100006104,96.1633224487
2006-11-08,138.9100036621,96.3714599609
2006-11-09,138.1799926758,95.8650283813
2006-11-10,138.2400054932,95.9066467285
2006-11-13,138.5800018311,96.1425170898
2006-11-14,139.6199951172,96.8640365601
2006-11-15,140.0200042725,97.1415176392
2006-11-16,140.3800048828,97.3912887573
2006-11-17,140.4199981689,97.4190368652
2006-11-20,140.5000000000,97.4745407104
2006-11-21,140.6399993896,97.5716934204
2006-11-22,140.9199981689,97.7659683228
2006-11-24,140.3500061035,97.3705215454
2006-11-27,138.4199981689,96.0315017700
2006-11-28,139.0200042725,96.4477539062
2006-11-29,140.4700012207,97.4537429810
2006-11-30,140.5299987793,97.4953689575
2006-12-01,140.2200012207,97.2803039551
2006-12-04,141.2899932861,98.0226440430
2006-12-05,141.8999938965,98.4458007812
2006-12-06,141.7799987793,98.3626022339
2006-12-07,141.1600036621,97.9324417114
2006-12-08,141.4199981689,98.1128082275
2006-12-11,141.8300018311,98.3972778320
2006-12-12,141.7200012207,98.3209762573
2006-12-13,141.8699951172,98.4249954224
2006-12-14,143.1199951172,99.2921829224
2006-12-15,142.3399963379,99.3012924194
2006-12-18,141.9499969482,99.0292053223
2006-12-19,142.2200012207,99.2175674438
2006-12-20,142.1399993896,99.1617660522
2006-12-21,141.6199951172,98.7989501953
2006-12-22,140.7500000000,98.1920394897
2006-12-26,141.5800018311,98.7711181641
2006-12-27,142.5099945068,99.4198913574
2006-12-28,142.2100067139,99.2106018066
2006-12-29,141.6199951172,98.7989501953
2007-01-03,141.3699951172,98.6245880127
2007-01-04,141.6699981689,98.8338851929
2007-01-05,140.5399932861,98.0455551147
2007-01-08,141.1900024414,98.4990005493
2007-01-09,141.0700073242,98.4153060913
2007-01-10,141.5399932861,98.7432022095
2007-01-11,142.1600036621,99.1757431030
2007-01-12,143.2400054932,99.9291915894
2007-01-16,142.9600067139,99.7338027954
2007-01-17,143.0200042725,99.7756805420
2007-01-18,142.5399932861,99.4408264160
2007-01-19,142.8200073242,99.6361846924
2007-01-22,142.3800048828,99.3292007446
2007-01-23,142.8000030518,99.6222305298
2007-01-24,143.9499969482,100.4245071411
2007-01-25,142.2599945068,99.2455139160
2007-01-26,142.1300048828,99.1547775269
2007-01-29,142.0500030518,99.0989913940
2007-01-30,142.7899932861,99.6152725220
2007-01-31,143.7500000000,100.2849502563
2007-02-01,144.6100006104,100.8849411011
2007-02-02,144.8099975586,101.0244598389
2007-02-05,144.8500061035,101.0523452759
2007-02-06,144.8899993896,101.0802459717
2007-02-07,145.2100067139,101.3034973145
2007-02-08,145.0200042725,101.1709671021
2007-02-09,143.9400024414,100.4175338745
2007-02-12,143.4499969482,100.0756454468
2007-02-13,144.6600036621,100.9197921753
2007-02-14,145.6100006104,101.5826034546
2007-02-15,145.8000030518,101.7151031494
2007-02-16,145.7299957275,101.6662673950
2007-02-20,146.0399932861,101.8825683594
2007-02-21,145.9799957275,101.8407211304
2007-02-22,145.8699951172,101.7638931274
2007-02-23,145.3000030518,101.3662872314
2007-02-26,145.1699981689,101.2755813599
2007-02-27,139.5000000000,97.3200225830
2007-02-28,140.9299926758,98.3176269531
2007-03-01,140.5099945068,98.0246124268
2007-03-02,138.6699981689,96.7409515381
2007-03-05,137.3500061035,95.8201065063
2007-03-06,139.6999969482,97.4595260620
2007-03-07,139.5599975586,97.3618392944
2007-03-08,140.7400054932,98.1850738525
2007-03-09,140.7799987793,98.2129745483
2007-03-12,140.9900054932,98.3594970703
2007-03-13,138.2500000000,96.4480133057
2007-03-14,139.2799987793,97.1665420532
2007-03-15,139.4700012207,97.2991027832
2007-03-16,138.5299987793,97.0266189575
2007-03-19,140.1999969482,98.1963043213
2007-03-20,140.9700012207,98.7355957031
2007-03-21,143.2899932861,100.3605651855
2007-03-22,143.1799926758,100.2834854126
2007-03-23,143.3899993896,100.4305496216
2007-03-26,143.1999969482,100.2975311279
2007-03-27,142.8600006104,100.0593719482
2007-03-28,141.8200073242,99.3309402466
2007-03-29,141.9700012207,99.4360275269
2007-03-30,142.0000000000,99.4569778442
2007-04-02,142.1600036621,99.5691299438
2007-04-03,143.6900024414,100.6407241821
2007-04-04,143.8500061035,100.7527618408
2007-04-05,144.2400054932,101.0259780884
2007-04-09,144.4400024414,101.1659927368
2007-04-10,144.6100006104,101.2850875854
2007-04-11,144.0200042725,100.8718566895
2007-04-12,144.6600036621,101.3200683594
2007-04-13,145.3200073242,101.7823028564
2007-04-16,146.6999969482,102.7488708496
2007-04-17,147.0899963379,103.0220336914
2007-04-18,147.2700042725,103.1481170654
2007-04-19,147.2299957275,103.1201019287
2007-04-20,148.6199951172,104.0936737061
2007-04-23,148.0599975586,103.7014465332
2007-04-24,148.1199951172,103.7434616089
2007-04-25,149.4799957275,104.6960220337
2007-04-26,149.6499938965,104.8150863647
2007-04-27,149.5299987793,104.7310409546
2007-04-30,148.2899932861,103.8625411987
2007-05-01,148.6699981689,104.1287155151
2007-05-02,149.5399932861,104.7380905151
2007-05-03,150.3500061035,105.3053359985
2007-05-04,150.9199981689,105.7046356201
2007-05-07,150.9499969482,105.7256546021
2007-05-08,150.7500000000,105.5855407715
2007-05-09,151.1600036621,105.8727035522
2007-05-10,149.5800018311,104.7660598755
2007-05-11,150.8600006104,105.6626129150
2007-05-14,150.5299987793,105.4313888550
2007-05-15,150.5700073242,105.4594421387
2007-05-16,151.6000061035,106.1808547974
2007-05-17,151.3000030518,105.9707489014
2007-05-18,152.6199951172,106.8953094482
2007-05-21,152.5399932861,106.8391876221
2007-05-22,152.4199981689,106.7552413940
2007-05-23,152.4400024414,106.7692184448
2007-05-24,151.0599975586,105.8026657104
2007-05-25,151.6900024414,106.2439498901
2007-05-29,152.2400054932,106.6291046143
2007-05-30,153.4799957275,107.4976501465
2007-05-31,153.3200073242,107.3855972290
2007-06-01,154.0800018311,107.9179077148
2007-06-04,154.1000061035,107.9319076538
2007-06-05,153.4900054932,107.5046615601
2007-06-06,151.8399963379,106.3489913940
2007-06-07,149.1000061035,104.4298324585
2007-06-08,151.0399932861,105.7886581421
2007-06-11,151.3000030518,105.9707489014
2007-06-12,149.6499938965,104.8150863647
2007-06-13,151.8899993896,106.3840103149
2007-06-14,152.8600006104,107.0634536743
2007-06-15,153.0700073242,107.6725997925
2007-06-18,152.8899993896,107.5459899902
2007-06-19,153.2700042725,107.8132934570
2007-06-20,151.1399993896,106.3149642944
2007-06-21,151.9799957275,106.9058380127
2007-06-22,150.5500030518,105.8999328613
2007-06-25,149.8300018311,105.3934478760
2007-06-26,148.2899932861,104.3102111816
2007-06-27,150.3999938965,105.7944107056
2007-06-28,150.3800048828,105.7803344727
2007-06-29,150.4299926758,105.8154907227
2007-07-02,151.7899932861,106.7721405029
2007-07-03,152.3399963379,107.1590728760
2007-07-05,152.1799926758,107.0464859009
2007-07-06,152.9799957275,107.6092376709
2007-07-09,153.1000061035,107.6936874390
2007-07-10,150.9199981689,106.1602020264
2007-07-11,151.9900054932,106.9128112793
2007-07-12,154.3899993896,108.6010665894
2007-07-13,154.8500061035,108.9246444702
2007-07-16,154.8300018311,108.9105606079
2007-07-17,154.7500000000,108.8542785645
2007-07-18,154.4700012207,108.6573181152
2007-07-19,155.0700073242,109.0793991089
2007-07-20,153.5000000000,107.9749908447
2007-07-23,153.9700012207,108.3055877686
2007-07-24,151.3000030518,106.4274597168
2007-07-25,151.6100006104,106.6455535889
2007-07-26,148.0200042725,104.1202468872
2007-07-27,145.1100006104,102.0733566284
2007-07-30,147.3800048828,103.6700973511
2007-07-31,145.7200012207,102.5024032593
2007-08-01,146.4299926758,103.0018310547
2007-08-02,147.6000061035,103.8248443604
2007-08-03,143.8000030518,101.1518478394
2007-08-06,146.2100067139,102.8470993042
2007-08-07,147.7700042725,103.9444122314
2007-08-08,149.8300018311,105.3934478760
2007-08-09,145.3899993896,102.2702941895
2007-08-10,144.7100067139,101.7919235229
2007-08-13,145.2299957275,102.1577377319
2007-08-14,143.0099945068,100.5961227417
2007-08-15,141.0399932861,99.2103958130
2007-08-16,142.1000061035,99.9560470581
2007-08-17,144.7100067139,101.7919235229
2007-08-20,144.6399993896,101.7427139282
2007-08-21,144.9299926758,101.9466934204
2007-08-22,146.6499938965,103.1565856934
2007-08-23,146.5200042725,103.0651245117
2007-08-24,148.3300018311,104.3383407593
2007-08-27,146.9499969482,103.3675994873
2007-08-28,143.7200012207,101.0955963135
2007-08-29,146.5399932861,103.0792083740
2007-08-30,146.1499938965,102.8048934937
2007-08-31,147.5899963379,103.8178024292
2007-09-04,149.0800018311,104.8658828735
2007-09-05,147.7899932861,103.9584732056
2007-09-06,148.1300048828,104.1976623535
2007-09-07,146.0700073242,102.7486114502
2007-09-10,145.7899932861,102.5516510010
2007-09-11,147.4900054932,103.7474899292
2007-09-12,147.8699951172,104.0147323608
2007-09-13,148.9100036621,104.7463607788
2007-09-14,148.8999938965,104.7393035889
2007-09-17,148.1000061035,104.1765289307
2007-09-18,152.4600067139,107.2434463501
2007-09-19,153.3600006104,107.8765563965
2007-09-20,152.2799987793,107.1168441772
2007-09-21,151.9700012207,107.4059219360
2007-09-24,151.6900024414,107.2079925537
2007-09-25,151.3899993896,106.9960403442
2007-09-26,152.1900024414,107.5613937378
2007-09-27,153.0899963379,108.1974639893
2007-09-28,152.5800018311,107.8370437622
2007-10-01,154.3000030518,109.0526046753
2007-10-02,154.0899963379,108.9042510986
2007-10-03,153.7799987793,108.6851043701
2007-10-04,154.0200042725,108.8547973633
2007-10-05,155.8500061035,110.1481323242
2007-10-08,155.0200042725,109.5615463257
2007-10-09,156.4799957275,110.5933914185
2007-10-10,156.2200012207,110.4096603394
2007-10-11,155.4700012207,109.8795547485
2007-10-12,156.3300018311,110.4873199463
2007-10-15,155.0099945068,109.5544357300
2007-10-16,153.7799987793,108.6851043701
2007-10-17,154.2500000000,109.0173416138
2007-10-18,153.6900024414,108.6215744019
2007-10-19,149.6699981689,105.7803573608
2007-10-22,150.5399932861,106.3952331543
2007-10-23,151.7599945068,107.2574996948
2007-10-24,151.4799957275,107.0595855713
2007-10-25,151.8399963379,107.3140029907
2007-10-26,153.6199951172,108.5720367432
2007-10-29,154.1300048828,108.9325103760
2007-10-30,153.0599975586,108.1762619019
2007-10-31,154.6499938965,109.3000335693
2007-11-01,151.0299987793,106.7415771484
2007-11-02,151.1999969482,106.8617324829
2007-11-05,150.0500030518,106.0489120483
2007-11-06,152.0700073242,107.4766235352
2007-11-07,147.9100036621,104.5364913940
2007-11-08,147.1600036621,104.0064468384
2007-11-09,145.1399993896,102.5787506104
2007-11-12,143.6999969482,101.5609970093
2007-11-13,148.0800018311,104.6565933228
2007-11-14,147.6699981689,104.3668746948
2007-11-15,145.5399932861,102.8614501953
2007-11-16,145.7899932861,103.0381469727
2007-11-19,143.7599945068,101.6034088135
2007-11-20,144.6399993896,102.2253952026
2007-11-21,141.6799926758,100.1333923340
2007-11-23,144.1300048828,101.8649139404
2007-11-26,140.9499969482,99.6174392700
2007-11-27,142.5700073242,100.7624053955
2007-11-28,147.1300048828,103.9851837158
2007-11-29,147.1799926758,104.0205612183
2007-11-30,148.6600036621,105.0665283203
2007-12-03,147.6799926758,104.3739242554
2007-12-04,146.3600006104,103.4410324097
2007-12-05,148.8099975586,105.1725692749
2007-12-06,150.9400024414,106.6779556274
2007-12-07,150.9100036621,106.6567459106
2007-12-10,152.0800018311,107.4836196899
2007-12-11,147.9100036621,104.5364913940
2007-12-12,149.3699951172,105.5683670044
2007-12-13,149.0599975586,105.3492279053
2007-12-14,147.1699981689,104.0135116577
2007-12-17,145.0700073242,102.5292663574
2007-12-18,145.8800048828,103.1017456055
2007-12-19,145.8800048828,103.1017456055
2007-12-20,146.8000030518,103.7519989014
2007-12-21,148.1300048828,105.2475967407
2007-12-24,149.2299957275,106.0291748047
2007-12-26,149.5500030518,106.2565307617
2007-12-27,147.6699981689,104.9207687378
2007-12-28,147.3000030518,104.6579055786
2007-12-31,146.2100067139,103.8834381104
2008-01-02,144.9299926758,102.9739532471
2008-01-03,144.8600006104,102.9242630005
2008-01-04,141.3099975586,100.4019165039
2008-01-07,141.1900024414,100.3166809082
2008-01-08,138.9100036621,98.6967239380
2008-01-09,140.3699951172,99.7340698242
2008-01-10,141.2899932861,100.3877334595
2008-01-11,140.1499938965,99.5777359009
2008-01-14,141.2799987793,100.3805999756
2008-01-15,138.1699981689,98.1709442139
2008-01-16,136.9799957275,97.3254165649
2008-01-17,133.4299926758,94.8031082153
2008-01-18,132.0599975586,93.8297042847
2008-01-22,130.7200012207,92.8776550293
2008-01-23,133.8600006104,95.1086502075
2008-01-24,134.9900054932,95.9115295410
2008-01-25,133.0399932861,94.5260238647
2008-01-28,135.2400054932,96.0891647339
2008-01-29,135.9100036621,96.5652008057
2008-01-30,134.9100036621,95.8546981812
2008-01-31,137.3699951172,97.6025238037
2008-02-01,139.5800018311,99.1727447510
2008-02-04,137.8200073242,97.9223022461
2008-02-05,134.1300048828,95.3004531860
2008-02-06,133.0500030518,94.5331649780
2008-02-07,133.9299926758,95.1583709717
2008-02-08,133.0700073242,94.5473403931
2008-02-11,133.7500000000,95.0304794312
2008-02-12,134.9900054932,95.9115295410
2008-02-13,136.3699951172,96.8920059204
2008-02-14,135.1699981689,96.0394058228
2008-02-15,135.1399993896,96.0180587769
2008-02-19,135.5200042725,96.2880935669
2008-02-20,135.9199981689,96.5723037720
2008-02-21,134.7899932861,95.7694244385
2008-02-22,135.6199951172,96.3591156006
2008-02-25,137.3300018311,97.5740661621
2008-02-26,138.3600006104,98.3059082031
2008-02-27,138.2200012207,98.2064514160
2008-02-28,136.8699951172,97.2473068237
2008-02-29,133.8200073242,95.0802536011
2008-03-03,133.5000000000,94.8528594971
2008-03-04,132.9900054932,94.4905166626
2008-03-05,133.8300018311,95.0873413086
2008-03-06,131.0599975586,93.1192321777
2008-03-07,129.7100067139,92.1600646973
2008-03-10,128.0000000000,90.9450836182
2008-03-11,132.6000061035,94.2133941650
2008-03-12,131.3600006104,93.3323593140
2008-03-13,131.6499938965,93.5384445190
2008-03-14,129.6100006104,92.0889739990
2008-03-17,128.3000030518,91.1582031250
2008-03-18,133.6300048828,94.9452285767
2008-03-19,130.3200073242,92.5934448242
2008-03-20,132.0800018311,94.3085250854
2008-03-24,134.7200012207,96.1935806274
2008-03-25,134.8500061035,96.2863769531
2008-03-26,133.1999969482,95.1082305908
2008-03-27,132.7799987793,94.8083572388
2008-03-28,131.5099945068,93.9015274048
2008-03-31,131.9700012207,94.2300109863
2008-04-01,136.6100006104,97.5430526733
2008-04-02,136.6999969482,97.6073226929
2008-04-03,137.0399932861,97.8500671387
2008-04-04,136.8899993896,97.7430114746
2008-04-07,136.9600067139,97.7929916382
2008-04-08,136.8200073242,97.6930160522
2008-04-09,135.8300018311,96.9861373901
2008-04-10,136.0200042725,97.1217956543
2008-04-11,133.3800048828,95.2367401123
2008-04-14,132.9299926758,94.9154739380
2008-04-15,133.2400054932,95.1368026733
2008-04-16,136.8500061035,97.7144622803
2008-04-17,137.0500030518,97.8572235107
2008-04-18,138.4799957275,98.8783035278
2008-04-21,138.5500030518,98.9282684326
2008-04-22,137.9400024414,98.4927291870
2008-04-23,137.7200012207,98.3356323242
2008-04-24,138.3200073242,98.7640457153
2008-04-25,139.6000061035,99.6780242920
2008-04-28,139.6300048828,99.6994171143
2008-04-29,139.0800018311,99.3067398071
2008-04-30,138.2599945068,98.7212066650
2008-05-01,141.1199951172,100.7632980347
2008-05-02,141.5099945068,101.0418243408
2008-05-05,140.8300018311,100.5562438965
2008-05-06,142.0500030518,101.4273681641
2008-05-07,139.5200042725,99.6208343506
2008-05-08,139.1600036621,99.3638153076
2008-05-09,138.8999938965,99.1781845093
2008-05-12,140.4600067139,100.2920608521
2008-05-13,140.4799957275,100.3063201904
2008-05-14,140.7700042725,100.5134353638
2008-05-15,142.5299987793,101.7701187134
2008-05-16,142.6600036621,101.8629379272
2008-05-19,143.0500030518,102.1413955688
2008-05-20,141.8899993896,101.3131332397
2008-05-21,139.4900054932,99.5994644165
2008-05-22,139.5099945068,99.6137313843
2008-05-23,137.6399993896,98.2784957886
2008-05-27,138.6600036621,99.0067901611
2008-05-28,139.3000030518,99.4637908936
2008-05-29,140.0000000000,99.9636383057
2008-05-30,140.3500061035,100.2135162354
2008-06-02,138.8999938965,99.1781845093
2008-06-03,138.0899963379,98.5998077393
2008-06-04,138.0200042725,98.5498657227
2008-06-05,140.7799987793,100.5205459595
2008-06-06,136.2899932861,97.3145904541
2008-06-09,136.6199951172,97.5502395630
2008-06-10,135.9400024414,97.0646591187
2008-06-11,133.9400024414,95.6366348267
2008-06-12,134.4499969482,96.0007553101
2008-06-13,136.1499938965,97.2145996094
2008-06-16,136.2299957275,97.2717361450
2008-06-17,135.5700073242,96.8004837036
2008-06-18,134.2500000000,95.8579559326
2008-06-19,134.4199981689,95.9793472290
2008-06-20,131.5800018311,94.4214630127
2008-06-23,131.4499969482,94.3281784058
2008-06-24,131.1900024414,94.1415863037
2008-06-25,131.8099975586,94.5865097046
2008-06-26,128.2299957275,92.0174942017
2008-06-27,127.5299987793,91.5151901245
2008-06-30,127.9800033569,91.8381118774
2008-07-01,128.3800048828,92.1251678467
2008-07-02,126.1800003052,90.5464248657
2008-07-03,126.3099975586,90.6397171021
2008-07-07,125.0199966431,89.7140274048
2008-07-08,127.2399978638,91.3070755005
2008-07-09,124.7900009155,89.5489501953
2008-07-10,125.3000030518,89.9149398804
2008-07-11,123.8399963379,88.8672637939
2008-07-14,122.7200012207,88.0635528564
2008-07-15,120.9899978638,86.8221054077
2008-07-16,123.9599990845,88.9533691406
2008-07-17,125.1999969482,89.8431930542
2008-07-18,125.9800033569,90.4028930664
2008-07-21,126.0500030518,90.4531631470
2008-07-22,127.4800033569,91.4793167114
2008-07-23,128.1699981689,91.9744567871
2008-07-24,125.5100021362,90.0656127930
2008-07-25,125.4800033569,90.0440902710
2008-07-28,123.6399993896,88.7237243652
2008-07-29,126.2799987793,90.6181793213
2008-07-30,128.5299987793,92.2327575684
2008-07-31,126.8300018311,91.0128555298
2008-08-01,126.1600036621,90.5321044922
2008-08-04,124.9899978638,89.6924667358
2008-08-05,128.3600006104,92.1107635498
2008-08-06,128.9299926758,92.5197906494
2008-08-07,127.0100021362,91.1420288086
2008-08-08,129.3699951172,92.8355636597
2008-08-11,130.7100067139,93.7971343994
2008-08-12,129.3500061035,92.8212127686
2008-08-13,128.5700073242,92.2614822388
2008-08-14,129.5399932861,92.9575576782
2008-08-15,130.1699981689,93.4096374512
2008-08-18,128.3899993896,92.1323394775
2008-08-19,126.9899978638,91.1276779175
2008-08-20,127.5800018311,91.5510635376
2008-08-21,127.8000030518,91.7089462280
2008-08-22,129.6499938965,93.0364685059
2008-08-25,127.0199966431,91.1491622925
2008-08-26,127.3899993896,91.4147033691
2008-08-27,128.6300048828,92.3045501709
2008-08-28,130.1900024414,93.4239959717
2008-08-29,128.7899932861,92.4193191528
2008-09-02,127.9899978638,91.8452758789
2008-09-03,127.8799972534,91.7663421631
2008-09-04,124.0299987793,89.0036163330
2008-09-05,124.4199981689,89.2834472656
2008-09-08,126.9899978638,91.1276779175
2008-09-09,123.2200012207,88.4223480225
2008-09-10,123.7200012207,88.7811431885
2008-09-11,125.5100021362,90.0656127930
2008-09-12,126.0899963379,90.4818038940
2008-09-15,120.0899963379,86.1762542725
2008-09-16,122.0999984741,87.6186599731
2008-09-17,116.6100006104,83.6789932251
2008-09-18,120.0699996948,86.1619033813
2008-09-19,124.1200027466,89.5836944580
2008-09-22,121.3099975586,87.5556106567
2008-09-23,118.5500030518,85.5635681152
2008-09-24,118.9300003052,85.8378295898
2008-09-25,120.7900009155,87.1803283691
2008-09-26,120.8499984741,87.2235946655
2008-09-29,111.3799972534,80.3886032104
2008-09-30,115.9899978638,83.7158813477
2008-10-01,116.0599975586,83.7663726807
2008-10-02,111.8499984741,80.7278442383
2008-10-03,110.3399963379,79.6379928589
2008-10-06,104.7200012207,75.5817642212
2008-10-07,100.0299987793,72.1967849731
2008-10-08,97.5100021362,70.3779373169
2008-10-09,90.6999969482,65.4627990723
2008-10-10,88.5000000000,63.8749656677
2008-10-13,101.3499984741,73.1494369507
2008-10-14,99.8499984741,72.0668411255
2008-10-15,90.0199966431,64.9720458984
2008-10-16,93.7699966431,67.6786117554
2008-10-17,93.2099990845,67.2744140625
2008-10-20,98.8099975586,71.3162307739
2008-10-21,95.8600006104,69.1870269775
2008-10-22,90.6399993896,65.4195022583
2008-10-23,91.6900024414,66.1773452759
2008-10-24,87.0400009155,62.8212051392
2008-10-27,83.9499969482,60.5909767151
2008-10-28,93.7600021362,67.6713562012
2008-10-29,93.0800018311,67.1806030273
2008-10-30,96.3000030518,69.5046386719
2008-10-31,96.8300018311,69.8871536255
2008-11-03,97.1100006104,70.0892410278
2008-11-04,100.4100036621,72.4710083008
2008-11-05,96.1900024414,69.4252319336
2008-11-06,90.8600006104,65.5783157349
2008-11-07,93.8600006104,67.7435531616
2008-11-10,92.6299972534,66.8558044434
2008-11-11,89.7699966431,64.7915954590
2008-11-12,85.8199996948,61.9406394958
2008-11-13,91.1699981689,65.8020172119
2008-11-14,86.6200027466,62.5180854797
2008-11-17,85.4700012207,61.6880645752
2008-11-18,87.0800018311,62.8500671387
2008-11-19,81.5000000000,58.8227081299
2008-11-20,75.4499969482,54.4560928345
2008-11-21,79.5199966431,57.3936424255
2008-11-24,85.0299987793,61.3704681396
2008-11-25,85.6600036621,61.8251876831
2008-11-26,88.9700012207,64.2141952515
2008-11-28,90.0899963379,65.0225219727
2008-12-01,82.1100006104,59.2629737854
2008-12-02,85.2699966431,61.5437011719
2008-12-03,87.3199996948,63.0232963562
2008-12-04,85.3000030518,61.5653572083
2008-12-05,87.9300003052,63.4635848999
2008-12-08,91.0000000000,65.6793212891
2008-12-09,89.5000000000,64.5967254639
2008-12-10,90.1100006104,65.0369491577
2008-12-11,87.9400024414,63.4707984924
2008-12-12,88.9899978638,64.2286148071
2008-12-15,87.7500000000,63.3336524963
2008-12-16,91.8799972534,66.3144378662
2008-12-17,90.9899978638,65.6721115112
2008-12-18,89.2900009155,64.4451446533
2008-12-19,88.1900024414,64.1679153442
2008-12-22,87.0599975586,63.3457031250
2008-12-23,86.1600036621,62.6908874512
2008-12-24,86.6600036621,63.0546722412
2008-12-26,87.1600036621,63.4184875488
2008-12-29,86.9100036621,63.2365951538
2008-12-30,88.9700012207,64.7354431152
2008-12-31,90.2399978638,65.6595230103
2009-01-02,92.9599990845,67.6386184692
2009-01-05,92.8499984741,67.5585784912
2009-01-06,93.4700012207,68.0097045898
2009-01-07,90.6699981689,65.9723739624
2009-01-08,91.0400009155,66.2416076660
2009-01-09,89.0899963379,64.8227462769
2009-01-12,86.9499969482,63.2656974792
2009-01-13,87.1100006104,63.3821220398
2009-01-14,84.3700027466,61.3884506226
2009-01-15,84.4000015259,61.4102821350
2009-01-16,85.0599975586,61.8905067444
2009-01-20,80.5699996948,58.6235237122
2009-01-21,84.0500030518,61.1556091309
2009-01-22,82.7500000000,60.2097244263
2009-01-23,83.1100006104,60.4716644287
2009-01-26,83.6800003052,60.8863830566
2009-01-27,84.5299987793,61.5048599243
2009-01-28,87.3899993896,63.5858573914
2009-01-29,84.5500030518,61.5194206238
2009-01-30,82.8300018311,60.2679138184
2009-02-02,82.5800018311,60.0860748291
2009-02-03,83.7399978638,60.9300537109
2009-02-04,83.3300018311,60.6317481995
2009-02-05,84.5699996948,61.5339775085
2009-02-06,86.9800033569,63.2875137329
2009-02-09,87.0999984741,63.3747940063
2009-02-10,83.1100006104,60.4716644287
2009-02-11,83.5999984741,60.8281822205
2009-02-12,83.6600036621,60.8718452454
2009-02-13,82.7600021362,60.2170104980
2009-02-17,79.2200012207,57.6412734985
2009-02-18,79.0299987793,57.5029945374
2009-02-19,78.1800003052,56.8845367432
2009-02-20,77.4199981689,56.3315620422
2009-02-23,74.6500015259,54.3160667419
2009-02-24,77.4800033569,56.3752021790
2009-02-25,76.8700027466,55.9313812256
2009-02-26,75.6200027466,55.0218544006
2009-02-27,73.9300003052,53.7922019958
2009-03-02,70.5999984741,51.3692474365
2009-03-03,70.0699996948,50.9836387634
2009-03-04,71.7300033569,52.1914558411
2009-03-05,68.8000030518,50.0595550537
2009-03-06,68.9199981689,50.1468696594
2009-03-09,68.1100006104,49.5575180054
2009-03-10,72.1699981689,52.5115776062
2009-03-11,72.6399993896,52.8535804749
2009-03-12,75.5000000000,54.9345588684
2009-03-13,76.0899963379,55.3638153076
2009-03-16,75.8600006104,55.1964874268
2009-03-17,78.1800003052,56.8845367432
2009-03-18,79.9300003052,58.1578521729
2009-03-19,78.9400024414,57.4375228882
2009-03-20,76.7099990845,56.2144241333
2009-03-23,82.2200012207,60.2522811890
2009-03-24,80.5999984741,59.0651397705
2009-03-25,81.4499969482,59.6880226135
2009-03-26,83.1100006104,60.9044876099
2009-03-27,81.6100006104,59.8052673340
2009-03-30,78.7900009155,57.7387046814
2009-03-31,79.5199966431,58.2736778259
2009-04-01,81.0599975586,59.4022216797
2009-04-02,83.4300003052,61.1389884949
2009-04-03,84.2600021362,61.7472152710
2009-04-06,83.5999984741,61.2635421753
2009-04-07,81.6500015259,59.8345718384
2009-04-08,82.5299987793,60.4794387817
2009-04-09,85.8099975586,62.8830833435
2009-04-13,85.8300018311,62.8977584839
2009-04-14,84.3499984741,61.8131828308
2009-04-15,85.2500000000,62.4726982117
2009-04-16,86.5000000000,63.3887290955
2009-04-17,87.0800018311,63.8137779236
2009-04-20,83.4300003052,61.1389884949
2009-04-21,85.0599975586,62.3334655762
2009-04-22,84.5400009155,61.9524116516
2009-04-23,85.3700027466,62.5606689453
2009-04-24,86.6600036621,63.5059890747
2009-04-27,85.8399963379,62.9050827026
2009-04-28,85.5699996948,62.7072181702
2009-04-29,87.3899993896,64.0409698486
2009-04-30,87.4199981689,64.0629119873
2009-05-01,87.8899993896,64.4073715210
2009-05-04,90.8799972534,66.5984954834
2009-05-05,90.5699996948,66.3713226318
2009-05-06,92.1399993896,67.5218276978
2009-05-07,90.8600006104,66.5838241577
2009-05-08,92.9800033569,68.1373901367
2009-05-11,91.2399978638,66.8622817993
2009-05-12,90.9700012207,66.6644515991
2009-05-13,88.6800003052,64.9862976074
2009-05-14,89.4400024414,65.5432128906
2009-05-15,88.7099990845,65.0082626343
2009-05-18,91.2300033569,66.8549652100
2009-05-19,91.1200027466,66.7743682861
2009-05-20,90.5100021362,66.3273086548
2009-05-21,89.2099990845,65.3746871948
2009-05-22,89.0199966431,65.2354202271
2009-05-26,91.3000030518,66.9062652588
2009-05-27,89.6699981689,65.7117614746
2009-05-28,90.9199981689,66.6277923584
2009-05-29,92.5299987793,67.8076095581
2009-06-01,94.7699966431,69.4491424561
2009-06-02,94.8499984741,69.5077514648
2009-06-03,93.6500015259,68.6283569336
2009-06-04,94.5299987793,69.2732620239
2009-06-05,94.5500030518,69.2879104614
2009-06-08,94.1600036621,69.0021438599
2009-06-09,94.6399993896,69.3538970947
2009-06-10,94.4000015259,69.1779861450
2009-06-11,94.8199996948,69.4858093262
2009-06-12,95.0800018311,69.6763076782
2009-06-15,92.9000015259,68.0787658691
2009-06-16,91.6399993896,67.1554107666
2009-06-17,91.5500030518,67.0894470215
2009-06-18,92.2200012207,67.5804595947
2009-06-19,92.0400009155,67.8295593262
2009-06-22,89.2799987793,65.7955245972
2009-06-23,89.3499984741,65.8471374512
2009-06-24,90.1200027466,66.4146118164
2009-06-25,92.0800018311,67.8590011597
2009-06-26,91.8399963379,67.6821670532
2009-06-29,92.6999969482,68.3159790039
2009-06-30,91.9499969482,67.7632141113
2009-07-01,92.3300018311,68.0432510376
2009-07-02,89.8099975586,66.1861267090
2009-07-06,89.8000030518,66.1787719727
2009-07-07,88.0599975586,64.8964309692
2009-07-08,88.0000000000,64.8522338867
2009-07-09,88.1699981689,64.9775238037
2009-07-10,87.9599990845,64.8227462769
2009-07-13,90.0999984741,66.3998641968
2009-07-14,90.6100006104,66.7756652832
2009-07-15,93.2600021362,68.7286224365
2009-07-16,93.1100006104,68.6181030273
2009-07-17,94.1299972534,69.3697662354
2009-07-20,95.1299972534,70.1067504883
2009-07-21,95.5699996948,70.4310226440
2009-07-22,95.5500030518,70.4162979126
2009-07-23,97.6600036621,71.9712371826
2009-07-24,98.0599975586,72.2660369873
2009-07-27,98.3499984741,72.4797363281
2009-07-28,97.8899993896,72.1407546997
2009-07-29,97.6500015259,71.9638900757
2009-07-30,98.6699981689,72.7155914307
2009-07-31,98.8099975586,72.8187637329
2009-08-03,100.4400024414,74.0199813843
2009-08-04,100.6999969482,74.2116012573
2009-08-05,100.4100036621,73.9978790283
2009-08-06,99.8899993896,73.6146697998
2009-08-07,101.1999969482,74.5800933838
2009-08-10,100.9899978638,74.4253082275
2009-08-11,99.7300033569,73.4967651367
2009-08-12,100.8000030518,74.2852935791
2009-08-13,101.5699996948,74.8527450562
2009-08-14,100.7900009155,74.2779541016
2009-08-17,98.3099975586,72.4502716064
2009-08-18,99.0899963379,73.0250930786
2009-08-19,99.9599990845,73.6662521362
2009-08-20,100.9899978638,74.4253082275
2009-08-21,102.9700012207,75.8844757080
2009-08-24,102.9599990845,75.8771591187
2009-08-25,103.1600036621,76.0245056152
2009-08-26,103.1699981689,76.0318908691
2009-08-27,103.4000015259,76.2014236450
2009-08-28,103.3799972534,76.1866378784
2009-08-31,102.4599990845,75.5086593628
2009-09-01,100.1999969482,73.8431320190
2009-09-02,99.8199996948,73.5630798340
2009-09-03,100.6500015259,74.1747665405
2009-09-04,102.0599975586,75.2138824463
2009-09-08,102.9400024414,75.8623504639
2009-09-09,103.7300033569,76.4445877075
2009-09-10,104.7900009155,77.2257690430
2009-09-11,104.7699966431,77.2110137939
2009-09-14,105.2799987793,77.5868530273
2009-09-15,105.7200012207,77.9111175537
2009-09-16,107.3199996948,79.0902938843
2009-09-17,107.1600036621,78.9723358154
2009-09-18,106.7200012207,79.0227050781
2009-09-21,106.4499969482,78.8227691650
2009-09-22,107.0699996948,79.2818756104
2009-09-23,106.1800003052,78.6228790283
2009-09-24,105.0100021362,77.7565002441
2009-09-25,104.4499969482,77.3418502808
2009-09-28,106.3199996948,78.7264938354
2009-09-29,106.0000000000,78.4895553589
2009-09-30,105.5899963379,78.1859741211
2009-10-01,102.9700012207,76.2459487915
2009-10-02,102.4899978638,75.8905410767
2009-10-05,104.0199966431,77.0234451294
2009-10-06,105.5100021362,78.1267471313
2009-10-07,105.8000030518,78.3414611816
2009-10-08,106.6100006104,78.9412536621
2009-10-09,107.2600021362,79.4225540161
2009-10-12,107.6800003052,79.7335433960
2009-10-13,107.4599990845,79.5706329346
2009-10-14,109.3099975586,80.9404907227
2009-10-15,109.7099990845,81.2366790771
2009-10-16,108.8899993896,80.6295089722
2009-10-19,109.7900009155,81.2959289551
2009-10-20,109.2099990845,80.8664627075
2009-10-21,108.2300033569,80.1407928467
2009-10-22,109.3300018311,80.9552917480
2009-10-23,108.0800018311,80.0297241211
2009-10-26,106.9100036621,79.1633911133
2009-10-27,106.4199981689,78.8005599976
2009-10-28,104.4100036621,77.3122024536
2009-10-29,106.6500015259,78.9708709717
2009-10-30,103.5599975586,76.6828231812
2009-11-02,104.3199996948,77.2455978394
2009-11-03,104.6500015259,77.4899368286
2009-11-04,104.9199981689,77.6898345947
2009-11-05,106.8499984741,79.1189575195
2009-11-06,107.1299972534,79.3262939453
2009-11-09,109.5699996948,81.1330108643
2009-11-10,109.5899963379,81.1478271484
2009-11-11,110.1500015259,81.5625152588
2009-11-12,109.0299987793,80.7332000732
2009-11-13,109.6200027466,81.1700820923
2009-11-16,111.2099990845,82.3473892212
2009-11-17,111.3399963379,82.4436569214
2009-11-18,111.2699966431,82.3918228149
2009-11-19,109.8199996948,81.3181457520
2009-11-20,109.4300003052,81.0293807983
2009-11-23,110.8199996948,82.0586318970
2009-11-24,110.9899978638,82.1845169067
2009-11-25,111.3799972534,82.4732971191
2009-11-27,109.5699996948,81.1330108643
2009-11-30,109.9400024414,81.4070053101
2009-12-01,111.3000030518,82.4140548706
2009-12-02,111.2500000000,82.3769989014
2009-12-03,110.3799972534,81.7327957153
2009-12-04,111.0100021362,82.1993103027
2009-12-07,110.8399963379,82.0734024048
2009-12-08,109.6100006104,81.1626510620
2009-12-09,110.0199966431,81.4662322998
2009-12-10,110.6399993896,81.9253311157
2009-12-11,111.1100006104,82.2733383179
2009-12-14,111.8700027466,82.8361129761
2009-12-15,111.3499984741,82.4510955811
2009-12-16,111.5199966431,82.5769653320
2009-12-17,110.1800003052,81.5847320557
2009-12-18,110.2099990845,82.0462799072
2009-12-21,111.3300018311,82.8800888062
2009-12-22,111.7300033569,83.1778411865
2009-12-23,111.9499969482,83.3416290283
2009-12-24,112.4800033569,83.7362213135
2009-12-28,112.7200012207,83.9148483276
2009-12-29,112.5599975586,83.7957305908
2009-12-30,112.5199966431,83.7659683228
2009-12-31,111.4400024414,82.9619445801
2010-01-04,113.3300018311,84.3689956665
2010-01-05,113.6299972534,84.5923309326
2010-01-06,113.7099990845,84.6518630981
2010-01-07,114.1900024414,85.0092086792
2010-01-08,114.5699996948,85.2920989990
2010-01-11,114.7300033569,85.4112243652
2010-01-12,113.6600036621,84.6146163940
2010-01-13,114.6200027466,85.3293380737
2010-01-14,114.9300003052,85.5601043701
2010-01-15,113.6399993896,84.5997619629
2010-01-19,115.0599975586,85.6568984985
2010-01-20,113.8899993896,84.7858734131
2010-01-21,111.6999969482,83.1555328369
2010-01-22,109.2099990845,81.3018188477
2010-01-25,109.7699966431,81.7187042236
2010-01-26,109.3099975586,81.3762664795
2010-01-27,109.8300018311,81.7633743286
2010-01-28,108.5699996948,80.8253860474
2010-01-29,107.3899993896,79.9469070435
2010-02-01,109.0599975586,81.1901626587
2010-02-02,110.3799972534,82.1728286743
2010-02-03,109.8300018311,81.7633743286
2010-02-04,106.4400024414,79.2396850586
2010-02-05,106.6600036621,79.4035034180
2010-02-08,105.8899993896,78.8302307129
2010-02-09,107.2200012207,79.8203811646
2010-02-10,107.0100021362,79.6640319824
2010-02-11,108.1299972534,80.4978103638
2010-02-12,108.0400009155,80.4308090210
2010-02-16,109.7399978638,81.6963729858
2010-02-17,110.2600021362,82.0835037231
2010-02-18,110.9100036621,82.5673675537
2010-02-19,111.1399993896,82.7386245728
2010-02-22,111.1600036621,82.7535247803
2010-02-23,109.8099975586,81.7484664917
2010-02-24,110.8199996948,82.5004196167
2010-02-25,110.6699981689,82.3887329102
2010-02-26,110.7399978638,82.4408416748
2010-03-01,111.8899993896,83.2969512939
2010-03-02,112.1999969482,83.5277633667
2010-03-03,112.3000030518,83.6022186279
2010-03-04,112.6399993896,83.8553085327
2010-03-05,114.2500000000,85.0538787842
2010-03-08,114.2699966431,85.0687255859
2010-03-09,114.4599990845,85.2102127075
2010-03-10,114.9700012207,85.5898666382
2010-03-11,115.4499969482,85.9471969604
2010-03-12,115.4599990845,85.9546585083
2010-03-15,115.4899978638,85.9769897461
2010-03-16,116.4100036621,86.6619033813
2010-03-17,117.0999984741,87.1755599976
2010-03-18,117.0400009155,87.1308898926
2010-03-19,115.9700012207,86.6898651123
2010-03-22,116.5899963379,87.1533050537
2010-03-23,117.4100036621,87.7663192749
2010-03-24,116.8399963379,87.3402099609
2010-03-25,116.6500015259,87.1981658936
2010-03-26,116.5800018311,87.1458587646
2010-03-29,117.3199996948,87.6990432739
2010-03-30,117.4000015259,87.7588272095
2010-03-31,117.0000000000,87.4597930908
2010-04-01,117.8000030518,88.0578231812
2010-04-05,118.7600021362,88.7754516602
2010-04-06,119.0400009155,88.9847259521
2010-04-07,118.3600006104,88.4764480591
2010-04-08,118.7699966431,88.7828826904
2010-04-09,119.5500030518,89.3660049438
2010-04-12,119.7399978638,89.5080032349
2010-04-13,119.8300018311,89.5752868652
2010-04-14,121.1900024414,90.5919036865
2010-04-15,121.2900009155,90.6666793823
2010-04-16,119.3600006104,89.2239685059
2010-04-19,119.8099975586,89.5603637695
2010-04-20,120.8799972534,90.3601989746
2010-04-21,120.6600036621,90.1957397461
2010-04-22,121.0199966431,90.4648437500
2010-04-23,121.8099975586,91.0553588867
2010-04-26,121.3499984741,90.7115249634
2010-04-27,118.4800033569,88.5661468506
2010-04-28,119.3799972534,89.2389144897
2010-04-29,120.8600006104,90.3452453613
2010-04-30,118.8099975586,88.8128128052
2010-05-03,120.3499984741,89.9639816284
2010-05-04,117.5199966431,87.8484954834
2010-05-05,116.8199996948,87.3252410889
2010-05-06,112.9400024414,84.4248580933
2010-05-07,111.2600021362,83.1690368652
2010-05-10,116.1600036621,86.8319015503
2010-05-11,115.8300018311,86.5852050781
2010-05-12,117.4499969482,87.7961959839
2010-05-13,115.9899978638,86.7048339844
2010-05-14,113.8899993896,85.1350479126
2010-05-17,113.9499969482,85.1798782349
2010-05-18,112.4000015259,84.0212173462
2010-05-19,111.7600021362,83.5428009033
2010-05-20,107.5400009155,80.3882980347
2010-05-21,109.1100006104,81.5618972778
2010-05-24,107.7099990845,80.5153274536
2010-05-25,107.8199996948,80.5975875854
2010-05-26,107.1699981689,80.1116943359
2010-05-27,110.7600021362,82.7952957153
2010-05-28,109.3700027466,81.7562179565
2010-06-01,107.5299987793,80.3807907104
2010-06-02,110.3300018311,82.4738616943
2010-06-03,110.7099990845,82.7579269409
2010-06-04,106.8199996948,79.8500595093
2010-06-07,105.4899978638,78.8558807373
2010-06-08,106.6200027466,79.7005538940
2010-06-09,106.0500030518,79.2744674683
2010-06-10,109.1500015259,81.5917816162
2010-06-11,109.6800003052,81.9879989624
2010-06-14,109.5100021362,81.8608856201
2010-06-15,112.0000000000,83.7221908569
2010-06-16,111.9599990845,83.6922988892
2010-06-17,112.1399993896,83.8268966675
2010-06-18,111.7300033569,83.9177703857
2010-06-21,111.4100036621,83.6774139404
2010-06-22,109.5699996948,82.2954406738
2010-06-23,109.2300033569,82.0400695801
2010-06-24,107.4199981689,80.6806030273
2010-06-25,107.8700027466,81.0186004639
2010-06-28,107.5299987793,80.7632293701
2010-06-29,104.2099990845,78.2696380615
2010-06-30,103.2200012207,77.5260543823
2010-07-01,102.7600021362,77.1806182861
2010-07-02,102.1999969482,76.7599868774
2010-07-06,102.8700027466,77.2631912231
2010-07-07,106.1100006104,79.6967315674
2010-07-08,107.1600036621,80.4853515625
2010-07-09,107.9599990845,81.0861587524
2010-07-12,108.0299987793,81.1387481689
2010-07-13,109.6600036621,82.3630294800
2010-07-14,109.6500015259,82.3555068970
2010-07-15,109.6800003052,82.3780593872
2010-07-16,106.6600036621,80.1097869873
2010-07-19,107.2900009155,80.5829620361
2010-07-20,108.4800033569,81.4767532349
2010-07-21,107.0699996948,80.4177246094
2010-07-22,109.4599990845,82.2128067017
2010-07-23,110.4100036621,82.9262847900
2010-07-26,111.5599975586,83.7900543213
2010-07-27,111.5500030518,83.7825775146
2010-07-28,110.8300018311,83.2417755127
2010-07-29,110.2900009155,82.8361663818
2010-07-30,110.2699966431,82.8211441040
2010-08-02,112.7600021362,84.6913299561
2010-08-03,112.2200012207,84.2857742310
2010-08-04,112.9700012207,84.8490905762
2010-08-05,112.8499984741,84.7589340210
2010-08-06,112.3899993896,84.4134368896
2010-08-09,112.9899978638,84.8641128540
2010-08-10,112.3799972534,84.4059600830
2010-08-11,109.3000030518,82.0926208496
2010-08-12,108.6299972534,81.5894241333
2010-08-13,108.3099975586,81.3490676880
2010-08-16,108.2600021362,81.3115005493
2010-08-17,109.5899963379,82.3104400635
2010-08-18,109.7900009155,82.4606475830
2010-08-19,107.8799972534,81.0261077881
2010-08-20,107.5299987793,80.7632293701
2010-08-23,107.1200027466,80.4552917480
2010-08-24,105.5299987793,79.2610473633
2010-08-25,105.9400024414,79.5690078735
2010-08-26,105.2300033569,79.0357589722
2010-08-27,106.8600006104,80.2600173950
2010-08-30,105.3099975586,79.0958404541
2010-08-31,105.3099975586,79.0958404541
2010-09-01,108.4599990845,81.4617233276
2010-09-02,109.4700012207,82.2202987671
2010-09-03,110.8899993896,83.2868347168
2010-09-07,109.6399993896,82.3480072021
2010-09-08,110.4100036621,82.9262847900
2010-09-09,110.9199981689,83.3093643188
2010-09-10,111.4800033569,83.7300033569
2010-09-13,112.7200012207,84.6613082886
2010-09-14,112.6500015259,84.6087417603
2010-09-15,113.0800018311,84.9316940308
2010-09-16,113.0500030518,84.9091567993
2010-09-17,112.4899978638,84.9408874512
2010-09-20,114.2099990845,86.2396392822
2010-09-21,113.9800033569,86.0659713745
2010-09-22,113.4199981689,85.6431121826
2010-09-23,112.5000000000,84.9484481812
2010-09-24,114.8199996948,86.7002639771
2010-09-27,114.2699966431,86.2849273682
2010-09-28,114.6699981689,86.5869750977
2010-09-29,114.4700012207,86.4359817505
2010-09-30,114.1299972534,86.1792297363
2010-10-01,114.6100006104,86.5416946411
2010-10-04,113.7500000000,85.8923110962
2010-10-05,116.0400009155,87.6214599609
2010-10-06,116.0299987793,87.6139373779
2010-10-07,115.8899993896,87.5082244873
2010-10-08,116.5400009155,87.9990234375
2010-10-11,116.6500015259,88.0820770264
2010-10-12,117.0100021362,88.3539199829
2010-10-13,117.9199981689,89.0410614014
2010-10-14,117.4599990845,88.6936950684
2010-10-15,117.6999969482,88.8749465942
2010-10-18,118.2799987793,89.3128738403
2010-10-19,116.7300033569,88.1424789429
2010-10-20,117.8700027466,89.0033264160
2010-10-21,118.1299972534,89.1996154785
2010-10-22,118.3499984741,89.3657455444
2010-10-25,118.6999969482,89.6300354004
2010-10-26,118.7200012207,89.6451644897
2010-10-27,118.3799972534,89.3883895874
2010-10-28,118.4000015259,89.4034957886
2010-10-29,118.4899978638,89.4714355469
2010-11-01,118.5299987793,89.5016555786
2010-11-02,119.4700012207,90.2114410400
2010-11-03,119.9499969482,90.5739135742
2010-11-04,122.2600021362,92.3181838989
2010-11-05,122.7200012207,92.6655273438
2010-11-08,122.4899978638,92.4918518066
2010-11-09,121.6100006104,91.8273468018
2010-11-10,122.0999984741,92.1974029541
2010-11-11,121.6399993896,91.8500289917
2010-11-12,120.1999969482,90.7626953125
2010-11-15,120.0299987793,90.6342849731
2010-11-16,118.1600036621,89.2223052979
2010-11-17,118.2200012207,89.2675933838
2010-11-18,119.9599990845,90.5814666748
2010-11-19,120.2900009155,90.8306198120
2010-11-22,120.1900024414,90.7551193237
2010-11-23,118.4499969482,89.4412689209
2010-11-24,120.1999969482,90.7626953125
2010-11-26,118.8000030518,89.7055511475
2010-11-29,119.1600036621,89.9773635864
2010-11-30,118.4899978638,89.4714355469
2010-12-01,121.0100021362,91.3742980957
2010-12-02,122.5599975586,92.5447006226
2010-12-03,122.8899993896,92.7938842773
2010-12-06,122.7600021362,92.6957473755
2010-12-07,122.8300018311,92.7485809326
2010-12-08,123.2799987793,93.0883789062
2010-12-09,123.7600021362,93.4508361816
2010-12-10,124.4800033569,93.9944992065
2010-12-13,124.5599975586,94.0548934937
2010-12-14,124.6699981689,94.1379776001
2010-12-15,124.0999984741,93.7075424194
2010-12-16,124.8199996948,94.2512054443
2010-12-17,124.3000030518,94.3521881104
2010-12-20,124.5999984741,94.5798950195
2010-12-21,125.3899993896,95.1795196533
2010-12-22,125.7799987793,95.4756240845
2010-12-23,125.5999984741,95.3389663696
2010-12-27,125.6500015259,95.3769226074
2010-12-28,125.8300018311,95.5135421753
2010-12-29,125.9199981689,95.5818557739
2010-12-30,125.7200012207,95.4300842285
2010-12-31,125.7500000000,95.4528350830
2011-01-03,127.0500030518,96.4396057129
2011-01-04,126.9800033569,96.3864974976
2011-01-05,127.6399993896,96.8874893188
2011-01-06,127.3899993896,96.6977310181
2011-01-07,127.1399993896,96.5079040527
2011-01-10,126.9800033569,96.3864974976
2011-01-11,127.4300003052,96.7280426025
2011-01-12,128.5800018311,97.6010055542
2011-01-13,128.3699951172,97.4416046143
2011-01-14,129.3000030518,98.1475372314
2011-01-18,129.5200042725,98.3145370483
2011-01-19,128.2500000000,97.3505020142
2011-01-20,128.0800018311,97.2214813232
2011-01-21,128.3699951172,97.4416046143
2011-01-24,129.1000061035,97.9956893921
2011-01-25,129.1699981689,98.0488586426
2011-01-26,129.6699981689,98.4283447266
2011-01-27,129.9900054932,98.6712951660
2011-01-28,127.7200012207,96.9481735229
2011-01-31,128.6799926758,97.6768951416
2011-02-01,130.7400054932,99.2405929565
2011-02-02,130.4900054932,99.0508117676
2011-02-03,130.7799987793,99.2709426880
2011-02-04,131.1499938965,99.5517807007
2011-02-07,131.9700012207,100.1742553711
2011-02-08,132.5700073242,100.6296691895
2011-02-09,132.2700042725,100.4019470215
2011-02-10,132.3200073242,100.4399261475
2011-02-11,133.1100006104,101.0395660400
2011-02-14,133.4299926758,101.2824478149
2011-02-15,133.0099945068,100.9636840820
2011-02-16,133.8500061035,101.6012802124
2011-02-17,134.2500000000,101.9048767090
2011-02-18,134.5299987793,102.1174545288
2011-02-22,131.8300018311,100.0679702759
2011-02-23,131.0200042725,99.4530868530
2011-02-24,130.9299926758,99.3848037720
2011-02-25,132.3300018311,100.4475173950
2011-02-28,133.1499938965,101.0699844360
2011-03-01,130.9299926758,99.3848037720
2011-03-02,131.2100067139,99.5973587036
2011-03-03,133.4700012207,101.3128128052
2011-03-04,132.4700012207,100.5537796021
2011-03-07,131.4299926758,99.7643203735
2011-03-08,132.5800018311,100.6372604370
2011-03-09,132.3899993896,100.4930419922
2011-03-10,129.9400024414,98.6333618164
2011-03-11,130.8399963379,99.3164901733
2011-03-14,130.0500030518,98.7168350220
2011-03-15,128.5599975586,97.5857849121
2011-03-16,126.1800003052,95.7792434692
2011-03-17,127.8499984741,97.0468902588
2011-03-18,127.7600021362,97.3998565674
2011-03-21,129.7400054932,98.9093322754
2011-03-22,129.2899932861,98.5662536621
2011-03-23,129.6600036621,98.8483505249
2011-03-24,130.8999938965,99.7936706543
2011-03-25,131.3000030518,100.0986175537
2011-03-28,130.9799957275,99.8546676636
2011-03-29,131.8600006104,100.5255508423
2011-03-30,132.7700042725,101.2193069458
2011-03-31,132.5899963379,101.0820617676
2011-04-01,133.1499938965,101.5090255737
2011-04-04,133.2599945068,101.5928344727
2011-04-05,133.2400054932,101.5776214600
2011-04-06,133.6600036621,101.8978118896
2011-04-07,133.3200073242,101.6386108398
2011-04-08,132.8600006104,101.2879104614
2011-04-11,132.4600067139,100.9829559326
2011-04-12,131.4700012207,100.2282257080
2011-04-13,131.4600067139,100.2205886841
2011-04-14,131.5599975586,100.2968139648
2011-04-15,132.0399932861,100.6627655029
2011-04-18,130.5599975586,99.5345001221
2011-04-19,131.3099975586,100.1062469482
2011-04-20,133.1000061035,101.4708938599
2011-04-21,133.7799987793,101.9892883301
2011-04-25,133.6399993896,101.8825988770
2011-04-26,134.7899932861,102.7593154907
2011-04-27,135.6699981689,103.4301986694
2011-04-28,136.1100006104,103.7655944824
2011-04-29,136.4299926758,104.0095748901
2011-05-02,136.2200012207,103.8494873047
2011-05-03,135.7299957275,103.4759063721
2011-05-04,134.8300018311,102.7897949219
2011-05-05,133.6100006104,101.8596801758
2011-05-06,134.1999969482,102.3094863892
2011-05-09,134.7200012207,102.7059326172
2011-05-10,135.8699951172,103.5826187134
2011-05-11,134.4400024414,102.4924392700
2011-05-12,135.0800018311,102.9803924561
2011-05-13,134.0399932861,102.1874694824
2011-05-16,133.1900024414,101.5395278931
2011-05-17,133.1699981689,101.5242691040
2011-05-18,134.3600006104,102.4314956665
2011-05-19,134.6799926758,102.6754226685
2011-05-20,133.6100006104,101.8596801758
2011-05-23,132.0599975586,100.6780395508
2011-05-24,131.9499969482,100.5941848755
2011-05-25,132.3899993896,100.9296188354
2011-05-26,133.0000000000,101.3946304321
2011-05-27,133.5099945068,101.7834625244
2011-05-31,134.8999938965,102.8431396484
2011-06-01,131.8699951172,100.5331802368
2011-06-02,131.7299957275,100.4264373779
2011-06-03,130.4199981689,99.4277267456
2011-06-06,129.0399932861,98.3756713867
2011-06-07,128.9600067139,98.3146972656
2011-06-08,128.4199981689,97.9029846191
2011-06-09,129.3999938965,98.6501159668
2011-06-10,127.5999984741,97.2778472900
2011-06-13,127.6999969482,97.3540954590
2011-06-14,129.3200073242,98.5891647339
2011-06-15,127.0199966431,96.8357009888
2011-06-16,127.3000030518,97.0491790771
2011-06-17,127.0500030518,97.3387374878
2011-06-20,127.6999969482,97.8367919922
2011-06-21,129.4499969482,99.1775054932
2011-06-22,128.6699981689,98.5799255371
2011-06-23,128.3000030518,98.2964706421
2011-06-24,126.8099975586,97.1549148560
2011-06-27,127.9400024414,98.0206527710
2011-06-28,129.6100006104,99.3000717163
2011-06-29,130.7200012207,100.1505203247
2011-06-30,131.9700012207,101.1081924438
2011-07-01,133.9199981689,102.6021804810
2011-07-05,133.8099975586,102.5178985596
2011-07-06,133.9700012207,102.6404876709
2011-07-07,135.3600006104,103.7054519653
2011-07-08,134.3999938965,102.9699249268
2011-07-11,131.9700012207,101.1081924438
2011-07-12,131.3999938965,100.6714935303
2011-07-13,131.8399963379,101.0085983276
2011-07-14,130.9299926758,100.3114013672
2011-07-15,131.6900024414,100.8936996460
2011-07-18,130.6100006104,100.0662460327
2011-07-19,132.7299957275,101.6904754639
2011-07-20,132.6499938965,101.6291809082
2011-07-21,134.4900054932,103.0389099121
2011-07-22,134.5800018311,103.1078338623
2011-07-25,133.8300018311,102.5332412720
2011-07-26,133.3300018311,102.1501541138
2011-07-27,130.6000061035,100.0586013794
2011-07-28,130.2200012207,99.7674636841
2011-07-29,129.3300018311,99.0855712891
2011-08-01,128.7799987793,98.6642150879
2011-08-02,125.4899978638,96.1435699463
2011-08-03,126.1699981689,96.6645584106
2011-08-04,120.2600021362,92.1366577148
2011-08-05,120.0800018311,91.9987411499
2011-08-08,112.2600021362,86.0074996948
2011-08-09,117.4800033569,90.0067596436
2011-08-10,112.2900009155,86.0304641724
2011-08-11,117.3300018311,89.8918533325
2011-08-12,118.1200027466,90.4971084595
2011-08-15,120.6200027466,92.4124450684
2011-08-16,119.5899963379,91.6232986450
2011-08-17,119.6699981689,91.6846160889
2011-08-18,114.5100021362,87.7313156128
2011-08-19,112.6399993896,86.2986297607
2011-08-22,112.7300033569,86.3675765991
2011-08-23,116.4400024414,89.2099990845
2011-08-24,118.0800018311,90.4664459229
2011-08-25,116.2799987793,89.0873947144
2011-08-26,117.9700012207,90.3821563721
2011-08-29,121.3600006104,92.9793853760
2011-08-30,121.6800003052,93.2245483398
2011-08-31,122.2200012207,93.6382827759
2011-09-01,120.9400024414,92.6576309204
2011-09-02,117.8499984741,90.2902450562
2011-09-06,116.9899978638,89.6313629150
2011-09-07,120.2900009155,92.1596221924
2011-09-08,119.0400009155,91.2019500732
2011-09-09,115.9199981689,88.8116073608
2011-09-12,116.6699981689,89.3861389160
2011-09-13,117.7399978638,90.2059783936
2011-09-14,119.3700027466,91.4547729492
2011-09-15,121.4300003052,93.0330429077
2011-09-16,121.5199966431,93.5836639404
2011-09-19,120.3099975586,92.6518249512
2011-09-20,120.1699981689,92.5439987183
2011-09-21,116.6299972534,89.8178100586
2011-09-22,112.8600006104,86.9145126343
2011-09-23,113.5400009155,87.4381790161
2011-09-26,116.2399978638,89.5174713135
2011-09-27,117.5400009155,90.5186462402
2011-09-28,115.1399993896,88.6703567505
2011-09-29,116.0500030518,89.3711700439
2011-09-30,113.1500015259,87.1378555298
2011-10-03,109.9300003052,84.6581192017
2011-10-04,112.3399963379,86.5140609741
2011-10-05,114.4199981689,88.1159210205
2011-10-06,116.4899978638,89.7099914551
2011-10-07,115.7099990845,89.1093292236
2011-10-10,119.5800018311,92.0896377563
2011-10-11,119.6999969482,92.1820755005
2011-10-12,120.7500000000,92.9906845093
2011-10-13,120.5100021362,92.8058471680
2011-10-14,122.5699996948,94.3922653198
2011-10-17,120.2300033569,92.5902023315
2011-10-18,122.5800018311,94.3999557495
2011-10-19,121.1299972534,93.2833328247
2011-10-20,121.6600036621,93.6914901733
2011-10-21,123.9700012207,95.4704360962
2011-10-24,125.4899978638,96.6409759521
2011-10-25,123.0500030518,94.7619094849
2011-10-26,124.3000030518,95.7245559692
2011-10-27,128.6300048828,99.0591049194
2011-10-28,128.6000061035,99.0360336304
2011-10-31,125.5000000000,96.6486587524
2011-11-01,122.0000000000,93.9533233643
2011-11-02,123.9899978638,95.4858016968
2011-11-03,126.2500000000,97.2263107300
2011-11-04,125.4800033569,96.6332931519
2011-11-07,126.2600021362,97.2339859009
2011-11-08,127.8799972534,98.4815368652
2011-11-09,123.1600036621,94.8466567993
2011-11-10,124.3199996948,95.7399749756
2011-11-11,126.6600036621,97.5420455933
2011-11-14,125.4599990845,96.6178894043
2011-11-15,126.0800018311,97.0953598022
2011-11-16,124.0800018311,95.5551223755
2011-11-17,122.1100006104,94.0380401611
2011-11-18,121.9800033569,93.9379272461
2011-11-21,119.6600036621,92.1512680054
2011-11-22,119.1900024414,91.7893142700
2011-11-23,116.5599975586,89.7639236450
2011-11-25,116.3399963379,89.5944824219
2011-11-28,119.7099990845,92.1897583008
2011-11-29,120.0500030518,92.4515991211
2011-11-30,124.9899978638,96.2559356689
2011-12-01,124.9700012207,96.2405395508
2011-12-02,124.8600006104,96.1558227539
2011-12-05,126.2200012207,97.2031631470
2011-12-06,126.2600021362,97.2339859009
2011-12-07,126.7300033569,97.5959091187
2011-12-08,123.9499969482,95.4550018311
2011-12-09,126.0500030518,97.0722656250
2011-12-12,124.2099990845,95.6552505493
2011-12-13,123.0500030518,94.7619094849
2011-12-14,121.7399978638,93.7531051636
2011-12-15,122.1800003052,94.0919189453
2011-12-16,121.5899963379,94.2314376831
2011-12-19,120.2900009155,93.2239685059
2011-12-20,123.9300003052,96.0448913574
2011-12-21,124.1699981689,96.2308807373
2011-12-22,125.2699966431,97.0833969116
2011-12-23,126.3899993896,97.9513854980
2011-12-27,126.4899978638,98.0289154053
2011-12-28,124.8300018311,96.7424163818
2011-12-29,126.1200027466,97.7421646118
2011-12-30,125.5000000000,97.2616577148
2012-01-03,127.5000000000,98.8116302490
2012-01-04,127.6999969482,98.9666442871
2012-01-05,128.0399932861,99.2301406860
2012-01-06,127.7099990845,98.9743881226
2012-01-09,128.0200042725,99.2146530151
2012-01-10,129.1300048828,100.0749053955
2012-01-11,129.1999969482,100.1291046143
2012-01-12,129.5099945068,100.3693771362
2012-01-13,128.8399963379,99.8501281738
2012-01-17,129.3399963379,100.2376174927
2012-01-18,130.7700042725,101.3458786011
2012-01-19,131.4600067139,101.8806152344
2012-01-20,131.9499969482,102.2603530884
2012-01-23,131.6100006104,101.9968643188
2012-01-24,131.4600067139,101.8806152344
2012-01-25,132.5599975586,102.7331237793
2012-01-26,131.8800048828,102.2061309814
2012-01-27,131.8200073242,102.1596527100
2012-01-30,131.3699951172,101.8108749390
2012-01-31,131.3200073242,101.7721099854
2012-02-01,132.4700012207,102.6633529663
2012-02-02,132.6799926758,102.8260955811
2012-02-03,134.5399932861,104.2675781250
2012-02-06,134.4499969482,104.1978530884
2012-02-07,134.7899932861,104.4613494873
2012-02-08,135.1900024414,104.7713470459
2012-02-09,135.3600006104,104.9031143188
2012-02-10,134.3600006104,104.1280975342
2012-02-13,135.3600006104,104.9031143188
2012-02-14,135.1900024414,104.7713470459
2012-02-15,134.5599975586,104.2830810547
2012-02-16,136.0500030518,105.4378814697
2012-02-17,136.4100036621,105.7168579102
2012-02-21,136.4700012207,105.7633438110
2012-02-22,136.0299987793,105.4223403931
2012-02-23,136.6300048828,105.8873367310
2012-02-24,136.9299926758,106.1197967529
2012-02-27,137.1600036621,106.2981033325
2012-02-28,137.5599975586,106.6080551147
2012-02-29,137.0200042725,106.1895751953
2012-03-01,137.7299957275,106.7397994995
2012-03-02,137.3099975586,106.4143218994
2012-03-05,136.7500000000,105.9803009033
2012-03-06,134.7500000000,104.4302978516
2012-03-07,135.6900024414,105.1588058472
2012-03-08,137.0399932861,106.2051162720
2012-03-09,137.5700073242,106.6158447266
2012-03-12,137.5800018311,106.6236114502
2012-03-13,140.0599975586,108.5455627441
2012-03-14,139.9100036621,108.4293060303
2012-03-15,140.7200012207,109.0570755005
2012-03-16,140.3000030518,109.2080307007
2012-03-19,140.8500061035,109.6361923218
2012-03-20,140.4400024414,109.3170166016
2012-03-21,140.2100067139,109.1379699707
2012-03-22,139.1999969482,108.3518371582
2012-03-23,139.6499938965,108.7021408081
2012-03-26,141.6100006104,110.2277755737
2012-03-27,141.1699981689,109.8852691650
2012-03-28,140.4700012207,109.3403854370
2012-03-29,140.2299957275,109.1535949707
2012-03-30,140.8099975586,109.6050643921
2012-04-02,141.8399963379,110.4067535400
2012-04-03,141.2599945068,109.9552993774
2012-04-04,139.8600006104,108.8655929565
2012-04-05,139.7899932861,108.8110733032
2012-04-09,138.2200012207,107.5890121460
2012-04-10,135.8999938965,105.7831649780
2012-04-11,137.0000000000,106.6393966675
2012-04-12,138.7899932861,108.0327072144
2012-04-13,137.1399993896,106.7483139038
2012-04-16,137.0500030518,106.6782760620
2012-04-17,139.0800018311,108.2584304810
2012-04-18,138.6100006104,107.8925552368
2012-04-19,137.7200012207,107.1998291016
2012-04-20,137.9499969482,107.3788375854
2012-04-23,136.7899932861,106.4759140015
2012-04-24,137.3099975586,106.8806838989
2012-04-25,139.1900024414,108.3440628052
2012-04-26,140.1600036621,109.0990905762
2012-04-27,140.3899993896,109.2780838013
2012-04-30,139.8699951172,108.8733520508
2012-05-01,140.7400054932,109.5505676270
2012-05-02,140.3200073242,109.2236099243
2012-05-03,139.2500000000,108.3907546997
2012-05-04,137.0000000000,106.6393966675
2012-05-07,137.1000061035,106.7172088623
2012-05-08,136.5500030518,106.2891235352
2012-05-09,135.7400054932,105.6586151123
2012-05-10,136.0200042725,105.8765029907
2012-05-11,135.6100006104,105.5574493408
2012-05-14,134.1100006104,104.3898391724
2012-05-15,133.3399963379,103.7904586792
2012-05-16,132.8300018311,103.3935089111
2012-05-17,130.8600006104,101.8600158691
2012-05-18,129.7400054932,100.9882812500
2012-05-21,131.9700012207,102.7240753174
2012-05-22,132.1999969482,102.9030990601
2012-05-23,132.2700042725,102.9575958252
2012-05-24,132.5299987793,103.1599655151
2012-05-25,132.1000061035,102.8252410889
2012-05-29,133.6999969482,104.0706939697
2012-05-30,131.7599945068,102.5606231689
2012-05-31,131.4700012207,102.3348617554
2012-06-01,128.1600036621,99.7584381104
2012-06-04,128.1000061035,99.7117004395
2012-06-05,129.0700073242,100.4667282104
2012-06-06,131.9700012207,102.7240753174
2012-06-07,132.0500030518,102.7863388062
2012-06-08,133.1000061035,103.6036682129
2012-06-11,131.4100036621,102.2881622314
2012-06-12,132.9199981689,103.4635772705
2012-06-13,132.0700073242,102.8019409180
2012-06-14,133.4700012207,103.8916015625
2012-06-15,134.1399993896,104.9541778564
2012-06-18,134.3999938965,105.1576004028
2012-06-19,135.6999969482,106.1747665405
2012-06-20,135.4799957275,106.0026245117
2012-06-21,132.4400024414,103.6240997314
2012-06-22,133.4600067139,104.4221725464
2012-06-25,131.3200073242,102.7477416992
2012-06-26,131.9799957275,103.2641754150
2012-06-27,133.1699981689,104.1952438354
2012-06-28,132.7899932861,103.8979110718
2012-06-29,136.1000061035,106.4877548218
2012-07-02,136.5099945068,106.8085327148
2012-07-03,137.4100036621,107.5127410889
2012-07-05,136.7899932861,107.0276260376
2012-07-06,135.4900054932,106.0104827881
2012-07-09,135.3200073242,105.8774642944
2012-07-10,134.1399993896,104.9541778564
2012-07-11,134.1600036621,104.9698333740
2012-07-12,133.5099945068,104.4612731934
2012-07-13,135.7500000000,106.2138748169
2012-07-16,135.4299926758,105.9634780884
2012-07-17,136.3600006104,106.6911621094
2012-07-18,137.3699951172,107.4813919067
2012-07-19,137.7299957275,107.7630844116
2012-07-20,136.4700012207,106.7772521973
2012-07-23,135.0899963379,105.6975021362
2012-07-24,133.9299926758,104.7898559570
2012-07-25,133.9600067139,104.8133544922
2012-07-26,136.1699981689,106.5425338745
2012-07-27,138.6799926758,108.5064086914
2012-07-30,138.6799926758,108.5064086914
2012-07-31,137.7100067139,107.7474288940
2012-08-01,137.5899963379,107.6535415649
2012-08-02,136.6399993896,106.9102249146
2012-08-03,139.3500061035,109.0306091309
2012-08-06,139.6199951172,109.2419052124
2012-08-07,140.3200073242,109.7895431519
2012-08-08,140.4900054932,109.9226074219
2012-08-09,140.6100006104,110.0164947510
2012-08-10,140.8399963379,110.1964187622
2012-08-13,140.7700042725,110.1416778564
2012-08-14,140.7899932861,110.1573257446
2012-08-15,140.9499969482,110.2824935913
2012-08-16,141.9900054932,111.0962677002
2012-08-17,142.1799926758,111.2448577881
2012-08-20,142.1900024414,111.2526931763
2012-08-21,141.7599945068,110.9162445068
2012-08-22,141.8200073242,110.9632034302
2012-08-23,140.6600036621,110.0555801392
2012-08-24,141.5099945068,110.7206497192
2012-08-27,141.5399932861,110.7441177368
2012-08-28,141.3999938965,110.6345596313
2012-08-29,141.5099945068,110.7206497192
2012-08-30,140.4900054932,109.9226074219
2012-08-31,141.1600036621,110.4468078613
2012-09-04,141.0299987793,110.3451004028
2012-09-05,140.9100036621,110.2512283325
2012-09-06,143.7700042725,112.4889297485
2012-09-07,144.3300018311,112.9270629883
2012-09-10,143.5099945068,112.2855072021
2012-09-11,143.9100036621,112.5984802246
2012-09-12,144.3899993896,112.9739837646
2012-09-13,146.5899963379,114.6953430176
2012-09-14,147.2400054932,115.2039489746
2012-09-17,146.7400054932,114.8127136230
2012-09-18,146.6199951172,114.7187881470
2012-09-19,146.6999969482,114.7814331055
2012-09-20,146.7100067139,114.7892074585
2012-09-21,145.8699951172,114.7412796021
2012-09-24,145.6499938965,114.5681915283
2012-09-25,144.1000061035,113.3489837646
2012-09-26,143.2899932861,112.7118682861
2012-09-27,144.6399993896,113.7737579346
2012-09-28,143.9700012207,113.2467193604
2012-10-01,144.3500061035,113.5456161499
2012-10-02,144.5000000000,113.6636276245
2012-10-03,145.0899963379,114.1277084351
2012-10-04,146.1300048828,114.9458236694
2012-10-05,146.1399993896,114.9536361694
2012-10-08,145.6399993896,114.5603332520
2012-10-09,144.1999969482,113.4276504517
2012-10-10,143.2799987793,112.7039337158
2012-10-11,143.3600006104,112.7668914795
2012-10-12,142.8899993896,112.3972091675
2012-10-15,144.0800018311,113.3332061768
2012-10-16,145.5399932861,114.4816665649
2012-10-17,146.1999969482,115.0008392334
2012-10-18,145.8200073242,114.7019577026
2012-10-19,143.3899993896,112.7904891968
2012-10-22,143.4100036621,112.8061904907
2012-10-23,141.4199981689,111.2408752441
2012-10-24,141.0200042725,110.9262924194
2012-10-25,141.4299926758,111.2487869263
2012-10-26,141.3500061035,111.1858291626
2012-10-31,141.3500061035,111.1858291626
2012-11-01,142.8300018311,112.3500137329
2012-11-02,141.5599975586,111.3509902954
2012-11-05,141.8500061035,111.5791168213
2012-11-06,142.9600067139,112.4522552490
2012-11-07,139.7200012207,109.9037246704
2012-11-08,138.0399932861,108.5821685791
2012-11-09,138.1600036621,108.6765747070
2012-11-12,138.2700042725,108.7631225586
2012-11-13,137.7899932861,108.3855438232
2012-11-14,135.9299926758,106.9224624634
2012-11-15,135.6999969482,106.7415771484
2012-11-16,136.3699951172,107.2685546875
2012-11-19,139.1300048828,109.4395370483
2012-11-20,139.1900024414,109.4867782593
2012-11-21,139.4499969482,109.6912841797
2012-11-23,141.3500061035,111.1858291626
2012-11-26,141.0500030518,110.9498901367
2012-11-27,140.3300018311,110.3835067749
2012-11-28,141.4600067139,111.2723617554
2012-11-29,142.1199951172,111.7915344238
2012-11-30,142.1499938965,111.8151092529
2012-12-03,141.4499969482,111.2645111084
2012-12-04,141.2500000000,111.1071853638
2012-12-05,141.5000000000,111.3038253784
2012-12-06,141.9799957275,111.6814117432
2012-12-07,142.4100036621,112.0196533203
2012-12-10,142.4700012207,112.0668334961
2012-12-11,143.4400024414,112.8298187256
2012-12-12,143.5099945068,112.8848724365
2012-12-13,142.6300048828,112.1926727295
2012-12-14,142.1000061035,111.7758255005
2012-12-17,143.7700042725,113.0894165039
2012-12-18,145.3699951172,114.3479614258
2012-12-19,144.2899932861,113.4984512329
2012-12-20,145.1199951172,114.1513061523
2012-12-21,142.7899932861,113.1151275635
2012-12-24,142.3500061035,112.7666244507
2012-12-26,141.7500000000,112.2912902832
2012-12-27,141.5599975586,112.1407470703
2012-12-28,140.0299987793,110.9287185669
2012-12-31,142.4100036621,112.8141326904
2013-01-02,146.0599975586,115.7055435181
2013-01-03,145.7299957275,115.4441299438
2013-01-04,146.3699951172,115.9511108398
2013-01-07,145.9700012207,115.6342773438
2013-01-08,145.5500030518,115.3015441895
2013-01-09,145.9199981689,115.5946578979
2013-01-10,147.0800018311,116.5136184692
2013-01-11,147.0700073242,116.5056991577
2013-01-14,146.9700012207,116.4264602661
2013-01-15,147.0700073242,116.5056991577
2013-01-16,147.0500030518,116.4898605347
2013-01-17,148.0000000000,117.2424316406
2013-01-18,148.3300018311,117.5038528442
2013-01-22,149.1300048828,118.1375427246
2013-01-23,149.3699951172,118.3277282715
2013-01-24,149.4100036621,118.3593750000
2013-01-25,150.2500000000,119.0248413086
2013-01-28,150.0700073242,118.8821792603
2013-01-29,150.6600036621,119.3495407104
2013-01-30,150.0700073242,118.8821792603
2013-01-31,149.6999969482,118.5890960693
2013-02-01,151.2400054932,119.8090209961
2013-02-04,149.5399932861,118.4623260498
2013-02-05,151.0500030518,119.6585540771
2013-02-06,151.1600036621,119.7456893921
2013-02-07,150.9600067139,119.5872726440
2013-02-08,151.8000030518,120.2527084351
2013-02-11,151.7700042725,120.2289352417
2013-02-12,152.0200042725,120.4269409180
2013-02-13,152.1499938965,120.5299377441
2013-02-14,152.2899932861,120.6408462524
2013-02-15,152.1100006104,120.4982223511
2013-02-19,153.2500000000,121.4013290405
2013-02-20,151.3399963379,119.8882522583
2013-02-21,150.4199981689,119.1594848633
2013-02-22,151.8899993896,120.3240127563
2013-02-25,149.0000000000,118.0345687866
2013-02-26,150.0200042725,118.8426437378
2013-02-27,151.9100036621,120.3398284912
2013-02-28,151.6100006104,120.1020965576
2013-03-01,152.1100006104,120.4982223511
2013-03-04,152.9199981689,121.1398620605
2013-03-05,154.2899932861,122.2251815796
2013-03-06,154.5000000000,122.3915710449
2013-03-07,154.7799987793,122.6133728027
2013-03-08,155.4400024414,123.1362228394
2013-03-11,156.0299987793,123.6035766602
2013-03-12,155.6799926758,123.3263549805
2013-03-13,155.8999938965,123.5005798340
2013-03-14,156.7299957275,124.1581268311
2013-03-15,155.8300018311,123.9942321777
2013-03-18,154.9700012207,123.3099136353
2013-03-19,154.6100006104,123.0234375000
2013-03-20,155.6900024414,123.8827972412
2013-03-21,154.3600006104,122.8245010376
2013-03-22,155.6000061035,123.8112182617
2013-03-25,154.9499969482,123.2939453125
2013-03-26,156.1900024414,124.2806396484
2013-03-27,156.1900024414,124.2806396484
2013-03-28,156.6699981689,124.6625518799
2013-04-01,156.0500030518,124.1692352295
2013-04-02,156.8200073242,124.7819595337
2013-04-03,155.2299957275,123.5167770386
2013-04-04,155.8600006104,124.0180969238
2013-04-05,155.1600036621,123.4610748291
2013-04-08,156.2100067139,124.2965621948
2013-04-09,156.7500000000,124.7262878418
2013-04-10,158.6699981689,126.2539749146
2013-04-11,159.1900024414,126.6677398682
2013-04-12,158.8000030518,126.3574142456
2013-04-15,155.1199951172,123.4292678833
2013-04-16,157.4100036621,125.2514266968
2013-04-17,155.1100006104,123.4213256836
2013-04-18,154.1399993896,122.6494827271
2013-04-19,155.4799957275,123.7156448364
2013-04-22,156.1699981689,124.2647781372
2013-04-23,157.7799987793,125.5458450317
2013-04-24,157.8800048828,125.6253509521
2013-04-25,158.5200042725,126.1346130371
2013-04-26,158.2400054932,125.9118652344
2013-04-29,159.3000030518,126.7553024292
2013-04-30,159.6799926758,127.0577011108
2013-05-01,158.2799987793,125.9436874390
2013-05-02,159.7500000000,127.1133422852
2013-05-03,161.3699951172,128.4024047852
2013-05-06,161.7799987793,128.7286071777
2013-05-07,162.6000061035,129.3810882568
2013-05-08,163.3399963379,129.9699554443
2013-05-09,162.8800048828,129.6039581299
2013-05-10,163.4100036621,130.0255584717
2013-05-13,163.5399932861,130.1290283203
2013-05-14,165.2299957275,131.4737243652
2013-05-15,166.1199951172,132.1819610596
2013-05-16,165.3399963379,131.5612792969
2013-05-17,166.9400024414,132.8344421387
2013-05-20,166.9299926758,132.8265380859
2013-05-21,167.1699981689,133.0174713135
2013-05-22,165.9299926758,132.0307769775
2013-05-23,165.4499969482,131.6488494873
2013-05-24,165.3099975586,131.5373992920
2013-05-28,166.3000030518,132.3252105713
2013-05-29,165.2200012207,131.4658355713
2013-05-30,165.8300018311,131.9511566162
2013-05-31,163.4499969482,130.0574645996
2013-06-03,164.3500061035,130.7735900879
2013-06-04,163.5599975586,130.1449890137
2013-06-05,161.2700042725,128.3228454590
2013-06-06,162.7299957275,129.4845886230
2013-06-07,164.8000030518,131.1316375732
2013-06-10,164.8000030518,131.1316375732
2013-06-11,163.1000061035,129.7789459229
2013-06-12,161.7500000000,128.7047119141
2013-06-13,164.2100067139,130.6621398926
2013-06-14,163.1799926758,129.8426055908
2013-06-17,164.4400024414,130.8451995850
2013-06-18,165.7400054932,131.8796081543
2013-06-19,163.4499969482,130.0574645996
2013-06-20,159.3999938965,126.8348312378
2013-06-21,159.0700073242,127.2419967651
2013-06-24,157.0599975586,125.6341629028
2013-06-25,158.5700073242,126.8420486450
2013-06-26,160.1399993896,128.0979309082
2013-06-27,161.0800018311,128.8499145508
2013-06-28,160.4199981689,128.3218536377
2013-07-01,161.3600006104,129.0738372803
2013-07-02,161.2100067139,128.9538116455
2013-07-03,161.2799987793,129.0097961426
2013-07-05,163.0200042725,130.4016723633
2013-07-08,163.9499969482,131.1455993652
2013-07-09,165.1300048828,132.0894622803
2013-07-10,165.1900024414,132.1374206543
2013-07-11,167.4400024414,133.9372863770
2013-07-12,167.5099945068,133.9932861328
2013-07-15,168.1499938965,134.5052337646
2013-07-16,167.5200042725,134.0012817383
2013-07-17,167.9499969482,134.3452758789
2013-07-18,168.8699951172,135.0811767578
2013-07-19,169.1699981689,135.3210906982
2013-07-22,169.5000000000,135.5850830078
2013-07-23,169.1399993896,135.2971191406
2013-07-24,168.5200042725,134.8011932373
2013-07-25,168.9299926758,135.1291503906
2013-07-26,169.1100006104,135.2731475830
2013-07-29,168.5899963379,134.8571929932
2013-07-30,168.5899963379,134.8571929932
2013-07-31,168.7100067139,134.9532012939
2013-08-01,170.6600036621,136.5130004883
2013-08-02,170.9499969482,136.7449493408
2013-08-05,170.6999969482,136.5449676514
2013-08-06,169.7299957275,135.7690887451
2013-08-07,169.1799926758,135.3290710449
2013-08-08,169.8000030518,135.8251190186
2013-08-09,169.3099975586,135.4331054688
2013-08-12,169.1100006104,135.2731475830
2013-08-13,169.6100006104,135.6731414795
2013-08-14,168.7400054932,134.9772033691
2013-08-15,166.3800048828,133.0893249512
2013-08-16,165.8300018311,132.6494140625
2013-08-19,164.7700042725,131.8015441895
2013-08-20,165.5800018311,132.4494934082
2013-08-21,164.5599975586,131.6335296631
2013-08-22,166.0599975586,132.8333740234
2013-08-23,166.6199951172,133.2813873291
2013-08-26,166.0000000000,132.7854309082
2013-08-27,163.3300018311,130.6496734619
2013-08-28,163.9100036621,131.1135406494
2013-08-29,164.1699981689,131.3215484619
2013-08-30,163.6499938965,130.9055786133
2013-09-03,164.3899993896,131.4975280762
2013-09-04,165.7500000000,132.5854187012
2013-09-05,165.9600067139,132.7534027100
2013-09-06,166.0399932861,132.8173980713
2013-09-09,167.6300048828,134.0892639160
2013-09-10,168.8699951172,135.0811767578
2013-09-11,169.3999938965,135.5050659180
2013-09-12,168.9499969482,135.1451568604
2013-09-13,169.3300018311,135.4490966797
2013-09-16,170.3099975586,136.2329864502
2013-09-17,171.0700073242,136.8409576416
2013-09-18,173.0500030518,138.4248046875
2013-09-19,172.7599945068,138.1927947998
2013-09-20,170.7200012207,137.2266235352
2013-09-23,169.9299926758,136.5915832520
2013-09-24,169.5299987793,136.2701416016
2013-09-25,169.0399932861,135.8761901855
2013-09-26,169.6900024414,136.3987579346
2013-09-27,168.9100036621,135.7718048096
2013-09-30,168.0099945068,135.0483245850
2013-10-01,169.3399963379,136.1173553467
2013-10-02,169.1799926758,135.9887237549
2013-10-03,167.6199951172,134.7348175049
2013-10-04,168.8899993896,135.7556152344
2013-10-07,167.4299926758,134.5821228027
2013-10-08,165.4799957275,133.0146026611
2013-10-09,165.6000061035,133.1111145020
2013-10-10,169.1699981689,135.9806823730
2013-10-11,170.2599945068,136.8568267822
2013-10-14,170.9400024414,137.4034729004
2013-10-15,169.6999969482,136.4067535400
2013-10-16,172.0700073242,138.3117828369
2013-10-17,173.2200012207,139.2361450195
2013-10-18,174.3899993896,140.1766357422
2013-10-21,174.3999938965,140.1846618652
2013-10-22,175.4100036621,140.9965057373
2013-10-23,174.5700073242,140.3213043213
2013-10-24,175.1499938965,140.7874908447
2013-10-25,175.9499969482,141.4305572510
2013-10-28,176.2299957275,141.6555938721
2013-10-29,177.1699981689,142.4112396240
2013-10-30,176.2899932861,141.7038269043
2013-10-31,175.7899932861,141.3019409180
2013-11-01,176.2100067139,141.6395416260
2013-11-04,176.8300018311,142.1378631592
2013-11-05,176.2700042725,141.6877593994
2013-11-06,177.1699981689,142.4112396240
2013-11-07,174.9299926758,140.6106567383
2013-11-08,177.2899932861,142.5076599121
2013-11-11,177.3200073242,142.5317840576
2013-11-12,176.9600067139,142.2424011230
2013-11-13,178.3800048828,143.3838043213
2013-11-14,179.2700042725,144.0991821289
2013-11-15,180.0500030518,144.7262268066
2013-11-18,179.4199981689,144.2197875977
2013-11-19,179.0299987793,143.9063110352
2013-11-20,178.4700012207,143.4561767578
2013-11-21,179.9100036621,144.6136474609
2013-11-22,180.8099975586,145.3371276855
2013-11-25,180.6300048828,145.1923828125
2013-11-26,180.6799926758,145.2325286865
2013-11-27,181.1199951172,145.5862426758
2013-11-29,181.0000000000,145.4898071289
2013-12-02,180.5299987793,145.1120147705
2013-12-03,179.7500000000,144.4850311279
2013-12-04,179.7299957275,144.4689636230
2013-12-05,178.9400024414,143.8339843750
2013-12-06,180.9400024414,145.4416351318
2013-12-09,181.3999938965,145.8113403320
2013-12-10,180.7500000000,145.2888488770
2013-12-11,178.7200012207,143.6570892334
2013-12-12,178.1300048828,143.1828765869
2013-12-13,178.1100006104,143.1668548584
2013-12-16,179.2200012207,144.0590057373
2013-12-17,178.6499938965,143.6008300781
2013-12-18,181.6999969482,146.0525054932
2013-12-19,181.4900054932,145.8836669922
2013-12-20,181.5599975586,146.7322998047
2013-12-23,182.5299987793,147.5161895752
2013-12-24,182.9299926758,147.8394317627
2013-12-26,183.8600006104,148.5910491943
2013-12-27,183.8500061035,148.5829772949
2013-12-30,183.8200073242,148.5587158203
2013-12-31,184.6900024414,149.2618713379
2014-01-02,182.9199981689,147.8313903809
2014-01-03,182.8899993896,147.8071746826
2014-01-06,182.3600006104,147.3788299561
2014-01-07,183.4799957275,148.2839202881
2014-01-08,183.5200042725,148.3163146973
2014-01-09,183.6399993896,148.4132843018
2014-01-10,184.1399993896,148.8173828125
2014-01-13,181.6900024414,146.8373565674
2014-01-14,183.6699981689,148.4375000000
2014-01-15,184.6600036621,149.2375946045
2014-01-16,184.4199981689,149.0436248779
2014-01-17,183.6399993896,148.4132843018
2014-01-21,184.1799926758,148.8497619629
2014-01-22,184.3000030518,148.9466247559
2014-01-23,182.7899932861,147.7263336182
2014-01-24,178.8899993896,144.5744476318
2014-01-27,178.0099945068,143.8632049561
2014-01-28,179.0700073242,144.7199401855
2014-01-29,177.3500061035,143.3299102783
2014-01-30,179.2299957275,144.8491973877
2014-01-31,178.1799926758,144.0005950928
2014-02-03,174.1699981689,140.7598419189
2014-02-04,175.3899993896,141.7458038330
2014-02-05,175.1699981689,141.5680084229
2014-02-06,177.4799957275,143.4349212646
2014-02-07,179.6799926758,145.2128601074
2014-02-10,180.0099945068,145.4796142578
2014-02-11,181.9799957275,147.0717010498
2014-02-12,182.0700073242,147.1444396973
2014-02-13,183.0099945068,147.9041442871
2014-02-14,184.0200042725,148.7204284668
2014-02-18,184.2400054932,148.8981933594
2014-02-19,183.0200042725,147.9122161865
2014-02-20,184.1000061035,148.7850494385
2014-02-21,183.8899993896,148.6152954102
2014-02-24,184.9100036621,149.4396209717
2014-02-25,184.8399963379,149.3830261230
2014-02-26,184.8500061035,149.3911437988
2014-02-27,185.8200073242,150.1751098633
2014-02-28,186.2899932861,150.5549163818
2014-03-03,184.9799957275,149.4962158203
2014-03-04,187.5800018311,151.5974426270
2014-03-05,187.7500000000,151.7348632812
2014-03-06,188.1799926758,152.0823364258
2014-03-07,188.2599945068,152.1470184326
2014-03-10,188.1600036621,152.0661621094
2014-03-11,187.2299957275,151.3145751953
2014-03-12,187.2799987793,151.3550109863
2014-03-13,185.1799926758,149.6579132080
2014-03-14,184.6600036621,149.2375946045
2014-03-17,186.3300018311,150.5872802734
2014-03-18,187.6600036621,151.6621398926
2014-03-19,186.6600036621,150.8539733887
2014-03-20,187.7500000000,151.7348632812
2014-03-21,186.1999969482,151.1462860107
2014-03-24,185.4299926758,150.5212554932
2014-03-25,186.3099975586,151.2356872559
2014-03-26,184.9700012207,150.1478881836
2014-03-27,184.5800018311,149.8312988281
2014-03-28,185.4900054932,150.5700225830
2014-03-31,187.0099945068,151.8038787842
2014-04-01,188.2500000000,152.8103790283
2014-04-02,188.8800048828,153.3217773438
2014-04-03,188.6300048828,153.1188964844
2014-04-04,186.3999938965,151.3086547852
2014-04-07,184.3399963379,149.6365051270
2014-04-08,185.1000061035,150.2534790039
2014-04-09,187.0899963379,151.8687744141
2014-04-10,183.1600036621,148.6786346436
2014-04-11,181.5099945068,147.3392486572
2014-04-14,182.9400024414,148.5000305176
2014-04-15,184.1999969482,149.5229034424
2014-04-16,186.1300048828,151.0895233154
2014-04-17,186.3899993896,151.3005828857
2014-04-21,187.0399932861,151.8282318115
2014-04-22,187.8899993896,152.5182037354
2014-04-23,187.4499969482,152.1610107422
2014-04-24,187.8300018311,152.4695129395
2014-04-25,186.2899932861,151.2194061279
2014-04-28,186.8800048828,151.6983489990
2014-04-29,187.7500000000,152.4045410156
2014-04-30,188.3099975586,152.8591308594
2014-05-01,188.3300018311,152.8753509521
2014-05-02,188.0599975586,152.6561431885
2014-05-05,188.4199981689,152.9484252930
2014-05-06,186.7799987793,151.6171264648
2014-05-07,187.8800048828,152.5101165771
2014-05-08,187.6799926758,152.3477020264
2014-05-09,187.9600067139,152.5750732422
2014-05-12,189.7899932861,154.0604858398
2014-05-13,189.9600067139,154.1984863281
2014-05-14,189.0599975586,153.4679565430
2014-05-15,187.3999938965,152.1204223633
2014-05-16,188.0500030518,152.6480865479
2014-05-19,188.7400054932,153.2081298828
2014-05-20,187.5500030518,152.2421569824
2014-05-21,189.1300048828,153.5247650146
2014-05-22,189.5899963379,153.8981933594
2014-05-23,190.3500061035,154.5150604248
2014-05-27,191.5200042725,155.4648284912
2014-05-28,191.3800048828,155.3511352539
2014-05-29,192.3699951172,156.1548004150
2014-05-30,192.6799926758,156.4064178467
2014-06-02,192.8999938965,156.5850524902
2014-06-03,192.8000030518,156.5038299561
2014-06-04,193.1900024414,156.8204498291
2014-06-05,194.4499969482,157.8431854248
2014-06-06,195.3800048828,158.5980987549
2014-06-09,195.5800018311,158.7604827881
2014-06-10,195.6000061035,158.7767181396
2014-06-11,194.9199981689,158.2247467041
2014-06-12,193.5399932861,157.1045227051
2014-06-13,194.1300048828,157.5834197998
2014-06-16,194.2899932861,157.7133178711
2014-06-17,194.8300018311,158.1516418457
2014-06-18,196.2599945068,159.3124694824
2014-06-19,196.4799957275,159.4911041260
2014-06-20,195.9400024414,159.8148498535
2014-06-23,195.8800048828,159.7659301758
2014-06-24,194.6999969482,158.8034820557
2014-06-25,195.5800018311,159.5211944580
2014-06-26,195.4400024414,159.4070587158
2014-06-27,195.8200073242,159.7169799805
2014-06-30,195.7200012207,159.6354064941
2014-07-01,197.0299987793,160.7039031982
2014-07-02,197.2299957275,160.8670349121
2014-07-03,198.1999969482,161.6582489014
2014-07-07,197.5099945068,161.0953826904
2014-07-08,196.2400054932,160.0595397949
2014-07-09,197.1199951172,160.7772979736
2014-07-10,196.3399963379,160.1411285400
2014-07-11,196.6100006104,160.3613281250
2014-07-14,197.6000061035,161.1687927246
2014-07-15,197.2299957275,160.8670349121
2014-07-16,197.9600067139,161.4624023438
2014-07-17,195.7100067139,159.6272735596
2014-07-18,197.7100067139,161.2585144043
2014-07-21,197.3399963379,160.9567718506
2014-07-22,198.1999969482,161.6582489014
2014-07-23,198.6399993896,162.0170898438
2014-07-24,198.6499938965,162.0252227783
2014-07-25,197.7200012207,161.2666625977
2014-07-28,197.8000030518,161.3319549561
2014-07-29,196.9499969482,160.6386413574
2014-07-30,196.9799957275,160.6631317139
2014-07-31,193.0899963379,157.4903259277
2014-08-01,192.5000000000,157.0091094971
2014-08-04,193.8899993896,158.1427764893
2014-08-05,192.0099945068,156.6094055176
2014-08-06,192.0700073242,156.6583709717
2014-08-07,191.0299987793,155.8101806641
2014-08-08,193.2400054932,157.6127014160
2014-08-11,193.8000030518,158.0694274902
2014-08-12,193.5299987793,157.8491973877
2014-08-13,194.8399963379,158.9176330566
2014-08-14,195.7599945068,159.6680145264
2014-08-15,195.7200012207,159.6354064941
2014-08-18,197.3600006104,160.9730834961
2014-08-19,198.3899993896,161.8131408691
2014-08-20,198.9199981689,162.2454681396
2014-08-21,199.5000000000,162.7185516357
2014-08-22,199.1900024414,162.4656524658
2014-08-25,200.1999969482,163.2894592285
2014-08-26,200.3300018311,163.3954772949
2014-08-27,200.2500000000,163.3302001953
2014-08-28,200.1399993896,163.2405090332
2014-08-29,200.7100067139,163.7053833008
2014-09-02,200.6100006104,163.6238708496
2014-09-03,200.5000000000,163.5341339111
2014-09-04,200.2100067139,163.2976531982
2014-09-05,201.1100006104,164.0316925049
2014-09-08,200.5899963379,163.6075897217
2014-09-09,199.3200073242,162.5716857910
2014-09-10,200.0700073242,163.1833801270
2014-09-11,200.3000030518,163.3710327148
2014-09-12,199.1300048828,162.4166870117
2014-09-15,198.9799957275,162.2943420410
2014-09-16,200.4799957275,163.5178375244
2014-09-17,200.7500000000,163.7380676270
2014-09-18,201.8200073242,164.6107940674
2014-09-19,200.6999969482,164.4624023438
2014-09-22,199.1499938965,163.1923217773
2014-09-23,198.0099945068,162.2581634521
2014-09-24,199.5599975586,163.5282592773
2014-09-25,196.3399963379,160.8896179199
2014-09-26,197.8999938965,162.1679840088
2014-09-29,197.5399932861,161.8730316162
2014-09-30,197.0200042725,161.4469146729
2014-10-01,194.3500061035,159.2589721680
2014-10-02,194.3800048828,159.2835693359
2014-10-03,196.5200042725,161.0371398926
2014-10-06,196.2899932861,160.8486938477
2014-10-07,193.2599945068,158.3657836914
2014-10-08,196.6399993896,161.1355133057
2014-10-09,192.7400054932,157.9397277832
2014-10-10,190.5399932861,156.1369018555
2014-10-13,187.4100036621,153.5720672607
2014-10-14,187.6999969482,153.8096771240
2014-10-15,186.4299926758,152.7689514160
2014-10-16,186.2700042725,152.6379089355
2014-10-17,188.4700012207,154.4406433105
2014-10-20,190.3000030518,155.9402008057
2014-10-21,194.0700073242,159.0295257568
2014-10-22,192.6900024414,157.8987121582
2014-10-23,194.9299926758,159.7342071533
2014-10-24,196.4299926758,160.9634246826
2014-10-27,196.1600036621,160.7422027588
2014-10-28,198.4100036621,162.5858917236
2014-10-29,198.1100006104,162.3400878906
2014-10-30,199.3800048828,163.3807678223
2014-10-31,201.6600036621,165.2490844727
2014-11-03,201.7700042725,165.3392791748
2014-11-04,201.0700073242,164.7656097412
2014-11-05,202.3399963379,165.8063507080
2014-11-06,203.1499938965,166.4700775146
2014-11-07,203.3399963379,166.6257476807
2014-11-10,203.9799957275,167.1501922607
2014-11-11,204.1799926758,167.3141174316
2014-11-12,203.9600067139,167.1338653564
2014-11-13,204.1900024414,167.3222961426
2014-11-14,204.2400054932,167.3632507324
2014-11-17,204.3699951172,167.4698181152
2014-11-18,205.5500030518,168.4367675781
2014-11-19,205.2200012207,168.1663208008
2014-11-20,205.5800018311,168.4613342285
2014-11-21,206.6799926758,169.3627624512
2014-11-24,207.2599945068,169.8379974365
2014-11-25,207.1100006104,169.7150573730
2014-11-26,207.6399993896,170.1494140625
2014-11-28,207.1999969482,169.7888183594
2014-12-01,205.7599945068,168.6088867188
2014-12-02,207.0899963379,169.6986846924
2014-12-03,207.8899993896,170.3542785645
2014-12-04,207.6600036621,170.1658325195
2014-12-05,208.0000000000,170.4443511963
2014-12-08,206.6100006104,169.3053894043
2014-12-09,206.4700012207,169.1906738281
2014-12-10,203.1600036621,166.4783172607
2014-12-11,204.1900024414,167.3222961426
2014-12-12,200.8899993896,164.6181488037
2014-12-15,199.5099945068,163.4873199463
2014-12-16,197.9100036621,162.1762542725
2014-12-17,201.7899932861,165.3556671143
2014-12-18,206.7799987793,169.4446716309
2014-12-19,206.5200042725,170.1657104492
2014-12-22,207.4700012207,170.9483642578
2014-12-23,207.7500000000,171.1791229248
2014-12-24,207.7700042725,171.1956024170
2014-12-26,208.4400024414,171.7476501465
2014-12-29,208.7200012207,171.9782562256
2014-12-30,207.6000061035,171.0555114746
2014-12-31,205.5399932861,169.3581085205
2015-01-02,205.4299926758,169.2675018311
2015-01-05,201.7200012207,166.2106323242
2015-01-06,199.8200073242,164.6450500488
2015-01-07,202.3099975586,166.6967315674
2015-01-08,205.8999938965,169.6547851562
2015-01-09,204.2500000000,168.2952270508
2015-01-12,202.6499938965,166.9768981934
2015-01-13,202.0800018311,166.5072021484
2015-01-14,200.8600006104,165.5019531250
2015-01-15,199.0200042725,163.9859466553
2015-01-16,201.6300048828,166.1364440918
2015-01-20,202.0599975586,166.4907836914
2015-01-21,203.0800018311,167.3312072754
2015-01-22,206.1000061035,169.8195800781
2015-01-23,204.9700012207,168.8885192871
2015-01-26,205.4499969482,169.2839660645
2015-01-27,202.7400054932,167.0510406494
2015-01-28,200.1399993896,164.9087371826
2015-01-29,201.9900054932,166.4330596924
2015-01-30,199.4499969482,164.3402404785
2015-02-02,201.9199981689,166.3754119873
2015-02-03,204.8399963379,168.7813873291
2015-02-04,204.0599975586,168.1387329102
2015-02-05,206.1199951172,169.8360748291
2015-02-06,205.5500030518,169.3663940430
2015-02-09,204.6300048828,168.6083679199
2015-02-10,206.8099975586,170.4045562744
2015-02-11,206.9299926758,170.5034179688
2015-02-12,208.9199981689,172.1431579590
2015-02-13,209.7799987793,172.8517456055
2015-02-17,210.1100006104,173.1236267090
2015-02-18,210.1300048828,173.1401519775
2015-02-19,209.9799957275,173.0165863037
2015-02-20,211.2400054932,174.0547790527
2015-02-23,211.2100067139,174.0300903320
2015-02-24,211.8099975586,174.5243988037
2015-02-25,211.6300048828,174.3761444092
2015-02-26,211.3800048828,174.1701202393
2015-02-27,210.6600036621,173.5768737793
2015-03-02,211.9900054932,174.6727142334
2015-03-03,211.1199951172,173.9558715820
2015-03-04,210.2299957275,173.2225494385
2015-03-05,210.4600067139,173.4120635986
2015-03-06,207.5000000000,170.9731140137
2015-03-09,208.3600006104,171.6817932129
2015-03-10,204.9799957275,168.8966979980
2015-03-11,204.5000000000,168.5011749268
2015-03-12,207.1000061035,170.6436004639
2015-03-13,205.8300018311,169.5971069336
2015-03-16,208.5800018311,171.8630523682
2015-03-17,207.9600067139,171.3521728516
2015-03-18,210.4600067139,173.4120635986
2015-03-19,209.5000000000,172.6210632324
2015-03-20,210.4100036621,174.1447601318
2015-03-23,210.0000000000,173.8054656982
2015-03-24,208.8200073242,172.8288116455
2015-03-25,205.7599945068,170.2962493896
2015-03-26,205.2700042725,169.8907165527
2015-03-27,205.7400054932,170.2796936035
2015-03-30,208.2500000000,172.3570404053
2015-03-31,206.4299926758,170.8506927490
2015-04-01,205.6999969482,170.2465362549
2015-04-02,206.4400024414,170.8590240479
2015-04-06,207.8300018311,172.0093994141
2015-04-07,207.2799987793,171.5542144775
2015-04-08,207.9799957275,172.1335601807
2015-04-09,208.8999938965,172.8950347900
2015-04-10,210.0399932861,173.8385009766
2015-04-13,209.0899963379,173.0522613525
2015-04-14,209.4900054932,173.3833465576
2015-04-15,210.4299926758,174.1613311768
2015-04-16,210.3699951172,174.1116943359
2015-04-17,207.9499969482,172.1087493896
2015-04-20,209.8500061035,173.6812896729
2015-04-21,209.6000061035,173.4743804932
2015-04-22,210.6300048828,174.3268127441
2015-04-23,211.1600036621,174.7655029297
2015-04-24,211.6499938965,175.1710968018
2015-04-27,210.7700042725,174.4426727295
2015-04-28,211.4400024414,174.9972534180
2015-04-29,210.5700073242,174.2772064209
2015-04-30,208.4600067139,172.5308380127
2015-05-01,210.7200012207,174.4013519287
2015-05-04,211.3200073242,174.8980102539
2015-05-05,208.8999938965,172.8950347900
2015-05-06,208.0399932861,172.1832275391
2015-05-07,208.8699951172,172.8701934814
2015-05-08,211.6199951172,175.1461944580
2015-05-11,210.6100006104,174.3102874756
2015-05-12,209.9799957275,173.7889251709
2015-05-13,210.0200042725,173.8219909668
2015-05-14,212.2100067139,175.6345214844
2015-05-15,212.4400024414,175.8249359131
2015-05-18,213.1000061035,176.3711242676
2015-05-19,213.0299987793,176.3131713867
2015-05-20,212.8800048828,176.1890563965
2015-05-21,213.5000000000,176.7021636963
2015-05-22,212.9900054932,176.2800903320
2015-05-26,210.6999969482,174.3847961426
2015-05-27,212.6999969482,176.0400695801
2015-05-28,212.4600067139,175.8414611816
2015-05-29,211.1399993896,174.7489624023
2015-06-01,211.5700073242,175.1048278809
2015-06-02,211.3600006104,174.9310455322
2015-06-03,211.9199981689,175.3945312500
2015-06-04,210.1300048828,173.9130096436
2015-06-05,209.7700042725,173.6150665283
2015-06-08,208.4799957275,172.5474548340
2015-06-09,208.4499969482,172.5225830078
2015-06-10,210.9499969482,174.5916748047
2015-06-11,211.6300048828,175.1545410156
2015-06-12,210.0099945068,173.8136901855
2015-06-15,209.1100006104,173.0688171387
2015-06-16,210.2500000000,174.0123596191
2015-06-17,210.5899963379,174.2937469482
2015-06-18,212.7799987793,176.1062927246
2015-06-19,210.8099975586,175.3245086670
2015-06-22,211.8899993896,176.2227172852
2015-06-23,212.0399932861,176.3475036621
2015-06-24,210.5000000000,175.0667266846
2015-06-25,209.8600006104,174.5344085693
2015-06-26,209.8200073242,174.5012054443
2015-06-29,205.4199981689,170.8418426514
2015-06-30,205.8500061035,171.1994323730
2015-07-01,207.5000000000,172.5717163086
2015-07-02,207.3099975586,172.4136962891
2015-07-06,206.7200012207,171.9230194092
2015-07-07,208.0200042725,173.0041503906
2015-07-08,204.5299987793,170.1016387939
2015-07-09,204.8999938965,170.4093322754
2015-07-10,207.4799957275,172.5550689697
2015-07-13,209.7700042725,174.4596099854
2015-07-14,210.6799926758,175.2164611816
2015-07-15,210.6100006104,175.1581878662
2015-07-16,212.3000030518,176.5637054443
2015-07-17,212.4799957275,176.7133789062
2015-07-20,212.5899963379,176.8049011230
2015-07-21,211.7500000000,176.1062927246
2015-07-22,211.3699951172,175.7902374268
2015-07-23,210.1799926758,174.8005828857
2015-07-24,208.0000000000,172.9875640869
2015-07-27,206.7899932861,171.9811706543
2015-07-28,209.3300018311,174.0936279297
2015-07-29,210.7700042725,175.2912445068
2015-07-30,210.8200073242,175.3328399658
2015-07-31,210.5000000000,175.0667266846
2015-08-03,209.7899932861,174.4762268066
2015-08-04,209.3800048828,174.1352539062
2015-08-05,210.0700073242,174.7091064453
2015-08-06,208.3500061035,173.2786102295
2015-08-07,207.9499969482,172.9459533691
2015-08-10,210.5700073242,175.1249389648
2015-08-11,208.6699981689,173.5447235107
2015-08-12,208.9199981689,173.7527160645
2015-08-13,208.6600036621,173.5364074707
2015-08-14,209.4199981689,174.1684722900
2015-08-17,210.5899963379,175.1415252686
2015-08-18,209.9799957275,174.6341857910
2015-08-19,208.3200073242,173.2536468506
2015-08-20,203.9700012207,169.6359252930
2015-08-21,197.8300018311,164.5293884277
2015-08-24,189.5000000000,157.6016082764
2015-08-25,187.2700042725,155.7469940186
2015-08-26,194.4600067139,161.7266845703
2015-08-27,199.2700042725,165.7270507812
2015-08-28,199.2799987793,165.7353363037
2015-08-31,197.6699981689,164.3963470459
2015-09-01,191.7700042725,159.4895172119
2015-09-02,195.4100036621,162.5167846680
2015-09-03,195.5500030518,162.6331939697
2015-09-04,192.5899963379,160.1714172363
2015-09-08,197.4299926758,164.1968078613
2015-09-09,194.7899932861,162.0011291504
2015-09-10,195.8500061035,162.8827056885
2015-09-11,196.7400054932,163.6229858398
2015-09-14,196.0099945068,163.0157928467
2015-09-15,198.4600067139,165.0533599854
2015-09-16,200.1799926758,166.4838256836
2015-09-17,199.7299957275,166.1096496582
2015-09-18,195.4499969482,163.3951721191
2015-09-21,196.4600067139,164.2395324707
2015-09-22,193.9100036621,162.1076965332
2015-09-23,193.6000061035,161.8485565186
2015-09-24,192.8999938965,161.2633514404
2015-09-25,192.8500061035,161.2215728760
2015-09-28,188.0099945068,157.1753234863
2015-09-29,188.1199951172,157.2672729492
2015-09-30,191.6300048828,160.2016448975
2015-10-01,192.1300048828,160.6196441650
2015-10-02,195.0000000000,163.0189666748
2015-10-05,198.4700012207,165.9197998047
2015-10-06,197.7899932861,165.3513488770
2015-10-07,199.4100036621,166.7056427002
2015-10-08,201.2100067139,168.2104644775
2015-10-09,201.3300018311,168.3107910156
2015-10-12,201.5200042725,168.4696044922
2015-10-13,200.2500000000,167.4079589844
2015-10-14,199.2899932861,166.6053771973
2015-10-15,202.3500061035,169.1634521484
2015-10-16,203.2700042725,169.9325866699
2015-10-19,203.3699951172,170.0162353516
2015-10-20,203.1100006104,169.7987976074
2015-10-21,201.8500061035,168.7454986572
2015-10-22,205.2599945068,171.5962371826
2015-10-23,207.5099945068,173.4771881104
2015-10-26,207.0000000000,173.0508422852
2015-10-27,206.6000061035,172.7164916992
2015-10-28,208.9499969482,174.6810455322
2015-10-29,208.8300018311,174.5806884766
2015-10-30,207.9299926758,173.8283538818
2015-11-02,210.3899993896,175.8848724365
2015-11-03,211.0000000000,176.3948364258
2015-11-04,210.3600006104,175.8598022461
2015-11-05,210.1499938965,175.6841888428
2015-11-06,210.0399932861,175.5922546387
2015-11-09,208.0800018311,173.9537200928
2015-11-10,208.5599975586,174.3550415039
2015-11-11,207.7400054932,173.6694793701
2015-11-12,204.8399963379,171.2451019287
2015-11-13,202.5399932861,169.3222808838
2015-11-16,205.6199951172,171.8971710205
2015-11-17,205.4700012207,171.7718200684
2015-11-18,208.7299957275,174.4971771240
2015-11-19,208.5500030518,174.3466339111
2015-11-20,209.3099975586,174.9820251465
2015-11-23,209.0700073242,174.7813568115
2015-11-24,209.3500061035,175.0154266357
2015-11-25,209.3200073242,174.9903564453
2015-11-27,209.5599975586,175.1910095215
2015-11-30,208.6900024414,174.4636688232
2015-12-01,210.6799926758,176.1273651123
2015-12-02,208.5299987793,174.3299407959
2015-12-03,205.6100006104,171.8888702393
2015-12-04,209.6199951172,175.2411804199
2015-12-07,208.3500061035,174.1794586182
2015-12-08,206.9499969482,173.0090332031
2015-12-09,205.3399963379,171.6630706787
2015-12-10,205.8699951172,172.1061859131
2015-12-11,201.8800048828,168.7705993652
2015-12-14,202.8999938965,169.6232604980
2015-12-15,205.0299987793,171.4039306641
2015-12-16,208.0299987793,173.9119415283
2015-12-17,204.8600006104,171.2618103027
2015-12-18,200.0200042725,168.2108154297
2015-12-21,201.6699981689,169.5984039307
2015-12-22,203.5000000000,171.1373291016
2015-12-23,206.0200042725,173.2566070557
2015-12-24,205.6799926758,172.9707031250
2015-12-28,205.2100067139,172.5753936768
2015-12-29,207.3999938965,174.4171447754
2015-12-30,205.9299926758,173.1809082031
2015-12-31,203.8699951172,171.4485321045
2016-01-04,201.0200042725,169.0518035889
2016-01-05,201.3600006104,169.3376922607
2016-01-06,198.8200073242,167.2015991211
2016-01-07,194.0500030518,163.1902008057
2016-01-08,191.9199981689,161.3989257812
2016-01-11,192.1100006104,161.5587005615
2016-01-12,193.6600036621,162.8622741699
2016-01-13,188.8300018311,158.8003540039
2016-01-14,191.9299926758,161.4072723389
2016-01-15,187.8099975586,157.9425659180
2016-01-19,188.0599975586,158.1527557373
2016-01-20,185.6499938965,156.1260070801
2016-01-21,186.6900024414,157.0006256104
2016-01-22,190.5200042725,160.2216033936
2016-01-25,187.6399993896,157.7996215820
2016-01-26,190.1999969482,159.9524688721
2016-01-27,188.1300048828,158.2117156982
2016-01-28,189.1100006104,159.0357818604
2016-01-29,193.7200012207,162.9127044678
2016-02-01,193.6499938965,162.8537750244
2016-02-02,190.1600036621,159.9187927246
2016-02-03,191.3000030518,160.8775329590
2016-02-04,191.6000061035,161.1298065186
2016-02-05,187.9499969482,158.0603637695
2016-02-08,185.4199981689,155.9326477051
2016-02-09,185.4299926758,155.9410552979
2016-02-10,185.2700042725,155.8064422607
2016-02-11,182.8600006104,153.7797851562
2016-02-12,186.6300048828,156.9501953125
2016-02-16,189.7799987793,159.5992584229
2016-02-17,192.8800048828,162.2062225342
2016-02-18,192.0899963379,161.5419464111
2016-02-19,192.0000000000,161.4662170410
2016-02-22,194.7799987793,163.8041229248
2016-02-23,192.3200073242,161.7353057861
2016-02-24,193.1999969482,162.4754028320
2016-02-25,195.5399932861,164.4432678223
2016-02-26,195.0899963379,164.0647888184
2016-02-29,193.5599975586,162.7781219482
2016-03-01,198.1100006104,166.6045379639
2016-03-02,199.0000000000,167.3530273438
2016-03-03,199.7799987793,168.0089416504
2016-03-04,200.4299926758,168.5555725098
2016-03-07,200.5899963379,168.6901702881
2016-03-08,198.3999938965,166.8484497070
2016-03-09,199.3800048828,167.6725769043
2016-03-10,199.5399932861,167.8070678711
2016-03-11,202.7599945068,170.5150604248
2016-03-14,202.5000000000,170.2964172363
2016-03-15,202.1699981689,170.0188598633
2016-03-16,203.3399963379,171.0027923584
2016-03-17,204.6300048828,172.0876770020
2016-03-18,204.3800048828,172.7639007568
2016-03-21,204.6699981689,173.0090332031
2016-03-22,204.5599975586,172.9160766602
2016-03-23,203.2100067139,171.7749176025
2016-03-24,203.1199951172,171.6988067627
2016-03-28,203.2400054932,171.8002624512
2016-03-29,205.1199951172,173.3894042969
2016-03-30,206.0200042725,174.1501922607
2016-03-31,205.5200042725,173.7275695801
2016-04-01,206.9199981689,174.9110107422
2016-04-04,206.2500000000,174.3446197510
2016-04-05,204.1900024414,172.6033172607
2016-04-06,206.4199981689,174.4883422852
2016-04-07,203.9499969482,172.4003906250
2016-04-08,204.5000000000,172.8653564453
2016-04-11,204.0200042725,172.4596252441
2016-04-12,205.9199981689,174.0657196045
2016-04-13,208.0000000000,175.8239288330
2016-04-14,208.0099945068,175.8323822021
2016-04-15,207.7799987793,175.6378936768
2016-04-18,209.2400054932,176.8721160889
2016-04-19,209.8999938965,177.4300079346
2016-04-20,210.1000061035,177.5990753174
2016-04-21,208.9700012207,176.6438751221
2016-04-22,208.9700012207,176.6438751221
2016-04-25,208.6100006104,176.3395690918
2016-04-26,208.9199981689,176.6016235352
2016-04-27,209.3500061035,176.9650421143
2016-04-28,207.4499969482,175.3590393066
2016-04-29,206.3300018311,174.4122619629
2016-05-02,207.9700012207,175.7985839844
2016-05-03,206.1600036621,174.2685852051
2016-05-04,205.0099945068,173.2964477539
2016-05-05,204.9700012207,173.2626190186
2016-05-06,205.7200012207,173.8966674805
2016-05-09,205.8899993896,174.0403137207
2016-05-10,208.4499969482,176.2043457031
2016-05-11,206.5000000000,174.5559997559
2016-05-12,206.5599975586,174.6066589355
2016-05-13,204.7599945068,173.0851135254
2016-05-16,206.7799987793,174.7926330566
2016-05-17,204.8500061035,173.1611938477
2016-05-18,204.9100036621,173.2119140625
2016-05-19,204.1999969482,172.6117858887
2016-05-20,205.4900054932,173.7022094727
2016-05-23,205.2100067139,173.4654998779
2016-05-24,207.8699951172,175.7140197754
2016-05-25,209.2799987793,176.9058837891
2016-05-26,209.3399963379,176.9565582275
2016-05-27,210.2400054932,177.7173461914
2016-05-31,209.8399963379,177.3792724609
2016-06-01,210.2700042725,177.7428436279
2016-06-02,210.9100036621,178.2837371826
2016-06-03,210.2799987793,177.7512054443
2016-06-06,211.3500061035,178.6557006836
2016-06-07,211.6799926758,178.9346313477
2016-06-08,212.3699951172,179.5178985596
2016-06-09,212.0800018311,179.2727966309
2016-06-10,210.0700073242,177.5737152100
2016-06-13,208.4499969482,176.2043457031
2016-06-14,208.0399932861,175.8577423096
2016-06-15,207.7500000000,175.6126098633
2016-06-16,208.3699951172,176.1366577148
2016-06-17,206.5200042725,175.4806823730
2016-06-20,207.8500061035,176.6108093262
2016-06-21,208.4400024414,177.1121368408
2016-06-22,208.1000061035,176.8232421875
2016-06-23,210.8099975586,179.1259460449
2016-06-24,203.2400054932,172.6936798096
2016-06-27,199.6000061035,169.6007690430
2016-06-28,203.1999969482,172.6597137451
2016-06-29,206.6600036621,175.5996704102
2016-06-30,209.4799957275,177.9958648682
2016-07-01,209.9199981689,178.3696899414
2016-07-05,208.4100036621,177.0866546631
2016-07-06,209.6600036621,178.1487731934
2016-07-07,209.5299987793,178.0383300781
2016-07-08,212.6499938965,180.6894073486
2016-07-11,213.3999938965,181.3266601562
2016-07-12,214.9499969482,182.6436920166
2016-07-13,214.9199981689,182.6182556152
2016-07-14,216.1199951172,183.6378784180
2016-07-15,215.8300018311,183.3914642334
2016-07-18,216.4100036621,183.8842773438
2016-07-19,216.1900024414,183.6973419189
2016-07-20,217.0899963379,184.4620819092
2016-07-21,216.2700042725,183.7653198242
2016-07-22,217.2400054932,184.5895385742
2016-07-25,216.6499938965,184.0881958008
2016-07-26,216.7500000000,184.1731414795
2016-07-27,216.5200042725,183.9776763916
2016-07-28,216.7700042725,184.1901855469
2016-07-29,217.1199951172,184.4875183105
2016-08-01,216.9400024414,184.3346252441
2016-08-02,215.5500030518,183.1535339355
2016-08-03,216.1799926758,183.6888580322
2016-08-04,216.4100036621,183.8842773438
2016-08-05,218.1799926758,185.3882598877
2016-08-08,218.0500030518,185.2777404785
2016-08-09,218.1799926758,185.3882598877
2016-08-10,217.6399993896,184.9293975830
2016-08-11,218.6499938965,185.7875976562
2016-08-12,218.4600067139,185.6262054443
2016-08-15,219.0899963379,186.1614837646
2016-08-16,217.9600067139,185.2013092041
2016-08-17,218.3699951172,185.5496978760
2016-08-18,218.8600006104,185.9660797119
2016-08-19,218.5399932861,185.6940765381
2016-08-22,218.5299987793,185.6856384277
2016-08-23,218.9700012207,186.0594787598
2016-08-24,217.8500061035,185.1078796387
2016-08-25,217.6999969482,184.9803466797
2016-08-26,217.2899932861,184.6320343018
2016-08-29,218.3600006104,185.5412139893
2016-08-30,218.0000000000,185.2353057861
2016-08-31,217.3800048828,184.7084808350
2016-09-01,217.3899993896,184.7169647217
2016-09-02,218.3699951172,185.5496978760
2016-09-06,219.0299987793,186.1104583740
2016-09-07,219.0099945068,186.0934753418
2016-09-08,218.5099945068,185.6686553955
2016-09-09,213.2799987793,181.2247314453
2016-09-12,216.3399963379,183.8248291016
2016-09-13,213.2299957275,181.1821899414
2016-09-14,213.1499938965,181.1142120361
2016-09-15,215.2799987793,182.9241180420
2016-09-16,213.3699951172,182.2169952393
2016-09-19,213.4100036621,182.2511749268
2016-09-20,213.4199981689,182.2596588135
2016-09-21,215.8200073242,184.3092651367
2016-09-22,217.1799926758,185.4707336426
2016-09-23,215.9900054932,184.4544830322
2016-09-26,214.2400054932,182.9600067139
2016-09-27,215.5700073242,184.0958099365
2016-09-28,216.6399993896,185.0095672607
2016-09-29,214.6799926758,183.3357238770
2016-09-30,216.3000030518,184.7192077637
2016-10-03,215.7799987793,184.2751617432
2016-10-04,214.6799926758,183.3357238770
2016-10-05,215.6300048828,184.1470642090
2016-10-06,215.7799987793,184.2751617432
2016-10-07,215.0399932861,183.6432189941
2016-10-10,216.1600036621,184.5996398926
2016-10-11,213.4299926758,182.2682189941
2016-10-12,213.7100067139,182.5073242188
2016-10-13,213.0099945068,181.9095611572
2016-10-14,213.1199951172,182.0035095215
2016-10-17,212.3800048828,181.3715667725
2016-10-18,213.7100067139,182.5073242188
2016-10-19,214.2799987793,182.9941101074
2016-10-20,213.8800048828,182.6525726318
2016-10-21,213.9799957275,182.7379455566
2016-10-24,214.8899993896,183.5150909424
2016-10-25,214.1699981689,182.9002075195
2016-10-26,213.7400054932,182.5329742432
2016-10-27,213.1699981689,182.0461578369
2016-10-28,212.5399932861,181.5081939697
2016-10-31,212.5500030518,181.5166931152
2016-11-01,211.0099945068,180.2015075684
2016-11-02,209.7400054932,179.1170043945
2016-11-03,208.7799987793,178.2972106934
2016-11-04,208.5500030518,178.1007843018
2016-11-07,213.1499938965,182.0290679932
2016-11-08,214.1100006104,182.8489227295
2016-11-09,216.3800048828,184.7875213623
2016-11-10,216.9199981689,185.2487030029
2016-11-11,216.4199981689,184.8217010498
2016-11-14,216.5899963379,184.9668884277
2016-11-15,218.2799987793,186.4101715088
2016-11-16,217.8699951172,186.0599822998
2016-11-17,218.9900054932,187.0164947510
2016-11-18,218.5000000000,186.5980072021
2016-11-21,220.1499938965,188.0070953369
2016-11-22,220.5800018311,188.3743133545
2016-11-23,220.6999969482,188.4767761230
2016-11-25,221.5200042725,189.1770782471
2016-11-28,220.4799957275,188.2889099121
2016-11-29,220.9100036621,188.6561279297
2016-11-30,220.3800048828,188.2035064697
2016-12-01,219.5700073242,187.5117797852
2016-12-02,219.6799926758,187.6057128906
2016-12-05,221.0000000000,188.7330627441
2016-12-06,221.6999969482,189.3307800293
2016-12-07,224.6000061035,191.8073883057
2016-12-08,225.1499938965,192.2770690918
2016-12-09,226.5099945068,193.4384765625
2016-12-12,226.2500000000,193.2164459229
2016-12-13,227.7599945068,194.5059814453
2016-12-14,225.8800048828,192.9004974365
2016-12-15,226.8099975586,193.6947174072
2016-12-16,225.0399932861,193.3159027100
2016-12-19,225.5299987793,193.7367706299
2016-12-20,226.3999938965,194.4841308594
2016-12-21,225.7700042725,193.9429473877
2016-12-22,225.3800048828,193.6079711914
2016-12-23,225.7100067139,193.8914184570
2016-12-27,226.2700042725,194.3724670410
2016-12-28,224.3999938965,192.7660369873
2016-12-29,224.3500061035,192.7231597900
2016-12-30,223.5299987793,192.0187377930
2017-01-03,225.2400054932,193.4876861572
2017-01-04,226.5800018311,194.6387786865
2017-01-05,226.3999938965,194.4841308594
2017-01-06,227.2100067139,195.1800231934
2017-01-09,226.4600067139,194.5356903076
2017-01-10,226.4600067139,194.5356903076
2017-01-11,227.1000061035,195.0854339600
2017-01-12,226.5299987793,194.5958251953
2017-01-13,227.0500030518,195.0425109863
2017-01-17,226.2500000000,194.3553009033
2017-01-18,226.7500000000,194.7848052979
2017-01-19,225.9100036621,194.0632629395
2017-01-20,226.7400054932,194.7762908936
2017-01-23,226.1499938965,194.2693481445
2017-01-24,227.6000061035,195.5149841309
2017-01-25,229.5700073242,197.2073059082
2017-01-26,229.3300018311,197.0011444092
2017-01-27,228.9700012207,196.6918487549
2017-01-30,227.5500030518,195.4720306396
2017-01-31,227.5299987793,195.4548492432
2017-02-01,227.6199951172,195.5322265625
2017-02-02,227.7700042725,195.6609802246
2017-02-03,229.3399963379,197.0097045898
2017-02-06,228.9299926758,196.6575164795
2017-02-07,228.9400024414,196.6661224365
2017-02-08,229.2400054932,196.9237976074
2017-02-09,230.6000061035,198.0920715332
2017-02-10,231.5099945068,198.8737792969
2017-02-13,232.7700042725,199.9562377930
2017-02-14,233.6999969482,200.7550659180
2017-02-15,234.9199981689,201.8030853271
2017-02-16,234.7200012207,201.6312713623
2017-02-17,235.0899963379,201.9491424561
2017-02-21,236.4900054932,203.1518096924
2017-02-22,236.2799987793,202.9713439941
2017-02-23,236.4400024414,203.1087799072
2017-02-24,236.7400054932,203.3664703369
2017-02-27,237.1100006104,203.6843414307
2017-02-28,236.4700012207,203.1345672607
2017-03-01,239.7799987793,205.9779357910
2017-03-02,238.2700042725,204.6808319092
2017-03-03,238.4199981689,204.8097534180
2017-03-06,237.7100067139,204.1997680664
2017-03-07,237.0000000000,203.5898284912
2017-03-08,236.5599975586,203.2118682861
2017-03-09,236.8600006104,203.4695739746
2017-03-10,237.6900024414,204.1825866699
2017-03-13,237.8099975586,204.2856903076
2017-03-14,236.8999938965,203.5039520264
2017-03-15,238.9499969482,205.2649841309
2017-03-16,238.4799957275,204.8611907959
2017-03-17,237.0299987793,204.5014953613
2017-03-20,236.7700042725,204.2771301270
2017-03-21,233.7299957275,201.6543426514
2017-03-22,234.2799987793,202.1288757324
2017-03-23,234.0299987793,201.9131317139
2017-03-24,233.8600006104,201.7664642334
2017-03-27,233.6199951172,201.5593719482
2017-03-28,235.3200073242,203.0261077881
2017-03-29,235.5399932861,203.2159729004
2017-03-30,236.2899932861,203.8629302979
2017-03-31,235.7400054932,203.3884735107
2017-04-03,235.3300018311,203.0346984863
2017-04-04,235.4799957275,203.1641540527
2017-04-05,234.7799987793,202.5602111816
2017-04-06,235.4400024414,203.1296386719
2017-04-07,235.1999969482,202.9225921631
2017-04-10,235.3399963379,203.0434112549
2017-04-11,235.0599975586,202.8018188477
2017-04-12,234.0299987793,201.9131317139
2017-04-13,232.5099945068,200.6017303467
2017-04-17,234.5700073242,202.3790130615
2017-04-18,233.8699951172,201.7750701904
2017-04-19,233.4400024414,201.4041290283
2017-04-20,235.3399963379,203.0434112549
2017-04-21,234.5899963379,202.3963165283
2017-04-24,237.1699981689,204.6222381592
2017-04-25,238.5500030518,205.8128662109
2017-04-26,238.3999938965,205.6834259033
2017-04-27,238.6000061035,205.8560028076
2017-04-28,238.0800018311,205.4073638916
2017-05-01,238.6799926758,205.9250640869
2017-05-02,238.7700042725,206.0026550293
2017-05-03,238.4799957275,205.7524108887
2017-05-04,238.7599945068,205.9940338135
2017-05-05,239.6999969482,206.8050384521
2017-05-08,239.6600036621,206.7705383301
2017-05-09,239.4400024414,206.5806884766
2017-05-10,239.8699951172,206.9517211914
2017-05-11,239.3800048828,206.5289459229
2017-05-12,238.9799957275,206.1838073730
2017-05-15,240.3000030518,207.3226623535
2017-05-16,240.0800018311,207.1329040527
2017-05-17,235.8200073242,203.4575042725
2017-05-18,236.7700042725,204.2771301270
2017-05-19,238.3099975586,205.6057739258
2017-05-22,239.5200042725,206.6496734619
2017-05-23,240.0500030518,207.1069946289
2017-05-24,240.6100006104,207.5901336670
2017-05-25,241.7599945068,208.5823822021
2017-05-26,241.7100067139,208.5391998291
2017-05-30,241.5000000000,208.3580322266
2017-05-31,241.4400024414,208.3062286377
2017-06-01,243.3600006104,209.9627227783
2017-06-02,244.1699981689,210.6616058350
2017-06-05,243.9900054932,210.5062866211
2017-06-06,243.2100067139,209.8333435059
2017-06-07,243.6600036621,210.2216033936
2017-06-08,243.7799987793,210.3251037598
2017-06-09,243.4100036621,210.0058288574
2017-06-12,243.3600006104,209.9627227783
2017-06-13,244.5500030518,210.9894866943
2017-06-14,244.2400054932,210.7220306396
2017-06-15,243.7700042725,210.3165283203
2017-06-16,242.6399993896,210.3624420166
2017-06-19,244.6600036621,212.1137542725
2017-06-20,243.0099945068,210.6831970215
2017-06-21,242.9499969482,210.6312103271
2017-06-22,242.8399963379,210.5358734131
2017-06-23,243.1300048828,210.7872467041
2017-06-26,243.2899932861,210.9259338379
2017-06-27,241.3300018311,209.2267150879
2017-06-28,243.4900054932,211.0993652344
2017-06-29,241.3500061035,209.2440490723
2017-06-30,241.8000030518,209.6341552734
2017-07-03,242.2100067139,209.9896545410
2017-07-05,242.7700042725,210.4752197266
2017-07-06,240.5500030518,208.5504760742
2017-07-07,242.1100006104,209.9029235840
2017-07-10,242.3699951172,210.1283416748
2017-07-11,242.1900024414,209.9723052979
2017-07-12,244.0099945068,211.5502014160
2017-07-13,244.4199981689,211.9056396484
2017-07-14,245.5599975586,212.8939819336
2017-07-17,245.5299987793,212.8679656982
2017-07-18,245.6600036621,212.9806823730
2017-07-19,246.9900054932,214.1337738037
2017-07-20,247.1000061035,214.2291412354
2017-07-21,246.8800048828,214.0384368896
2017-07-24,246.8200073242,213.9863739014
2017-07-25,247.4199981689,214.5065765381
2017-07-26,247.4299926758,214.5152130127
2017-07-27,247.1999969482,214.3158111572
2017-07-28,246.9100036621,214.0644226074
2017-07-31,246.7700042725,213.9430541992
2017-08-01,247.3200073242,214.4198760986
2017-08-02,247.4400024414,214.5239257812
2017-08-03,246.9600067139,214.1078033447
2017-08-04,247.4100036621,214.4979248047
2017-08-07,247.8699951172,214.8967590332
2017-08-08,247.2599945068,214.3678436279
2017-08-09,247.2500000000,214.3591918945
2017-08-10,243.7599945068,211.3334655762
2017-08-11,244.1199951172,211.6455383301
2017-08-14,246.5399932861,213.7436370850
2017-08-15,246.5099945068,213.7176055908
2017-08-16,246.9400024414,214.0904388428
2017-08-17,243.0899963379,210.7525482178
2017-08-18,242.7100067139,210.4231414795
2017-08-21,242.8999938965,210.5878753662
2017-08-22,245.4400024414,212.7900238037
2017-08-23,244.5599975586,212.0270233154
2017-08-24,243.9900054932,211.5328369141
2017-08-25,244.5599975586,212.0270233154
2017-08-28,244.5700073242,212.0356903076
2017-08-29,244.8500061035,212.2784118652
2017-08-30,246.0099945068,213.2841339111
2017-08-31,247.4900054932,214.5672760010
2017-09-01,247.8399963379,214.8707427979
2017-09-05,246.0599975586,213.3274993896
2017-09-06,246.8999938965,214.0557250977
2017-09-07,246.8699951172,214.0297241211
2017-09-08,246.5800018311,213.7782897949
2017-09-11,249.2100067139,216.0584716797
2017-09-12,250.0500030518,216.7867126465
2017-09-13,250.1699981689,216.8907623291
2017-09-14,250.0899963379,216.8214111328
2017-09-15,249.1900024414,217.1132659912
2017-09-18,249.7200012207,217.5750274658
2017-09-19,249.9700012207,217.7928771973
2017-09-20,250.0599975586,217.8712921143
2017-09-21,249.3899993896,217.2875366211
2017-09-22,249.4400024414,217.3311157227
2017-09-25,248.9299926758,216.8867492676
2017-09-26,249.0800018311,217.0174102783
2017-09-27,250.0500030518,217.8625640869
2017-09-28,250.3500061035,218.1239776611
2017-09-29,251.2299957275,218.8906555176
2017-10-02,252.3200073242,219.8403778076
2017-10-03,252.8600006104,220.3108367920
2017-10-04,253.1600036621,220.5722198486
2017-10-05,254.6600036621,221.8791961670
2017-10-06,254.3699951172,221.6264495850
2017-10-09,253.9499969482,221.2605895996
2017-10-10,254.6199951172,221.8443145752
2017-10-11,255.0200042725,222.1928100586
2017-10-12,254.6399993896,221.8617553711
2017-10-13,254.9499969482,222.1318359375
2017-10-16,255.2899932861,222.4281005859
2017-10-17,255.4700012207,222.5848693848
2017-10-18,255.7200012207,222.8026580811
2017-10-19,255.7899932861,222.8637237549
2017-10-20,257.1099853516,224.0137481689
2017-10-23,256.1099853516,223.1425323486
2017-10-24,256.5599975586,223.5346069336
2017-10-25,255.2899932861,222.4281005859
2017-10-26,255.6199951172,222.7155914307
2017-10-27,257.7099914551,224.5365600586
2017-10-30,256.7500000000,223.7001190186
2017-10-31,257.1499938965,224.0486602783
2017-11-01,257.4899902344,224.3448333740
2017-11-02,257.5899963379,224.4320068359
2017-11-03,258.4500122070,225.1813049316
2017-11-06,258.8500061035,225.5298461914
2017-11-07,258.6700134277,225.3730163574
2017-11-08,259.1099853516,225.7563323975
2017-11-09,258.1700134277,224.9374084473
2017-11-10,258.0899963379,224.8676605225
2017-11-13,258.3299865723,225.0766906738
2017-11-14,257.7300109863,224.5540008545
2017-11-15,256.4400024414,223.4300231934
2017-11-16,258.6199951172,225.3294219971
2017-11-17,257.8599853516,224.6672668457
2017-11-20,258.2999877930,225.0505676270
2017-11-21,259.9899902344,226.5230102539
2017-11-22,259.7600097656,226.3226470947
2017-11-24,260.3599853516,226.8454132080
2017-11-27,260.2300109863,226.7321624756
2017-11-28,262.8699951172,229.0322875977
2017-11-29,262.7099914551,228.8928985596
2017-11-30,265.0100097656,230.8968658447
2017-12-01,264.4599914551,230.4176788330
2017-12-04,264.1400146484,230.1389007568
2017-12-05,263.1900024414,229.3110809326
2017-12-06,263.2399902344,229.3546752930
2017-12-07,264.0700073242,230.0778503418
2017-12-08,265.5100097656,231.3324890137
2017-12-11,266.3099975586,232.0295257568
2017-12-12,266.7799987793,232.4389648438
2017-12-13,266.7500000000,232.4129028320
2017-12-14,265.6600036621,231.4632110596
2017-12-15,266.5100097656,233.3906097412
2017-12-18,268.2000122070,234.8706817627
2017-12-19,267.1700134277,233.9687042236
2017-12-20,267.0299987793,233.8459930420
2017-12-21,267.5799865723,234.3276977539
2017-12-22,267.5100097656,234.2663879395
2017-12-26,267.1900024414,233.9861602783
2017-12-27,267.3200073242,234.1000061035
2017-12-28,267.8699951172,234.5816802979
2017-12-29,266.8599853516,233.6972045898
2018-01-02,268.7699890137,235.3697967529
2018-01-03,270.4700012207,236.8585662842
2018-01-04,271.6099853516,237.8568420410
2018-01-05,273.4200134277,239.4419403076
2018-01-08,273.9200134277,239.8798675537
2018-01-09,274.5400085449,240.4228363037
2018-01-10,274.1199951172,240.0550231934
2018-01-11,276.1199951172,241.8064880371
2018-01-12,277.9200134277,243.3828277588
2018-01-16,276.9700012207,242.5507507324
2018-01-17,279.6099853516,244.8628082275
2018-01-18,279.1400146484,244.4512176514
2018-01-19,280.4100036621,245.5633544922
2018-01-22,282.6900024414,247.5600128174
2018-01-23,283.2900085449,248.0854339600
2018-01-24,283.1799926758,247.9891357422
2018-01-25,283.2999877930,248.0941467285
2018-01-26,286.5799865723,250.9665679932
2018-01-29,284.6799926758,249.3026885986
2018-01-30,281.7600097656,246.7454681396
2018-01-31,281.8999938965,246.8681335449
2018-02-01,281.5799865723,246.5879058838
2018-02-02,275.4500122070,241.2197723389
2018-02-05,263.9299926758,231.1312866211
2018-02-06,269.1300048828,235.6851348877
2018-02-07,267.6700134277,234.4065399170
2018-02-08,257.6300048828,225.6141662598
2018-02-09,261.5000000000,229.0033111572
2018-02-12,265.3399963379,232.3660736084
2018-02-13,266.0000000000,232.9440612793
2018-02-14,269.5899963379,236.0879211426
2018-02-15,273.0299987793,239.1004638672
2018-02-16,273.1099853516,239.1704864502
2018-02-20,271.3999938965,237.6730194092
2018-02-21,270.0499877930,236.4907684326
2018-02-22,270.3999938965,236.7973022461
2018-02-23,274.7099914551,240.5716094971
2018-02-26,277.8999938965,243.3652191162
2018-02-27,274.4299926758,240.3264923096
2018-02-28,271.6499938965,237.8918914795
2018-03-01,267.7000122070,234.4328308105
2018-03-02,269.0799865723,235.6413269043
2018-03-05,272.1900024414,238.3648529053
2018-03-06,272.8800048828,238.9691162109
2018-03-07,272.7799987793,238.8815460205
2018-03-08,274.1000061035,240.0374450684
2018-03-09,278.8699951172,244.2145843506
2018-03-12,278.5199890137,243.9082336426
2018-03-13,276.7200012207,242.3318786621
2018-03-14,275.2999877930,241.0883636475
2018-03-15,275.0000000000,240.8255920410
2018-03-16,274.2000122070,241.0867767334
2018-03-19,270.4899902344,237.8248291016
2018-03-20,270.9500122070,238.2292785645
2018-03-21,270.4299926758,237.7720794678
2018-03-22,263.6700134277,231.8284301758
2018-03-23,258.0499877930,226.8870697021
2018-03-26,265.1099853516,233.0944671631
2018-03-27,260.6000061035,229.1291503906
2018-03-28,259.8299865723,228.4521026611
2018-03-29,263.1499938965,231.3712310791
2018-04-02,257.4700012207,226.3771209717
2018-04-03,260.7699890137,229.2785949707
2018-04-04,263.5599975586,231.7317199707
2018-04-05,265.6400146484,233.5605163574
2018-04-06,259.7200012207,228.3553924561
2018-04-09,261.0000000000,229.4808807373
2018-04-10,265.1499938965,233.1296386719
2018-04-11,263.7600097656,231.9075622559
2018-04-12,265.9299926758,233.8154754639
2018-04-13,265.1499938965,233.1296386719
2018-04-16,267.3299865723,235.0464324951
2018-04-17,270.1900024414,237.5610656738
2018-04-18,270.3900146484,237.7368927002
2018-04-19,268.8900146484,236.4180297852
2018-04-20,266.6099853516,234.4133911133
2018-04-23,266.5700073242,234.3781585693
2018-04-24,262.9800109863,231.2217407227
2018-04-25,263.6300048828,231.7932586670
2018-04-26,266.3099975586,234.1495819092
2018-04-27,266.5599975586,234.3693695068
2018-04-30,264.5100097656,232.5669555664
2018-05-01,264.9800109863,232.9802093506
2018-05-02,263.2000122070,231.4151916504
2018-05-03,262.6199951172,230.9051818848
2018-05-04,266.0199890137,233.8945922852
2018-05-07,266.9200134277,234.6859741211
2018-05-08,266.9200134277,234.6859741211
2018-05-09,269.5000000000,236.9542846680
2018-05-10,272.0199890137,239.1700439453
2018-05-11,272.8500061035,239.8998565674
2018-05-14,272.9800109863,240.0141143799
2018-05-15,271.1000061035,238.3611450195
2018-05-16,272.2399902344,239.3634643555
2018-05-17,272.0100097656,239.1612548828
2018-05-18,271.3299865723,238.5633087158
2018-05-21,273.3699951172,240.3569183350
2018-05-22,272.6099853516,239.6887512207
2018-05-23,273.3599853516,240.3481903076
2018-05-24,272.7999877930,239.8557739258
2018-05-25,272.1499938965,239.2843322754
2018-05-29,269.0199890137,236.5323181152
2018-05-30,272.6099853516,239.6887512207
2018-05-31,270.9400024414,238.2204895020
2018-06-01,273.6000061035,240.5592651367
2018-06-04,274.8999938965,241.7022247314
2018-06-05,275.1000061035,241.8780670166
2018-06-06,277.3999938965,243.9002838135
2018-06-07,277.3699951172,243.8739318848
2018-06-08,278.1900024414,244.5948333740
2018-06-11,278.5599975586,244.9201965332
2018-06-12,278.9200134277,245.2367248535
2018-06-13,278.0299987793,244.4542541504
2018-06-14,278.7300109863,245.0697174072
2018-06-15,277.1300048828,244.7570343018
2018-06-18,276.5599975586,244.2536163330
2018-06-19,275.5000000000,243.3174743652
2018-06-20,275.9700012207,243.7325286865
2018-06-21,274.2399902344,242.2046356201
2018-06-22,274.7399902344,242.6461486816
2018-06-25,271.0000000000,239.3431091309
2018-06-26,271.6000061035,239.8730316162
2018-06-27,269.3500061035,237.8858795166
2018-06-28,270.8900146484,239.2459716797
2018-06-29,271.2799987793,239.5904693604
2018-07-02,271.8599853516,240.1026458740
2018-07-03,270.8999938965,239.2548370361
2018-07-05,273.1099853516,241.2066497803
2018-07-06,275.4200134277,243.2467956543
2018-07-09,277.8999938965,245.4371185303
2018-07-10,278.8999938965,246.3202514648
2018-07-11,276.8599853516,244.5185699463
2018-07-12,279.3699951172,246.7354278564
2018-07-13,279.5899963379,246.9297332764
2018-07-16,279.3399963379,246.7088928223
2018-07-17,280.4700012207,247.7069702148
2018-07-18,281.0599975586,248.2279968262
2018-07-19,280.0000000000,247.2917327881
2018-07-20,279.6799926758,247.0092163086
2018-07-23,280.2000122070,247.4684295654
2018-07-24,281.6099853516,248.7137451172
2018-07-25,284.0100097656,250.8333740234
2018-07-26,283.3399963379,250.2416687012
2018-07-27,281.4200134277,248.5459442139
2018-07-30,279.9500122070,247.2475585938
2018-07-31,281.3299865723,248.4664764404
2018-08-01,280.8599853516,248.0513763428
2018-08-02,282.3900146484,249.4026641846
2018-08-03,283.6000061035,250.4712524414
2018-08-06,284.6400146484,251.3898773193
2018-08-07,285.5799865723,252.2199554443
2018-08-08,285.4599914551,252.1140136719
2018-08-09,285.0700073242,251.7694854736
2018-08-10,283.1600036621,250.0827178955
2018-08-13,282.1000061035,249.1465606689
2018-08-14,283.8999938965,250.7361602783
2018-08-15,281.7799987793,248.8638916016
2018-08-16,284.0599975586,250.8775177002
2018-08-17,285.0599975586,251.7606811523
2018-08-20,285.6700134277,252.2994384766
2018-08-21,286.3399963379,252.8912811279
2018-08-22,286.1700134277,252.7411041260
2018-08-23,285.7900085449,252.4054565430
2018-08-24,287.5100097656,253.9245605469
2018-08-27,289.7799987793,255.9293670654
2018-08-28,289.9200134277,256.0530090332
2018-08-29,291.4800109863,257.4308471680
2018-08-30,290.2999877930,256.3886108398
2018-08-31,290.3099975586,256.3974304199
2018-09-04,289.8099975586,255.9557952881
2018-09-05,289.0299987793,255.2669067383
2018-09-06,288.1600036621,254.4986572266
2018-09-07,287.6000061035,254.0040130615
2018-09-10,288.1000061035,254.4456329346
2018-09-11,289.0499877930,255.2845764160
2018-09-12,289.1199951172,255.3464965820
2018-09-13,290.8299865723,256.8567199707
2018-09-14,290.8800048828,256.9008483887
2018-09-17,289.3399963379,255.5407867432
2018-09-18,290.9100036621,256.9272766113
2018-09-19,291.2200012207,257.2012329102
2018-09-20,293.5799865723,259.2854003906
2018-09-21,291.9899902344,259.0485229492
2018-09-24,291.0199890137,258.1880187988
2018-09-25,290.7500000000,257.9484558105
2018-09-26,289.8800048828,257.1765747070
2018-09-27,290.6900024414,257.8952941895
2018-09-28,290.7200012207,257.9219055176
2018-10-01,291.7300109863,258.8179321289
2018-10-02,291.5599975586,258.6670532227
2018-10-03,291.7200012207,258.8089904785
2018-10-04,289.4400024414,256.7861938477
2018-10-05,287.8200073242,255.3490447998
2018-10-08,287.8200073242,255.3490447998
2018-10-09,287.3999938965,254.9763946533
2018-10-10,278.2999877930,246.9031372070
2018-10-11,272.1700134277,241.4646301270
2018-10-12,275.9500122070,244.8182067871
2018-10-15,274.3999938965,243.4430236816
2018-10-16,280.3999938965,248.7660675049
2018-10-17,280.4500122070,248.8104553223
2018-10-18,276.3999938965,245.2173309326
2018-10-19,276.2500000000,245.0842895508
2018-10-22,275.0100097656,243.9842224121
2018-10-23,273.6099853516,242.7421417236
2018-10-24,265.3200073242,235.3874359131
2018-10-25,270.0799865723,239.6103973389
2018-10-26,265.3299865723,235.3961944580
2018-10-29,263.8599853516,234.0920867920
2018-10-30,267.7699890137,237.5609893799
2018-10-31,270.6300048828,240.0983734131
2018-11-01,273.5100097656,242.6533813477
2018-11-02,271.8900146484,241.2161865234
2018-11-05,273.3900146484,242.5469360352
2018-11-06,275.1199951172,244.0818023682
2018-11-07,281.0100097656,249.3072509766
2018-11-08,280.5000000000,248.8547973633
2018-11-09,277.7600097656,246.4239654541
2018-11-12,272.5700073242,241.8195190430
2018-11-13,272.0599975586,241.3670043945
2018-11-14,270.2000122070,239.7168579102
2018-11-15,273.0199890137,242.2187347412
2018-11-16,273.7300109863,242.8486328125
2018-11-19,269.1000061035,238.7409515381
2018-11-20,264.1199951172,234.3227539062
2018-11-21,265.0199890137,235.1212158203
2018-11-23,263.2500000000,233.5509338379
2018-11-26,267.5000000000,237.3214569092
2018-11-27,268.3999938965,238.1199188232
2018-11-28,274.5799865723,243.6026763916
2018-11-29,273.9800109863,243.0704040527
2018-11-30,275.6499938965,244.5519561768
2018-12-03,279.2999877930,247.7902221680
2018-12-04,270.2500000000,239.7611999512
2018-12-06,269.8399963379,239.3974609375
2018-12-07,263.5700073242,233.8347778320
2018-12-10,264.0700073242,234.2783966064
2018-12-11,264.1300048828,234.3317108154
2018-12-12,265.4599914551,235.5116271973
2018-12-13,265.3699951172,235.4317321777
2018-12-14,260.4700012207,231.0845489502
2018-12-17,255.3600006104,226.5511169434
2018-12-18,255.0800018311,226.3026580811
2018-12-19,251.2599945068,222.9136047363
2018-12-20,247.1699981689,219.2850494385
2018-12-21,240.6999969482,214.7919616699
2018-12-24,234.3399963379,209.1165466309
2018-12-26,246.1799926758,219.6821441650
2018-12-27,248.0700073242,221.3686981201
2018-12-28,247.7500000000,221.0831451416
2018-12-31,249.9199981689,223.0195617676
2019-01-02,250.1799926758,223.2515411377
2019-01-03,244.2100067139,217.9241790771
2019-01-04,252.3899993896,225.2237091064
2019-01-07,254.3800048828,226.9994964600
2019-01-08,256.7699890137,229.1322479248
2019-01-09,257.9700012207,230.2030944824
2019-01-10,258.8800048828,231.0151672363
2019-01-11,258.9800109863,231.1044158936
2019-01-14,257.3999938965,229.6944274902
2019-01-15,260.3500061035,232.3268737793
2019-01-16,260.9800109863,232.8891296387
2019-01-17,262.9599914551,234.6559600830
2019-01-18,266.4599914551,237.7792358398
2019-01-22,262.8599853516,234.5667266846
2019-01-23,263.4100036621,235.0575714111
2019-01-24,263.5499877930,235.1824798584
2019-01-25,265.7799987793,237.1724243164
2019-01-28,263.7600097656,235.3699035645
2019-01-29,263.4100036621,235.0575714111
2019-01-30,267.5799865723,238.7786865234
2019-01-31,269.9299926758,240.8757781982
2019-02-01,270.0599975586,240.9917297363
2019-02-04,271.9599914551,242.6872406006
2019-02-05,273.1000061035,243.7046051025
2019-02-06,272.7399902344,243.3833312988
2019-02-07,270.1400146484,241.0631561279
2019-02-08,270.4700012207,241.3576660156
2019-02-11,270.6199951172,241.4915313721
2019-02-12,274.1000061035,244.5969543457
2019-02-13,274.9899902344,245.3910980225
2019-02-14,274.3800048828,244.8467864990
2019-02-15,277.3699951172,247.5149993896
2019-02-19,277.8500061035,247.9433593750
2019-02-20,278.4100036621,248.4430541992
2019-02-21,277.4200134277,247.5596008301
2019-02-22,279.1400146484,249.0944671631
2019-02-25,279.5199890137,249.4335021973
2019-02-26,279.3200073242,249.2551116943
2019-02-27,279.2000122070,249.1480255127
2019-02-28,278.6799926758,248.6839752197
2019-03-01,280.4200134277,250.2366943359
2019-03-04,279.3999938965,249.3264160156
2019-03-05,279.0199890137,248.9873199463
2019-03-06,277.3299865723,247.4792175293
2019-03-07,275.0100097656,245.4089965820
2019-03-08,274.4599914551,244.9181671143
2019-03-11,278.4400024414,248.4698181152
2019-03-12,279.4899902344,249.4067535400
2019-03-13,281.3399963379,251.0576782227
2019-03-14,281.1600036621,250.8970184326
2019-03-15,281.3099975586,252.1366119385
2019-03-18,282.3299865723,253.0508422852
2019-03-19,282.3999938965,253.1135101318
2019-03-20,281.5499877930,252.3515930176
2019-03-21,284.7300109863,255.2019195557
2019-03-22,279.2500000000,250.2902984619
2019-03-25,279.0400085449,250.1019897461
2019-03-26,281.1199951172,251.9662628174
2019-03-27,279.6499938965,250.6487884521
2019-03-28,280.7099914551,251.5987701416
2019-03-29,282.4800109863,253.1852722168
2019-04-01,285.8299865723,256.1878662109
2019-04-02,285.9700012207,256.3132019043
2019-04-03,286.4200134277,256.7166137695
2019-04-04,287.1799926758,257.3978576660
2019-04-05,288.5700073242,258.6436767578
2019-04-08,288.7900085449,258.8408203125
2019-04-09,287.3099975586,257.5143432617
2019-04-10,288.2900085449,258.3926696777
2019-04-11,288.2099914551,258.3210144043
2019-04-12,290.1600036621,260.0687561035
2019-04-15,289.9700012207,259.8984985352
2019-04-16,290.1600036621,260.0687561035
2019-04-17,289.4500122070,259.4324951172
2019-04-18,290.0199890137,259.9432678223
2019-04-22,290.2699890137,260.1674194336
2019-04-23,292.8800048828,262.5068054199
2019-04-24,292.2300109863,261.9240722656
2019-04-25,292.0499877930,261.7628479004
2019-04-26,293.4100036621,262.9817504883
2019-04-29,293.8699951172,263.3939819336
2019-04-30,294.0199890137,263.5284729004
2019-05-01,291.8099975586,261.5477600098
2019-05-02,291.1799926758,260.9830017090
2019-05-03,294.0299987793,263.5374450684
2019-05-06,292.8200073242,262.4529418945
2019-05-07,287.9299926758,258.0699768066
2019-05-08,287.5299987793,257.7115173340
2019-05-09,286.6600036621,256.9317016602
2019-05-10,288.1000061035,258.2224731445
2019-05-13,280.8599853516,251.7332763672
2019-05-14,283.3999938965,254.0098266602
2019-05-15,285.0599975586,255.4976654053
2019-05-16,287.7000122070,257.8638610840
2019-05-17,285.8399963379,256.1968383789
2019-05-20,283.9500122070,254.5027770996
2019-05-21,286.5100097656,256.7973022461
2019-05-22,285.6300048828,256.0085754395
2019-05-23,282.1400146484,252.8805694580
2019-05-24,282.7799987793,253.4541015625
2019-05-28,280.1499938965,251.0968475342
2019-05-29,278.2699890137,249.4118804932
2019-05-30,279.0299987793,250.0930480957
2019-05-31,275.2699890137,246.7229309082
2019-06-03,274.5700073242,246.0956573486
2019-06-04,280.5299987793,251.4374694824
2019-06-05,282.9599914551,253.6155242920
2019-06-06,284.7999877930,255.2646636963
2019-06-07,287.6499938965,257.8191528320
2019-06-10,288.9700012207,259.0021057129
2019-06-11,288.8999938965,258.9395141602
2019-06-12,288.3900146484,258.4822998047
2019-06-13,289.5799865723,259.5488891602
2019-06-14,289.2600097656,259.2621459961
2019-06-17,289.3699951172,259.3607177734
2019-06-18,292.3999938965,262.0764770508
2019-06-19,293.0599975586,262.6680908203
2019-06-20,295.8599853516,265.1776428223
2019-06-21,294.0000000000,264.7921447754
2019-06-24,293.6400146484,264.4679870605
2019-06-25,290.7600097656,261.8740539551
2019-06-26,290.4700012207,261.6129150391
2019-06-27,291.5000000000,262.5405273438
2019-06-28,293.0000000000,263.8915405273
2019-07-01,295.6600036621,266.2872619629
2019-07-02,296.4299926758,266.9807128906
2019-07-03,298.7999877930,269.1152648926
2019-07-05,298.4599914551,268.8091430664
2019-07-08,296.8200073242,267.3320922852
2019-07-09,297.1900024414,267.6653137207
2019-07-10,298.6099853516,268.9442138672
2019-07-11,299.3099975586,269.5746765137
2019-07-12,300.6499938965,270.7815246582
2019-07-15,300.7500000000,270.8716125488
2019-07-16,299.7799987793,269.9980163574
2019-07-17,297.7399902344,268.1606445312
2019-07-18,298.8299865723,269.1423034668
2019-07-19,297.1700134277,267.6472167969
2019-07-22,297.8999938965,268.3047180176
2019-07-23,300.0299987793,270.2231445312
2019-07-24,301.4400024414,271.4930725098
2019-07-25,300.0000000000,270.1961364746
2019-07-26,302.0100097656,272.0065307617
2019-07-29,301.4599914551,271.5111389160
2019-07-30,300.7200012207,270.8445739746
2019-07-31,297.4299926758,267.8814086914
2019-08-01,294.8399963379,265.5486450195
2019-08-02,292.6199951172,263.5492858887
2019-08-05,283.8200073242,255.6235351562
2019-08-06,287.7999877930,259.2080993652
2019-08-07,287.9700012207,259.3612670898
2019-08-08,293.6199951172,264.4499511719
2019-08-09,291.6199951172,262.6486816406
2019-08-12,288.0700073242,259.4514160156
2019-08-13,292.5499877930,263.4862365723
2019-08-14,283.8999938965,255.6956329346
2019-08-15,284.6499938965,256.3710632324
2019-08-16,288.8500061035,260.1538391113
2019-08-19,292.3299865723,263.2880554199
2019-08-20,290.0899963379,261.2705993652
2019-08-21,292.4500122070,263.3961181641
2019-08-22,292.3599853516,263.3150634766
2019-08-23,284.8500061035,256.5511779785
2019-08-26,288.0000000000,259.3882446289
2019-08-27,286.8699951172,258.3705444336
2019-08-28,288.8900146484,260.1898498535
2019-08-29,292.5799865723,263.5132446289
2019-08-30,292.4500122070,263.3961181641
2019-09-03,290.7399902344,261.8560180664
2019-09-04,294.0400085449,264.8281860352
2019-09-05,297.8200073242,268.2326965332
2019-09-06,298.0499877930,268.4398498535
2019-09-09,298.2000122070,268.5748901367
2019-09-10,298.1300048828,268.5119018555
2019-09-11,300.2500000000,270.4212646484
2019-09-12,301.2900085449,271.3579711914
2019-09-13,301.0899963379,271.1778564453
2019-09-16,300.1600036621,270.3402709961
2019-09-17,300.9200134277,271.0247497559
2019-09-18,301.1000061035,271.1868591309
2019-09-19,301.0799865723,271.1688232422
2019-09-20,298.2799987793,269.8875732422
2019-09-23,298.2099914551,269.8242797852
2019-09-24,295.8699951172,267.7070312500
2019-09-25,297.6199951172,269.2904052734
2019-09-26,297.0000000000,268.7294006348
2019-09-27,295.3999938965,267.2817993164
2019-09-30,296.7699890137,268.5213317871
2019-10-01,293.2399902344,265.3273010254
2019-10-02,288.0599975586,260.6404113770
2019-10-03,290.4200134277,262.7757568359
2019-10-04,294.3500061035,266.3316955566
2019-10-07,293.0799865723,265.1825866699
2019-10-08,288.5299987793,261.0656738281
2019-10-09,291.2699890137,263.5447998047
2019-10-10,293.2399902344,265.3273010254
2019-10-11,296.2799987793,268.0780334473
2019-10-14,295.9500122070,267.7793884277
2019-10-15,298.8800048828,270.4305114746
2019-10-16,298.3999938965,269.9961547852
2019-10-17,299.2799987793,270.7924804688
2019-10-18,297.9700012207,269.6071166992
2019-10-21,299.9899902344,271.4347534180
2019-10-22,299.0100097656,270.5481872559
2019-10-23,299.8800048828,271.3353271484
2019-10-24,300.3699951172,271.7786865234
2019-10-25,301.6000061035,272.8915710449
2019-10-28,303.2999877930,274.4296569824
2019-10-29,303.2099914551,274.3483581543
2019-10-30,304.1400146484,275.1898193359
2019-10-31,303.3299865723,274.4568786621
2019-11-01,306.1400146484,276.9994506836
2019-11-04,307.3699951172,278.1123352051
2019-11-05,307.0299987793,277.8047180176
2019-11-06,307.1000061035,277.8680419922
2019-11-07,308.1799926758,278.8452148438
2019-11-08,308.9400024414,279.5329284668
2019-11-11,308.3500061035,278.9990234375
2019-11-12,309.0000000000,279.5872497559
2019-11-13,309.1000061035,279.6776733398
2019-11-14,309.5499877930,280.0847473145
2019-11-15,311.7900085449,282.1116638184
2019-11-18,312.0199890137,282.3197937012
2019-11-19,311.9299926758,282.2382812500
2019-11-20,310.7699890137,281.1886596680
2019-11-21,310.2699890137,280.7363586426
2019-11-22,310.9599914551,281.3606262207
2019-11-25,313.3699951172,283.5412597656
2019-11-26,314.0799865723,284.1837768555
2019-11-27,315.4800109863,285.4503784180
2019-11-29,314.3099975586,284.3917236328
2019-12-02,311.6400146484,281.9758911133
2019-12-03,309.5499877930,280.0847473145
2019-12-04,311.4599914551,281.8130187988
2019-12-05,312.0199890137,282.3197937012
2019-12-06,314.8699951172,284.8984375000
2019-12-09,313.8800048828,284.0026855469
2019-12-10,313.5299987793,283.6859436035
2019-12-11,314.4200134277,284.4912414551
2019-12-12,317.1300048828,286.9432067871
2019-12-13,317.3200073242,287.1152648926
2019-12-16,319.5000000000,289.0877685547
2019-12-17,319.5700073242,289.1510620117
2019-12-18,319.5899963379,289.1692504883
2019-12-19,320.8999938965,290.3544921875
2019-12-20,320.7300109863,291.6274719238
2019-12-23,321.2200012207,292.0729675293
2019-12-24,321.2300109863,292.0820617676
2019-12-26,322.9400024414,293.6368713379
2019-12-27,322.8599853516,293.5641784668
2019-12-30,321.0799865723,291.9457092285
2019-12-31,321.8599853516,292.6549072266
2020-01-02,324.8699951172,295.3917846680
2020-01-03,322.4100036621,293.1549377441
2020-01-06,323.6400146484,294.2732849121
2020-01-07,322.7300109863,293.4459228516
2020-01-08,324.4500122070,295.0098876953
2020-01-09,326.6499938965,297.0102844238
2020-01-10,325.7099914551,296.1554870605
2020-01-13,327.9500122070,298.1923522949
2020-01-14,327.4500122070,297.7376098633
2020-01-15,328.1900024414,298.4105834961
2020-01-16,330.9200134277,300.8929138184
2020-01-17,331.9500122070,301.8293457031
2020-01-21,331.2999877930,301.2383422852
2020-01-22,331.3399963379,301.2746276855
2020-01-23,331.7200012207,301.6202087402
2020-01-24,328.7699890137,298.9378967285
2020-01-27,323.5000000000,294.1460876465
2020-01-28,326.8900146484,297.2286071777
2020-01-29,326.6199951172,296.9829711914
2020-01-30,327.6799926758,297.9468078613
2020-01-31,321.7300109863,292.5367431641
2020-02-03,324.1199951172,294.7098388672
2020-02-04,329.0599975586,299.2015991211
2020-02-05,332.8599853516,302.6567687988
2020-02-06,333.9800109863,303.6752624512
2020-02-07,332.2000122070,302.0566101074
2020-02-10,334.6799926758,304.3117065430
2020-02-11,335.2600097656,304.8390197754
2020-02-12,337.4200134277,306.8029785156
2020-02-13,337.0599975586,306.4757385254
2020-02-14,337.6000061035,306.9666748047
2020-02-18,336.7300109863,306.1755371094
2020-02-19,338.3399963379,307.6394958496
2020-02-20,336.9500122070,306.3755798340
2020-02-21,333.4800109863,303.2205200195
2020-02-24,322.4200134277,293.1641540527
2020-02-25,312.6499938965,284.2805786133
2020-02-26,311.5000000000,283.2349243164
2020-02-27,297.5100097656,270.5143127441
2020-02-28,296.2600097656,269.3778076172
2020-03-02,309.0899963379,281.0436401367
2020-03-03,300.2399902344,272.9966125488
2020-03-04,312.8599853516,284.4715576172
2020-03-05,302.4599914551,275.0152282715
2020-03-06,297.4599914551,270.4689331055
2020-03-09,274.2300109863,249.3468170166
2020-03-10,288.4200134277,262.2491455078
2020-03-11,274.3599853516,249.4649658203
2020-03-12,248.1100006104,225.5968627930
2020-03-13,269.3200073242,244.8823394775
2020-03-16,239.8500061035,218.0863800049
2020-03-17,252.8000030518,229.8613128662
2020-03-18,240.0000000000,218.2227478027
2020-03-19,240.5099945068,218.6864929199
2020-03-20,228.8000030518,209.2623138428
2020-03-23,222.9499969482,203.9118957520
2020-03-24,243.1499938965,222.3869628906
2020-03-25,246.7899932861,225.7161560059
2020-03-26,261.2000122070,238.8957214355
2020-03-27,253.4199981689,231.7799682617
2020-03-30,261.6499938965,239.3072662354
2020-03-31,257.7500000000,235.7402191162
2020-04-01,246.1499938965,225.1307830811
2020-04-02,251.8300018311,230.3258056641
2020-04-03,248.1900024414,226.9966430664
2020-04-06,264.8599853516,242.2430725098
2020-04-07,265.1300048828,242.4900512695
2020-04-08,274.0299987793,250.6300659180
2020-04-09,278.2000122070,254.4440155029
2020-04-13,275.6600036621,252.1208801270
2020-04-14,283.7900085449,259.5566101074
2020-04-15,277.7600097656,254.0416259766
2020-04-16,279.1000061035,255.2670898438
2020-04-17,286.6400146484,262.1633605957
2020-04-20,281.5899963379,257.5445251465
2020-04-21,273.0400085449,249.7247009277
2020-04-22,279.1000061035,255.2670898438
2020-04-23,279.0799865723,255.2488555908
2020-04-24,282.9700012207,258.8067016602
2020-04-27,287.0499877930,262.5382995605
2020-04-28,285.7300109863,261.3309631348
2020-04-29,293.2099914551,268.1722412109
2020-04-30,290.4800109863,265.6753845215
2020-05-01,282.7900085449,258.6420288086
2020-05-04,283.5700073242,259.3554382324
2020-05-05,286.1900024414,261.7517089844
2020-05-06,284.2500000000,259.9773864746
2020-05-07,287.6799926758,263.1144104004
2020-05-08,292.4400024414,267.4679565430
2020-05-11,292.5000000000,267.5229187012
2020-05-12,286.6700134277,262.1907348633
2020-05-13,281.6000061035,257.5537109375
2020-05-14,284.9700012207,260.6358947754
2020-05-15,286.2799987793,261.8340759277
2020-05-18,295.0000000000,269.8094482422
2020-05-19,291.9700012207,267.0381469727
2020-05-20,296.9299926758,271.5746459961
2020-05-21,294.8800048828,269.6995849609
2020-05-22,295.4400024414,270.2118835449
2020-05-26,299.0799865723,273.5410156250
2020-05-27,303.5299987793,277.6110229492
2020-05-28,302.9700012207,277.0987854004
2020-05-29,304.3200073242,278.3335266113
2020-06-01,305.5499877930,279.4585266113
2020-06-02,308.0799865723,281.7723999023
2020-06-03,312.1799926758,285.5224304199
2020-06-04,311.3599853516,284.7723999023
2020-06-05,319.3399963379,292.0709533691
2020-06-08,323.2000122070,295.6014099121
2020-06-09,320.7900085449,293.3972167969
2020-06-10,319.0000000000,291.7600097656
2020-06-11,300.6099853516,274.9403381348
2020-06-12,304.2099914551,278.2328796387
2020-06-15,307.0499877930,280.8303833008
2020-06-16,312.9599914551,286.2358093262
2020-06-17,311.6600036621,285.0467529297
2020-06-18,311.7799987793,285.1565856934
2020-06-19,308.6400146484,283.5269165039
2020-06-22,310.6199951172,285.3457946777
2020-06-23,312.0499877930,286.6593933105
2020-06-24,304.0899963379,279.3470764160
2020-06-25,307.3500061035,282.3418273926
2020-06-26,300.0499877930,275.6358642578
2020-06-29,304.4599914551,279.6870117188
2020-06-30,308.3599853516,283.2696533203
2020-07-01,310.5199890137,285.2538757324
2020-07-02,312.2300109863,286.8247985840
2020-07-06,317.0499877930,291.2526550293
2020-07-07,313.7799987793,288.2486267090
2020-07-08,316.1799926758,290.4533386230
2020-07-09,314.3800048828,288.7998352051
2020-07-10,317.5899963379,291.7485961914
2020-07-13,314.8399963379,289.2223815918
2020-07-14,318.9200134277,292.9703979492
2020-07-15,321.8500061035,295.6620483398
2020-07-16,320.7900085449,294.6883239746
2020-07-17,321.7200012207,295.5426025391
2020-07-20,324.3200073242,297.9309997559
2020-07-21,325.0100097656,298.5649719238
2020-07-22,326.8599853516,300.2644348145
2020-07-23,322.9599914551,296.6816406250
2020-07-24,320.8800048828,294.7709350586
2020-07-27,323.2200012207,296.9205627441
2020-07-28,321.1700134277,295.0373840332
2020-07-29,325.1199951172,298.6659851074
2020-07-30,323.9599914551,297.6002807617
2020-07-31,326.5199890137,299.9519958496
2020-08-03,328.7900085449,302.0373840332
2020-08-04,330.0599975586,303.2039794922
2020-08-05,332.1099853516,305.0871276855
2020-08-06,334.3299865723,307.1265563965
2020-08-07,334.5700073242,307.3471069336
2020-08-10,335.5700073242,308.2656250000
2020-08-11,332.7999877930,305.7210693359
2020-08-12,337.4400024414,309.9835815430
2020-08-13,336.8299865723,309.4231262207
2020-08-14,336.8399963379,309.4323730469
2020-08-17,337.9100036621,310.4152221680
2020-08-18,338.6400146484,311.0859069824
2020-08-19,337.2300109863,309.7905578613
2020-08-20,338.2799987793,310.7551574707
2020-08-21,339.4800109863,311.8574218750
2020-08-24,342.9200134277,315.0177307129
2020-08-25,344.1199951172,316.1199340820
2020-08-26,347.5700073242,319.2892150879
2020-08-27,348.3299865723,319.9874877930
2020-08-28,350.5799865723,322.0543823242
2020-08-31,349.3099975586,320.8876647949
2020-09-01,352.6000061035,323.9100036621
2020-09-02,357.7000122070,328.5950927734
2020-09-03,345.3900146484,317.2867431641
2020-09-04,342.5700073242,314.6961364746
2020-09-08,333.2099914551,306.0977172852
2020-09-09,339.7900085449,312.1423645020
2020-09-10,333.8900146484,306.7223815918
2020-09-11,334.0599975586,306.8786010742
2020-09-14,338.4599914551,310.9205017090
2020-09-15,340.1700134277,312.4914550781
2020-09-16,338.8200073242,311.2511901855
2020-09-17,335.8399963379,308.5137023926
2020-09-18,330.6499938965,304.9618835449
2020-09-21,326.9700012207,301.5678100586
2020-09-22,330.2999877930,304.6390380859
2020-09-23,322.6400146484,297.5742187500
2020-09-24,323.5000000000,298.3674011230
2020-09-25,328.7300109863,303.1910400391
2020-09-28,334.1900024414,308.2268066406
2020-09-29,332.3699951172,306.5482482910
2020-09-30,334.8900146484,308.8725280762
2020-10-01,337.0400085449,310.8554687500
2020-10-02,333.8399963379,307.9040222168
2020-10-05,339.7600097656,313.3641967773
2020-10-06,334.9299926758,308.9093322754
2020-10-07,340.7600097656,314.2864990234
2020-10-08,343.7799987793,317.0718383789
2020-10-09,346.8500061035,319.9033203125
2020-10-12,352.4299926758,325.0497131348
2020-10-13,350.1300048828,322.9285278320
2020-10-14,347.9299926758,320.8994140625
2020-10-15,347.5000000000,320.5028381348
2020-10-16,347.2900085449,320.3091125488
2020-10-19,342.0100097656,315.4393920898
2020-10-20,343.3800048828,316.7029113770
2020-10-21,342.7300109863,316.1034240723
2020-10-22,344.6099853516,317.8372802734
2020-10-23,345.7799987793,318.9165344238
2020-10-26,339.3900146484,313.0229187012
2020-10-27,338.2200012207,311.9436645508
2020-10-28,326.6600036621,301.2818603516
2020-10-29,329.9800109863,304.3439025879
2020-10-30,326.5400085449,301.1712036133
2020-11-02,330.2000122070,304.5468444824
2020-11-03,336.0299987793,309.9239501953
2020-11-04,343.5400085449,316.8504333496
2020-11-05,350.2399902344,323.0299987793
2020-11-06,350.1600036621,322.9561157227
2020-11-09,354.5599975586,327.0143737793
2020-11-10,354.0400085449,326.5347290039
2020-11-11,356.6700134277,328.9603576660
2020-11-12,353.2099914551,325.7691955566
2020-11-13,358.1000061035,330.2793579102
2020-11-16,362.5700073242,334.4020385742
2020-11-17,360.6199951172,332.6033935547
2020-11-18,356.2799987793,328.6007080078
2020-11-19,357.7799987793,329.9841308594
2020-11-20,355.3299865723,327.7245483398
2020-11-23,357.4599914551,329.6889648438
2020-11-24,363.2200012207,335.0015869141
2020-11-25,362.6600036621,334.4850158691
2020-11-27,363.6700134277,335.4165344238
2020-11-30,362.0599975586,333.9316711426
2020-12-01,366.0199890137,337.5840148926
2020-12-02,366.7900085449,338.2942199707
2020-12-03,366.6900024414,338.2019653320
2020-12-04,369.8500061035,341.1163330078
2020-12-07,369.0899963379,340.4155273438
2020-12-08,370.1700134277,341.4115295410
2020-12-09,366.8500061035,338.3495483398
2020-12-10,366.7300109863,338.2388000488
2020-12-11,366.2999877930,337.8422851562
2020-12-14,364.6600036621,336.3296813965
2020-12-15,369.5899963379,340.8765869141
2020-12-16,370.1700134277,341.4115295410
2020-12-17,372.2399902344,343.3206787109
2020-12-18,369.1799926758,341.9499511719
2020-12-21,367.8599853516,340.7272338867
2020-12-22,367.2399902344,340.1530151367
2020-12-23,367.5700073242,340.4586791992
2020-12-24,369.0000000000,341.7832031250
2020-12-28,372.1700134277,344.7193908691
2020-12-29,371.4599914551,344.0618896484
2020-12-30,371.9899902344,344.5527038574
2020-12-31,373.8800048828,346.3033447266
2021-01-04,368.7900085449,341.5887451172
2021-01-05,371.3299865723,343.9413452148
2021-01-06,373.5499877930,345.9975585938
2021-01-07,379.1000061035,351.1382751465
2021-01-08,381.2600097656,353.1389465332
2021-01-11,378.6900024414,350.7585449219
2021-01-12,378.7699890137,350.8326416016
2021-01-13,379.7900085449,351.7773437500
2021-01-14,378.4599914551,350.5454406738
2021-01-15,375.7000122070,347.9890747070
2021-01-19,378.6499938965,350.7213745117
2021-01-20,383.8900146484,355.5749206543
2021-01-21,384.2399902344,355.8991088867
2021-01-22,382.8800048828,354.6394348145
2021-01-25,384.3900146484,356.0380554199
2021-01-26,383.7900085449,355.4823608398
2021-01-27,374.4100036621,346.7942199707
2021-01-28,377.6300048828,349.7766418457
2021-01-29,370.0700073242,342.7743835449
2021-02-01,376.2300109863,348.4798889160
2021-02-02,381.5499877930,353.4075317383
2021-02-03,381.8500061035,353.6853637695
2021-02-04,386.1900024414,357.7053222656
2021-02-05,387.7099914551,359.1131591797
2021-02-08,390.5100097656,361.7066345215
2021-02-09,390.2500000000,361.4658203125
2021-02-10,390.0799865723,361.3083496094
2021-02-11,390.7099914551,361.8918762207
2021-02-12,392.6400146484,363.6795654297
2021-02-16,392.2999877930,363.3646545410
2021-02-17,392.3900146484,363.4480285645
2021-02-18,390.7200012207,361.9011535645
2021-02-19,390.0299987793,361.2621154785
2021-02-22,387.0299987793,358.4833984375
2021-02-23,387.5000000000,358.9186706543
2021-02-24,391.7699890137,362.8737487793
2021-02-25,382.3299865723,354.1299743652
2021-02-26,380.3599853516,352.3052673340
2021-03-01,389.5799865723,360.8452148438
2021-03-02,386.5400085449,358.0294494629
2021-03-03,381.4200134277,353.2871704102
2021-03-04,376.7000122070,348.9152526855
2021-03-05,383.6300048828,355.3341674805
2021-03-08,381.7200012207,353.5650024414
2021-03-09,387.1700134277,358.6130676270
2021-03-10,389.5799865723,360.8452148438
2021-03-11,393.5299987793,364.5039062500
2021-03-12,394.0599975586,364.9948120117
2021-03-15,396.4100036621,367.1715087891
2021-03-16,395.9100036621,366.7083740234
2021-03-17,397.2600097656,367.9588012695
2021-03-18,391.4800109863,362.6051635742
2021-03-19,389.4800109863,361.9341430664
2021-03-22,392.5899963379,364.8242187500
2021-03-23,389.5000000000,361.9527282715
2021-03-24,387.5199890137,360.1127319336
2021-03-25,389.7000122070,362.1387023926
2021-03-26,395.9800109863,367.9745178223
2021-03-29,395.7799987793,367.7886657715
2021-03-30,394.7300109863,366.8128662109
2021-03-31,396.3299865723,368.2997131348
2021-04-01,400.6099853516,372.2769775391
2021-04-05,406.3599853516,377.6203918457
2021-04-06,406.1199951172,377.3973693848
2021-04-07,406.5899963379,377.8341064453
2021-04-08,408.5199890137,379.6275634766
2021-04-09,411.4899902344,382.3874816895
2021-04-12,411.6400146484,382.5270385742
2021-04-13,412.8599853516,383.6606140137
2021-04-14,411.4500122070,382.3503112793
2021-04-15,415.8699951172,386.4578247070
2021-04-16,417.2600097656,387.7494812012
2021-04-19,415.2099914551,385.8444213867
2021-04-20,412.1700134277,383.0195007324
2021-04-21,416.0700073242,386.6435852051
2021-04-22,412.2699890137,383.1123046875
2021-04-23,416.7399902344,387.2662353516
2021-04-26,417.6099853516,388.0747375488
2021-04-27,417.5199890137,387.9910583496
2021-04-28,417.3999938965,387.8795776367
2021-04-29,420.0599975586,390.3514099121
2021-04-30,417.2999877930,387.7865905762
2021-05-03,418.2000122070,388.6229248047
2021-05-04,415.6199951172,386.2255249023
2021-05-05,415.7500000000,386.3462219238
2021-05-06,419.0700073242,389.4314270020
2021-05-07,422.1199951172,392.2656555176
2021-05-10,417.9400024414,388.3813781738
2021-05-11,414.2099914551,384.9151916504
2021-05-12,405.4100036621,376.7375183105
2021-05-13,410.2799987793,381.2630920410
2021-05-14,416.5799865723,387.1175842285
2021-05-17,415.5199890137,386.1324768066
2021-05-18,411.9400024414,382.8058166504
2021-05-19,410.8599853516,381.8020935059
2021-05-20,415.2799987793,385.9094848633
2021-05-21,414.9400024414,385.5935974121
2021-05-24,419.1700134277,389.5244140625
2021-05-25,418.2399902344,388.6601257324
2021-05-26,419.0700073242,389.4314270020
2021-05-27,419.2900085449,389.6358947754
2021-05-28,420.0400085449,390.3328552246
2021-06-01,419.6700134277,389.9890441895
2021-06-02,420.3299865723,390.6023559570
2021-06-03,418.7699890137,389.1526489258
2021-06-04,422.6000061035,392.7117919922
2021-06-07,422.1900024414,392.3307495117
2021-06-08,422.2799987793,392.4143676758
2021-06-09,421.6499938965,391.8290100098
2021-06-10,423.6099853516,393.6503601074
2021-06-11,424.3099975586,394.3008117676
2021-06-14,425.2600097656,395.1836853027
2021-06-15,424.4800109863,394.4588317871
2021-06-16,422.1099853516,392.2564392090
2021-06-17,421.9700012207,392.1263732910
2021-06-18,414.9200134277,386.8364257812
2021-06-21,420.8599853516,392.3744201660
2021-06-22,423.1099853516,394.4719848633
2021-06-23,422.6000061035,393.9965820312
2021-06-24,425.1000061035,396.3274230957
2021-06-25,426.6099853516,397.7352294922
2021-06-28,427.4700012207,398.5370178223
2021-06-29,427.7000122070,398.7514343262
2021-06-30,428.0599975586,399.0870056152
2021-07-01,430.4299926758,401.2966308594
2021-07-02,433.7200012207,404.3639526367
2021-07-06,432.9299926758,403.6273803711
2021-07-07,434.4599914551,405.0538330078
2021-07-08,430.9200134277,401.7535095215
2021-07-09,435.5199890137,406.0421142578
2021-07-12,437.0799865723,407.4964904785
2021-07-13,435.5899963379,406.1073608398
2021-07-14,436.2399902344,406.7133483887
2021-07-15,434.7500000000,405.3242492676
2021-07-16,431.3399963379,402.1449890137
2021-07-19,424.9700012207,396.2062377930
2021-07-20,431.0599975586,401.8840026855
2021-07-21,434.5499877930,405.1377563477
2021-07-22,435.4599914551,405.9861755371
2021-07-23,439.9400024414,410.1629638672
2021-07-26,441.0199890137,411.1698303223
2021-07-27,439.0100097656,409.2958679199
2021-07-28,438.8299865723,409.1280212402
2021-07-29,440.6499938965,410.8248901367
2021-07-30,438.5100097656,408.8297729492
2021-08-02,437.5899963379,407.9719848633
2021-08-03,441.1499938965,411.2910156250
2021-08-04,438.9800109863,409.2679443359
2021-08-05,441.7600097656,411.8598022461
2021-08-06,442.4899902344,412.5403442383
2021-08-09,442.1300048828,412.2047119141
2021-08-10,442.6799926758,412.7174377441
2021-08-11,443.7799987793,413.7430114746
2021-08-12,445.1099853516,414.9830627441
2021-08-13,445.9200134277,415.7381896973
2021-08-16,446.9700012207,416.7171630859
2021-08-17,444.0400085449,413.9854431152
2021-08-18,439.1799926758,409.4544372559
2021-08-19,439.8599853516,410.0883178711
2021-08-20,443.3599853516,413.3514709473
2021-08-23,447.2600097656,416.9874572754
2021-08-24,447.9700012207,417.6494140625
2021-08-25,448.9100036621,418.5259094238
2021-08-26,446.2600097656,416.0552062988
2021-08-27,450.2500000000,419.7750854492
2021-08-30,452.2300109863,421.6210937500
2021-08-31,451.5599975586,420.9964904785
2021-09-01,451.7999877930,421.2202148438
2021-09-02,453.1900024414,422.5161132812
2021-09-03,453.0799865723,422.4135437012
2021-09-07,451.4599914551,420.9032287598
2021-09-08,450.9100036621,420.3904418945
2021-09-09,448.9800109863,418.5910949707
2021-09-10,445.4400024414,415.2906494141
2021-09-13,446.5799865723,416.3535156250
2021-09-14,444.1700134277,414.1066284180
2021-09-15,447.8800048828,417.5656127930
2021-09-16,447.1700134277,416.9036254883
2021-09-17,441.3999938965,412.8425598145
2021-09-20,434.0400085449,405.9587097168
2021-09-21,433.6300048828,405.5751953125
2021-09-22,437.8599853516,409.5315551758
2021-09-23,443.1799926758,414.5073547363
2021-09-24,443.9100036621,415.1900939941
2021-09-27,442.6400146484,414.0023193359
2021-09-28,433.7200012207,405.6593627930
2021-09-29,434.4500122070,406.3421325684
2021-09-30,429.1400146484,401.3757324219
2021-10-01,434.2399902344,406.1456909180
2021-10-04,428.6400146484,400.9080505371
2021-10-05,433.1000061035,405.0794982910
2021-10-06,434.8999938965,406.7630615234
2021-10-07,438.6600036621,410.2797851562
2021-10-08,437.8599853516,409.5315551758
2021-10-11,434.6900024414,406.5665588379
2021-10-12,433.6199951172,405.5658569336
2021-10-13,435.1799926758,407.0249328613
2021-10-14,442.5000000000,413.8713684082
2021-10-15,445.8699951172,417.0232849121
2021-10-18,447.1900024414,418.2579040527
2021-10-19,450.6400146484,421.4847106934
2021-10-20,452.4100036621,423.1401672363
2021-10-21,453.5899963379,424.2438354492
2021-10-22,453.1199951172,423.8041992188
2021-10-25,455.5499877930,426.0770263672
2021-10-26,455.9599914551,426.4604797363
2021-10-27,453.9400024414,424.5712280273
2021-10-28,458.3200073242,428.6678466797
2021-10-29,459.2500000000,429.5376281738
2021-11-01,460.0400085449,430.2765197754
2021-11-02,461.8999938965,432.0161437988
2021-11-03,464.7200012207,434.6537780762
2021-11-04,466.9100036621,436.7020874023
2021-11-05,468.5299987793,438.2172241211
2021-11-08,468.9299926758,438.5914001465
2021-11-09,467.3800048828,437.1416931152
2021-11-10,463.6199951172,433.6249389648
2021-11-11,463.7699890137,433.7651367188
2021-11-12,467.2699890137,437.0387268066
2021-11-15,467.4299926758,437.1884460449
2021-11-16,469.2799987793,438.9186401367
2021-11-17,468.1400146484,437.8525390625
2021-11-18,469.7300109863,439.3395996094
2021-11-19,468.8900146484,438.5540161133
2021-11-22,467.5700073242,437.3193969727
2021-11-23,468.1900024414,437.8992614746
2021-11-24,469.4400024414,439.0683898926
2021-11-26,458.9700012207,429.2758178711
2021-11-29,464.6000061035,434.5415039062
2021-11-30,455.5599975586,426.0863952637
2021-12-01,450.5000000000,421.3536987305
2021-12-02,457.3999938965,427.8073425293
2021-12-03,453.4200134277,424.0848999023
2021-12-06,458.7900085449,429.1074218750
2021-12-07,468.2799987793,437.9833679199
2021-12-08,469.5199890137,439.1431884766
2021-12-09,466.3500061035,436.1783142090
2021-12-10,470.7399902344,440.2842102051
2021-12-13,466.5700073242,436.3840332031
2021-12-14,463.3599853516,433.3817749023
2021-12-15,470.6000061035,440.1533508301
2021-12-16,466.4500122070,436.2718200684
2021-12-17,459.8699951172,431.6287231445
2021-12-20,454.9800109863,427.0390014648
2021-12-21,463.0599975586,434.6227722168
2021-12-22,467.6900024414,438.9683532715
2021-12-23,470.6000061035,441.6997070312
2021-12-27,477.2600097656,447.9506530762
2021-12-28,476.8699951172,447.5845642090
2021-12-29,477.4800109863,448.1571655273
2021-12-30,476.1600036621,446.9181823730
2021-12-31,474.9599914551,445.7919311523
2022-01-03,477.7099914551,448.3730468750
2022-01-04,477.5499877930,448.2229003906
2022-01-05,468.3800048828,439.6160278320
2022-01-06,467.9400024414,439.2030334473
2022-01-07,466.0899963379,437.4667053223
2022-01-10,465.5100097656,436.9223022461
2022-01-11,469.7500000000,440.9018859863
2022-01-12,471.0199890137,442.0939636230
2022-01-13,464.5299987793,436.0024414062
2022-01-14,464.7200012207,436.1808166504
2022-01-18,456.4899902344,428.4562377930
2022-01-19,451.7500000000,424.0072937012
2022-01-20,446.7500000000,419.3143005371
2022-01-21,437.9800109863,411.0829467773
2022-01-24,439.8399963379,412.8287353516
2022-01-25,434.4700012207,407.7884826660
2022-01-26,433.3800048828,406.7654113770
2022-01-27,431.2399902344,404.7568359375
2022-01-28,441.9500122070,414.8092041016
2022-01-31,449.9100036621,422.2802429199
2022-02-01,452.9500122070,425.1336059570
2022-02-02,457.3500061035,429.2633972168
2022-02-03,446.6000061035,419.1735534668
2022-02-04,448.7000122070,421.1445617676
2022-02-07,447.2600097656,419.7930908203
2022-02-08,450.9400024414,423.2470092773
2022-02-09,457.5400085449,429.4417419434
2022-02-10,449.3200073242,421.7264709473
2022-02-11,440.4599914551,413.4105834961
2022-02-14,439.0199890137,412.0590515137
2022-02-15,446.1000061035,418.7043151855
2022-02-16,446.6000061035,419.1735534668
2022-02-17,437.0599975586,410.2194519043
2022-02-18,434.2300109863,407.5632019043
2022-02-22,429.5700073242,403.1893920898
2022-02-23,421.9500122070,396.0373535156
2022-02-24,428.2999877930,401.9973754883
2022-02-25,437.7500000000,410.8671264648
2022-02-28,436.6300048828,409.8158569336
2022-03-01,429.9800109863,403.5743103027
2022-03-02,437.8900146484,410.9984741211
2022-03-03,435.7099914551,408.9523620605
2022-03-04,432.1700134277,405.6297607422
2022-03-07,419.4299926758,393.6721191406
2022-03-08,416.2500000000,390.6874389648
2022-03-09,427.4100036621,401.1621093750
2022-03-10,425.4800109863,399.3505554199
2022-03-11,420.0700073242,394.2728271484
2022-03-14,417.0000000000,391.3913574219
2022-03-15,426.1700134277,399.9982299805
2022-03-16,435.6199951172,408.8678283691
2022-03-17,441.0700073242,413.9831848145
2022-03-18,444.5199890137,418.5174865723
2022-03-21,444.3900146484,418.3950805664
2022-03-22,449.5899963379,423.2908630371
2022-03-23,443.7999877930,417.8395080566
2022-03-24,450.4899902344,424.1382751465
2022-03-25,452.6900024414,426.2095947266
2022-03-28,455.9100036621,429.2411804199
2022-03-29,461.5499877930,434.5512695312
2022-03-30,458.7000122070,431.8679809570
2022-03-31,451.6400146484,425.2209777832
2022-04-01,452.9200134277,426.4261169434
2022-04-04,456.7999877930,430.0791015625
2022-04-05,451.0299987793,424.6466674805
2022-04-06,446.5199890137,420.4004211426
2022-04-07,448.7699890137,422.5188903809
2022-04-08,447.5700073242,421.3890380859
2022-04-11,439.9200134277,414.1865844727
2022-04-12,438.2900085449,412.6518859863
2022-04-13,443.3099975586,417.3782653809
2022-04-14,437.7900085449,412.1810913086
2022-04-18,437.9700012207,412.3505859375
2022-04-19,445.0400085449,419.0070190430
2022-04-20,444.7099914551,418.6963195801
2022-04-21,438.0599975586,412.4353942871
2022-04-22,426.0400085449,401.1184692383
2022-04-25,428.5100097656,403.4440307617
2022-04-26,416.1000061035,391.7599182129
2022-04-27,417.2699890137,392.8614501953
2022-04-28,427.8099975586,402.7849426270
2022-04-29,412.0000000000,387.8997802734
2022-05-02,414.4800109863,390.2346496582
2022-05-03,416.3800048828,392.0235900879
2022-05-04,429.0599975586,403.9617614746
2022-05-05,413.8099975586,389.6038818359
2022-05-06,411.3399963379,387.2783203125
2022-05-09,398.1700134277,374.8787536621
2022-05-10,399.0899963379,375.7449340820
2022-05-11,392.7500000000,369.7757568359
2022-05-12,392.3399963379,369.3897399902
2022-05-13,401.7200012207,378.2210388184
2022-05-16,400.0899963379,376.6865234375
2022-05-17,408.3200073242,384.4350280762
2022-05-18,391.8599853516,368.9378051758
2022-05-19,389.4599914551,366.6782226562
2022-05-20,389.6300048828,366.8382263184
2022-05-23,396.9200134277,373.7019348145
2022-05-24,393.8900146484,370.8490905762
2022-05-25,397.3699951172,374.1254882812
2022-05-26,405.3099975586,381.6010437012
2022-05-27,415.2600097656,390.9690551758
2022-05-31,412.9299926758,388.7753906250
2022-06-01,409.5899963379,385.6307373047
2022-06-02,417.3900146484,392.9744262695
2022-06-03,410.5400085449,386.5251464844
2022-06-06,411.7900085449,387.7020568848
2022-06-07,415.7399902344,391.4209594727
2022-06-08,411.2200012207,387.1654052734
2022-06-09,401.4400024414,377.9574279785
2022-06-10,389.7999877930,366.9983215332
2022-06-13,375.0000000000,353.0640258789
2022-06-14,373.8699951172,352.0001525879
2022-06-15,379.2000122070,357.0184020996
2022-06-16,366.6499938965,345.2024841309
2022-06-17,365.8599853516,345.9467163086
2022-06-21,375.0700073242,354.6554260254
2022-06-22,374.3900146484,354.0123901367
2022-06-23,378.0599975586,357.4826660156
2022-06-24,390.0799865723,368.8483886719
2022-06-27,388.5899963379,367.4395446777
2022-06-28,380.6499938965,359.9316406250
2022-06-29,380.3399963379,359.6385498047
2022-06-30,377.2500000000,356.7166748047
2022-07-01,381.2399902344,360.4896545410
2022-07-05,381.9599914551,361.1703491211
2022-07-06,383.2500000000,362.3902282715
2022-07-07,388.9899902344,367.8177795410
2022-07-08,388.6700134277,367.5152282715
2022-07-11,384.2300109863,363.3167724609
2022-07-12,380.8299865723,360.1018676758
2022-07-13,378.8299865723,358.2107543945
2022-07-14,377.9100036621,357.3408813477
2022-07-15,385.1300048828,364.1678466797
2022-07-18,381.9500122070,361.1609191895
2022-07-19,392.2699890137,370.9192810059
2022-07-20,394.7699890137,373.2831115723
2022-07-21,398.7900085449,377.0842895508
2022-07-22,395.0899963379,373.5856628418
2022-07-25,395.5700073242,374.0396728516
2022-07-26,390.8900146484,369.6143188477
2022-07-27,401.0400085449,379.2119445801
2022-07-28,406.0700073242,383.9680786133
2022-07-29,411.9899902344,389.5659484863
2022-08-01,410.7699890137,388.4122619629
2022-08-02,408.0599975586,385.8498229980
2022-08-03,414.4500122070,391.8920593262
2022-08-04,414.1700134277,391.6272277832
2022-08-05,413.4700012207,390.9653015137
2022-08-08,412.9899902344,390.5115051270
2022-08-09,411.3500061035,388.9607238770
2022-08-10,419.9899902344,397.1304321289
2022-08-11,419.9899902344,397.1304321289
2022-08-12,427.1000061035,403.8534240723
2022-08-15,428.8599853516,405.5176391602
2022-08-16,429.7000122070,406.3119812012
2022-08-17,426.6499938965,403.4280090332
2022-08-18,427.8900146484,404.6004943848
2022-08-19,422.1400146484,399.1635131836
2022-08-22,413.3500061035,390.8519287109
2022-08-23,412.3500061035,389.9063720703
2022-08-24,413.6700134277,391.1544494629
2022-08-25,419.5100097656,396.6766357422
2022-08-26,405.3099975586,383.2494506836
2022-08-29,402.6300048828,380.7153320312
2022-08-30,398.2099914551,376.5359802246
2022-08-31,395.1799926758,373.6708679199
2022-09-01,396.4200134277,374.8433837891
2022-09-02,392.2399902344,370.8908386230
2022-09-06,390.7600097656,369.4914550781
2022-09-07,397.7799987793,376.1293945312
2022-09-08,400.3800048828,378.5877685547
2022-09-09,406.6000061035,384.4692993164
2022-09-12,410.9700012207,388.6014099121
2022-09-13,393.1000061035,371.7040405273
2022-09-14,394.6000061035,373.1224060059
2022-09-15,390.1199951172,368.8862304688
2022-09-16,385.5599975586,366.0720520020
2022-09-19,388.5499877930,368.9109191895
2022-09-20,384.0899963379,364.6763305664
2022-09-21,377.3900146484,358.3150634766
2022-09-22,374.2200012207,355.3052062988
2022-09-23,367.9500122070,349.3522033691
2022-09-26,364.3099975586,345.8960876465
2022-09-27,363.3800048828,345.0131530762
2022-09-28,370.5299987793,351.8017272949
2022-09-29,362.7900085449,344.4530029297
2022-09-30,357.1799926758,339.1264953613
2022-10-03,366.6099853516,348.0799255371
2022-10-04,377.9700012207,358.8656921387
2022-10-05,377.0899963379,358.0301513672
2022-10-06,373.2000122070,354.3367919922
2022-10-07,362.7900085449,344.4530029297
2022-10-10,360.0199890137,341.8228759766
2022-10-11,357.7399902344,339.6582031250
2022-10-12,356.5599975586,338.5378723145
2022-10-13,365.9700012207,347.4721984863
2022-10-14,357.6300048828,339.5537109375
2022-10-17,366.8200073242,348.2792053223
2022-10-18,371.1300048828,352.3714294434
2022-10-19,368.5000000000,349.8743286133
2022-10-20,365.4100036621,346.9405517578
2022-10-21,374.2900085449,355.3717346191
2022-10-24,378.8699951172,359.7202453613
2022-10-25,384.9200134277,365.4644470215
2022-10-26,382.0199890137,362.7109985352
2022-10-27,379.9800109863,360.7740783691
2022-10-28,389.0199890137,369.3571166992
2022-10-31,386.2099914551,366.6892089844
2022-11-01,384.5199890137,365.0846252441
2022-11-02,374.8699951172,355.9224548340
2022-11-03,371.0100097656,352.2574768066
2022-11-04,376.3500061035,357.3276062012
2022-11-07,379.9500122070,360.7456665039
2022-11-08,382.0000000000,362.6919860840
2022-11-09,374.1300048828,355.2197570801
2022-11-10,394.6900024414,374.7406005859
2022-11-11,398.5100097656,378.3675537109
2022-11-14,395.1199951172,375.1488342285
2022-11-15,398.4899902344,378.3485107422
2022-11-16,395.4500122070,375.4621887207
2022-11-17,394.2399902344,374.3132934570
2022-11-18,396.0299987793,376.0129089355
2022-11-21,394.5899963379,374.6456604004
2022-11-22,399.8999938965,379.6872863770
2022-11-23,402.4200134277,382.0799255371
2022-11-25,402.3299865723,381.9944763184
2022-11-28,395.9100036621,375.8988952637
2022-11-29,395.2300109863,375.2533264160
2022-11-30,407.6799926758,387.0740051270
2022-12-01,407.3800048828,386.7891540527
2022-12-02,406.9100036621,386.3429565430
2022-12-05,399.5899963379,379.3929138184
2022-12-06,393.8299865723,373.9240417480
2022-12-07,393.1600036621,373.2879943848
2022-12-08,396.2399902344,376.2122192383
2022-12-09,393.2799987793,373.4018554688
2022-12-12,398.9500122070,378.7852478027
2022-12-13,401.9700012207,381.6526794434
2022-12-14,399.3999938965,379.2125549316
2022-12-15,389.6300048828,369.9363708496
2022-12-16,383.2699890137,365.5688781738
2022-12-19,380.0199890137,362.4689331055
2022-12-20,380.5400085449,362.9649047852
2022-12-21,386.2300109863,368.3921813965
2022-12-22,380.7200012207,363.1365661621
2022-12-23,382.9100036621,365.2254943848
2022-12-27,381.3999938965,363.7851867676
2022-12-28,376.6600036621,359.2641296387
2022-12-29,383.4400024414,365.7309265137
2022-12-30,382.4299926758,364.7676086426
2023-01-03,380.8200073242,363.2319946289
2023-01-04,383.7600097656,366.0362243652
2023-01-05,379.3800048828,361.8583984375
2023-01-06,388.0799865723,370.1566467285
2023-01-09,387.8599853516,369.9468383789
2023-01-10,390.5799865723,372.5412597656
2023-01-11,395.5199890137,377.2530822754
2023-01-12,396.9599914551,378.6265258789
2023-01-13,398.5000000000,380.0954589844
2023-01-17,397.7699890137,379.3991699219
2023-01-18,391.4899902344,373.4091796875
2023-01-19,388.6400146484,370.6908874512
2023-01-20,395.8800048828,377.5964355469
2023-01-23,400.6300048828,382.1270751953
2023-01-24,400.2000122070,381.7169494629
2023-01-25,400.3500061035,381.8600463867
2023-01-26,404.7500000000,386.0567932129
2023-01-27,405.6799926758,386.9438171387
2023-01-30,400.5899963379,382.0889892578
2023-01-31,406.4800109863,387.7068786621
2023-02-01,410.7999877930,391.8273315430
2023-02-02,416.7799987793,397.5311889648
2023-02-03,412.3500061035,393.3057556152
2023-02-06,409.8299865723,390.9021606445
2023-02-07,415.1900024414,396.0145874023
2023-02-08,410.6499938965,391.6843261719
2023-02-09,407.0899963379,388.2887573242
2023-02-10,408.0400085449,389.1948242188
2023-02-13,412.8299865723,393.7636108398
2023-02-14,412.6400146484,393.5823974609
2023-02-15,413.9800109863,394.8604736328
2023-02-16,408.2799987793,389.4237365723
2023-02-17,407.2600097656,388.4508666992
2023-02-21,399.0899963379,380.6581726074
2023-02-22,398.5400085449,380.1336059570
2023-02-23,400.6600036621,382.1557006836
2023-02-24,396.3800048828,378.0733642578
2023-02-27,397.7300109863,379.3610229492
2023-02-28,396.2600097656,377.9588623047
2023-03-01,394.7399902344,376.5090942383
2023-03-02,397.8099975586,379.4373168945
2023-03-03,404.1900024414,385.5226745605
2023-03-06,404.4700012207,385.7897338867
2023-03-07,398.2699890137,379.8759765625
2023-03-08,398.9200134277,380.4960632324
2023-03-09,391.5599975586,373.4759216309
2023-03-10,385.9100036621,368.0869140625
2023-03-13,385.3599853516,367.5623168945
2023-03-14,391.7300109863,373.6381225586
2023-03-15,389.2799987793,371.3013305664
2023-03-16,396.1099853516,377.8157958984
2023-03-17,389.9899902344,373.3981323242
2023-03-20,393.7399902344,376.9885559082
2023-03-21,398.9100036621,381.9386291504
2023-03-22,392.1099853516,375.4279479980
2023-03-23,393.1700134277,376.4428710938
2023-03-24,395.7500000000,378.9130249023
2023-03-27,396.4899902344,379.6216125488
2023-03-28,395.6000061035,378.7694396973
2023-03-29,401.3500061035,384.2748413086
2023-03-30,403.7000122070,386.5248413086
2023-03-31,409.3900146484,391.9728393555
2023-04-03,410.9500122070,393.4664001465
2023-04-04,408.6700134277,391.2834472656
2023-04-05,407.6000061035,390.2589111328
2023-04-06,409.1900024414,391.7812500000
2023-04-10,409.6099853516,392.1833801270
2023-04-11,409.7200012207,392.2887573242
2023-04-12,408.0499877930,390.6898193359
2023-04-13,413.4700012207,395.8791809082
2023-04-14,412.4599914551,394.9121093750
2023-04-17,413.9400024414,396.3291931152
2023-04-18,414.2099914551,396.5877075195
2023-04-19,414.1400146484,396.5206909180
2023-04-20,411.8800048828,394.3568420410
2023-04-21,412.2000122070,394.6632385254
2023-04-24,412.6300048828,395.0748901367
2023-04-25,406.0799865723,388.8035278320
2023-04-26,404.3599853516,387.1567687988
2023-04-27,412.4100036621,394.8642883301
2023-04-28,415.9299926758,398.2345275879
2023-05-01,415.5100097656,397.8323669434
2023-05-02,410.8399963379,393.3610534668
2023-05-03,408.0199890137,390.6610717773
2023-05-04,405.1300048828,387.8940429688
2023-05-05,412.6300048828,395.0748901367
2023-05-08,412.7399902344,395.1802368164
2023-05-09,410.9299926758,393.4472351074
2023-05-10,412.8500061035,395.2855834961
2023-05-11,412.1300048828,394.5961914062
2023-05-12,411.5899963379,394.0792236328
2023-05-15,413.0100097656,395.4387817383
2023-05-16,410.2500000000,392.7962036133
2023-05-17,415.2300109863,397.5643310547
2023-05-18,419.2300109863,401.3941345215
2023-05-19,418.6199951172,400.8101501465
2023-05-22,418.7900085449,400.9728698730
2023-05-23,414.0899963379,396.4727478027
2023-05-24,411.0899963379,393.6004028320
2023-05-25,414.6499938965,397.0090026855
2023-05-26,420.0199890137,402.1505737305
2023-05-30,420.1799926758,402.3036193848
2023-05-31,417.8500061035,400.0728454590
2023-06-01,421.8200073242,403.8739013672
2023-06-02,427.9200134277,409.7144775391
2023-06-05,427.1000061035,408.9293212891
2023-06-06,428.0299987793,409.8197326660
2023-06-07,426.5499877930,408.4027099609
2023-06-08,429.1300048828,410.8729248047
2023-06-09,429.8999938965,411.6101989746
2023-06-12,433.7999877930,415.3442687988
2023-06-13,436.6600036621,418.0825805664
2023-06-14,437.1799926758,418.5804748535
2023-06-15,442.6000061035,423.7698669434
2023-06-16,439.4599914551,422.3264160156
2023-06-20,437.1799926758,420.1353454590
2023-06-21,434.9400024414,417.9826354980
2023-06-22,436.5100097656,419.4914245605
2023-06-23,433.2099914551,416.3200683594
2023-06-26,431.4400024414,414.6190795898
2023-06-27,436.1700134277,419.1647338867
2023-06-28,436.3900146484,419.3761596680
2023-06-29,438.1099853516,421.0290832520
2023-06-30,443.2799987793,425.9974975586
2023-07-03,443.7900085449,426.4876098633
2023-07-05,443.1300048828,425.8533325195
2023-07-06,439.6600036621,422.5186157227
2023-07-07,438.5499877930,421.4519042969
2023-07-10,439.6600036621,422.5186157227
2023-07-11,442.4599914551,425.2095031738
2023-07-12,446.0199890137,428.6307067871
2023-07-13,449.5599975586,432.0326232910
2023-07-14,449.2799987793,431.7635803223
2023-07-17,450.8399963379,433.2628173828
2023-07-18,454.1900024414,436.4821777344
2023-07-19,455.2000122070,437.4527282715
2023-07-20,452.1799926758,434.5504760742
2023-07-21,452.1799926758,434.5504760742
2023-07-24,454.2000122070,436.4917907715
2023-07-25,455.4400024414,437.6834106445
2023-07-26,455.5100097656,437.7507019043
2023-07-27,452.4899902344,434.8483886719
2023-07-28,456.9200134277,439.1057128906
2023-07-31,457.7900085449,439.9418029785
2023-08-01,456.4800109863,438.6828308105
2023-08-02,450.1300048828,432.5805053711
2023-08-03,448.8399963379,431.3407287598
2023-08-04,446.8099975586,429.3898925781
2023-08-07,450.7099914551,433.1377868652
2023-08-08,448.7500000000,431.2542419434
2023-08-09,445.7500000000,428.3711547852
2023-08-10,445.9100036621,428.5249633789
2023-08-11,445.6499938965,428.2750549316
2023-08-14,448.1099853516,430.6391296387
2023-08-15,442.8900146484,425.6227416992
2023-08-16,439.6400146484,422.4993896484
2023-08-17,436.2900085449,419.2800598145
2023-08-18,436.5000000000,419.4818115234
2023-08-21,439.3399963379,422.2111206055
2023-08-22,438.1499938965,421.0674438477
2023-08-23,443.0299987793,425.7572937012
2023-08-24,436.8900146484,419.8565673828
2023-08-25,439.9700012207,422.8165588379
2023-08-28,442.7600097656,425.4977416992
2023-08-29,449.1600036621,431.6482849121
2023-08-30,451.0100097656,433.4261169434
2023-08-31,450.3500061035,432.7918395996
2023-09-01,451.1900024414,433.5990600586
2023-09-05,449.2399902344,431.7250671387
2023-09-06,446.2200012207,428.8228454590
2023-09-07,444.8500061035,427.5062561035
2023-09-08,445.5199890137,428.1501159668
2023-09-11,448.4500122070,430.9658813477
2023-09-12,445.9899902344,428.6018371582
2023-09-13,446.5100097656,429.1016235352
2023-09-14,450.3599853516,432.8014221191
2023-09-15,443.3699951172,427.5869445801
2023-09-18,443.6300048828,427.8376464844
2023-09-19,442.7099914551,426.9504089355
2023-09-20,438.6400146484,423.0252990723
2023-09-21,431.3900146484,416.0334167480
2023-09-22,430.4200134277,415.0979309082
2023-09-25,432.2300109863,416.8435058594
2023-09-26,425.8800048828,410.7195129395
2023-09-27,426.0499877930,410.8835144043
2023-09-28,428.5199890137,413.2655944824
2023-09-29,427.4800109863,412.2625732422
2023-10-02,427.3099975586,412.0986022949
2023-10-03,421.5899963379,406.5822143555
2023-10-04,424.6600036621,409.5429687500
2023-10-05,424.5000000000,409.3887023926
2023-10-06,429.5400085449,414.2492370605
2023-10-09,432.2900085449,416.9013977051
2023-10-10,434.5400085449,419.0712280273
2023-10-11,436.3200073242,420.7879028320
2023-10-12,433.6600036621,418.2225646973
2023-10-13,431.5000000000,416.1394958496
2023-10-16,436.0400085449,420.5179138184
2023-10-17,436.0199890137,420.4985961914
2023-10-18,430.2099914551,414.8953552246
2023-10-19,426.4299926758,411.2499694824
2023-10-20,421.1900024414,406.1965332031
2023-10-23,420.4599914551,405.4924621582
2023-10-24,423.6300048828,408.5496520996
2023-10-25,417.5499877930,402.6860351562
2023-10-26,412.5499877930,397.8640441895
2023-10-27,410.6799926758,396.0605773926
2023-10-30,415.5899963379,400.7958679199
2023-10-31,418.2000122070,403.3129272461
2023-11-01,422.6600036621,407.6141967773
2023-11-02,430.7600097656,415.4258117676
2023-11-03,434.6900024414,419.2159423828
2023-11-06,435.6900024414,420.1803283691
2023-11-07,436.9299926758,421.3761901855
2023-11-08,437.2500000000,421.6847839355
2023-11-09,433.8399963379,418.3961791992
2023-11-10,440.6099853516,424.9252014160
2023-11-13,440.1900024414,424.5200805664
2023-11-14,448.7300109863,432.7562255859
2023-11-15,449.6799926758,433.6722717285
2023-11-16,450.2300109863,434.2026672363
2023-11-17,450.7900085449,434.7428283691
2023-11-20,454.2600097656,438.0892639160
2023-11-21,453.2699890137,437.1345825195
2023-11-22,455.0199890137,438.8221435547
2023-11-24,455.2999877930,439.0922241211
2023-11-27,454.4800109863,438.3014831543
2023-11-28,454.9299926758,438.7353820801
2023-11-29,454.6099853516,438.4268493652
2023-11-30,456.3999938965,440.1530761719
2023-12-01,459.1000061035,442.7569274902
2023-12-04,456.6900024414,440.4327697754
2023-12-05,456.6000061035,440.3459472656
2023-12-06,454.7600097656,438.5714416504
2023-12-07,458.2300109863,441.9179382324
2023-12-08,460.2000122070,443.8178100586
2023-12-11,461.9899902344,445.5440368652
2023-12-12,464.1000061035,447.5789794922
2023-12-13,470.5000000000,453.7511596680
2023-12-14,472.0100097656,455.2073974609
2023-12-15,469.3299865723,454.4579162598
2023-12-18,471.9700012207,457.0142822266
2023-12-19,474.8399963379,459.7933044434
2023-12-20,468.2600097656,453.4218139648
2023-12-21,472.7000122070,457.7211303711
2023-12-22,473.6499938965,458.6410217285
2023-12-26,475.6499938965,460.5776367188
2023-12-27,476.5100097656,461.4103393555
2023-12-28,476.6900024414,461.5846862793
2023-12-29,475.3099975586,460.2484436035
2024-01-02,472.6499938965,457.6727294922
2024-01-03,468.7900085449,453.9350280762
2024-01-04,467.2799987793,452.4728393555
2024-01-05,467.9200134277,453.0926513672
2024-01-08,474.6000061035,459.5610046387
2024-01-09,473.8800048828,458.8637084961
2024-01-10,476.5599975586,461.4588623047
2024-01-11,476.3500061035,461.2554931641
2024-01-12,476.6799926758,461.5750122070
2024-01-16,474.9299926758,459.8804321289
2024-01-17,472.2900085449,457.3241577148
2024-01-18,476.4899902344,461.3909912109
2024-01-19,482.4299926758,467.1428222656
2024-01-22,483.4500122070,468.1304931641
2024-01-23,484.8599853516,469.4958190918
2024-01-24,485.3900146484,470.0090637207
2024-01-25,488.0299987793,472.5653381348
2024-01-26,487.4100036621,471.9649963379
2024-01-29,491.2699890137,475.7026672363
2024-01-30,490.8900146484,475.3348083496
2024-01-31,482.8800048828,467.5785827637
2024-02-01,489.2000122070,473.6983337402
2024-02-02,494.3500061035,478.6850891113
2024-02-05,492.5499877930,476.9421386719
2024-02-06,493.9800109863,478.3268737793
2024-02-07,498.1000061035,482.3162841797
2024-02-08,498.3200073242,482.5292968750
2024-02-09,501.2000122070,485.3180541992
2024-02-12,500.9800109863,485.1049499512
2024-02-13,494.0799865723,478.4236450195
2024-02-14,498.5700073242,482.7713623047
2024-02-15,502.0100097656,486.1023559570
2024-02-16,499.5100097656,483.6816101074
2024-02-20,496.7600097656,481.0187377930
2024-02-21,497.2099914551,481.4544372559
2024-02-22,507.5000000000,491.4183959961
2024-02-23,507.8500061035,491.7573242188
2024-02-26,505.9899902344,489.9562683105
2024-02-27,506.9299926758,490.8664550781
2024-02-28,506.2600097656,490.2177124023
2024-02-29,508.0799865723,491.9799804688
2024-03-01,512.8499755859,496.5988464355
2024-03-04,512.2999877930,496.0662841797
2024-03-05,507.1799926758,491.1085510254
2024-03-06,509.7500000000,493.5970458984
2024-03-07,514.8099975586,498.4967346191
2024-03-08,511.7200012207,495.5046386719
2024-03-11,511.2799987793,495.0785827637
2024-03-12,516.7800292969,500.4043273926
2024-03-13,515.9699707031,499.6199951172
2024-03-14,514.9500122070,498.6323242188
2024-03-15,509.8299865723,495.2083740234
2024-03-18,512.8599853516,498.1515502930
2024-03-19,515.7100219727,500.9197692871
2024-03-20,520.4799804688,505.5529785156
2024-03-21,522.2000122070,507.2237548828
2024-03-22,521.2100219727,506.2621154785
2024-03-25,519.7700195312,504.8633728027
2024-03-26,518.8099975586,503.9308776855
2024-03-27,523.1699829102,508.1658325195
2024-03-28,523.0700073242,508.0687255859
2024-04-01,522.1599731445,507.1847534180
2024-04-02,518.8400268555,503.9600524902
2024-04-03,519.4099731445,504.5137023926
2024-04-04,513.0700073242,498.3555297852
2024-04-05,518.4299926758,503.5617370605
2024-04-08,518.7199707031,503.8434143066
2024-04-09,519.3200073242,504.4262390137
2024-04-10,514.1199951172,499.3753967285
2024-04-11,518.0000000000,503.1441650391
2024-04-12,510.8500061035,496.1991882324
2024-04-15,504.4500122070,489.9827575684
2024-04-16,503.5299987793,489.0890502930
2024-04-17,500.5499877930,486.1945495605
2024-04-18,499.5199890137,485.1940917969
2024-04-19,495.1600036621,480.9591979980
2024-04-22,499.7200012207,485.3883972168
2024-04-23,505.6499938965,491.1482849121
2024-04-24,505.4100036621,490.9152221680
2024-04-25,503.4899902344,489.0502624512
2024-04-26,508.2600097656,493.6834716797
2024-04-29,510.0599975586,495.4317932129
2024-04-30,501.9800109863,487.5835266113
2024-05-01,500.3500061035,486.0003356934
2024-05-02,505.0299987793,490.5461120605
2024-05-03,511.2900085449,496.6265563965
2024-05-06,516.5700073242,501.7551879883
2024-05-07,517.1400146484,502.3087768555
2024-05-08,517.1900024414,502.3573608398
2024-05-09,520.1699829102,505.2518920898
2024-05-10,520.8400268555,505.9026794434
2024-05-13,520.9099731445,505.9706420898
2024-05-14,523.2999877930,508.2920837402
2024-05-15,529.7800292969,514.5862426758
2024-05-16,528.6900024414,513.5275268555
2024-05-17,529.4500122070,514.2658081055
2024-05-20,530.0599975586,514.8582763672
2024-05-21,531.3599853516,516.1209716797
2024-05-22,529.8300170898,514.6348876953
2024-05-23,525.9600219727,510.8757019043
2024-05-24,529.4400024414,514.2560424805
2024-05-28,529.8099975586,514.6154785156
2024-05-29,526.0999755859,511.0118713379
2024-05-30,522.6099853516,507.6218261719
2024-05-31,527.3699951172,512.2453613281
2024-06-03,527.7999877930,512.6630249023
2024-06-04,528.3900146484,513.2362060547
2024-06-05,534.6699829102,519.3359375000
2024-06-06,534.6599731445,519.3262939453
2024-06-07,534.0100097656,518.6950073242
2024-06-10,535.6599731445,520.2976074219
2024-06-11,536.9500122070,521.5505981445
2024-06-12,541.3599853516,525.8341064453
2024-06-13,542.4500122070,526.8928833008
2024-06-14,542.7800292969,527.2134399414
2024-06-17,547.0999755859,531.4096679688
2024-06-18,548.4899902344,532.7597045898
2024-06-20,547.0000000000,531.3124389648
2024-06-21,544.5100097656,530.6000976562
2024-06-24,542.7399902344,528.8753051758
2024-06-25,544.8300170898,530.9119873047
2024-06-26,545.5100097656,531.5745849609
2024-06-27,546.3699951172,532.4126586914
2024-06-28,544.2199707031,530.3174438477
2024-07-01,545.3400268555,531.4090576172
2024-07-02,549.0100097656,534.9851074219
2024-07-03,551.4600219727,537.3725585938
2024-07-05,554.6400146484,540.4713134766
2024-07-08,555.2800292969,541.0950317383
2024-07-09,555.8200073242,541.6212158203
2024-07-10,561.3200073242,546.9805908203
2024-07-11,556.4799804688,542.2644653320
2024-07-12,559.9899902344,545.6845703125
2024-07-15,561.5300292969,547.1854248047
2024-07-16,564.8599853516,550.4302978516
2024-07-17,556.9400024414,542.7125854492
2024-07-18,552.6599731445,538.5418701172
2024-07-19,548.9899902344,534.9655761719
2024-07-22,554.6500244141,540.4810791016
2024-07-23,553.7800292969,539.6333007812
2024-07-24,541.2299804688,527.4039306641
2024-07-25,538.4099731445,524.6558837891
2024-07-26,544.4400024414,530.5318603516
2024-07-29,544.7600097656,530.8436889648
2024-07-30,542.0000000000,528.1541748047
2024-07-31,550.8099975586,536.7391967773
2024-08-01,543.0100097656,529.1384277344
2024-08-02,532.9000244141,519.2866821289
2024-08-05,517.3800048828,504.1632080078
2024-08-06,522.1500244141,508.8113098145
2024-08-07,518.6599731445,505.4104309082
2024-08-08,530.6500244141,517.0941162109
2024-08-09,532.9899902344,519.3743896484
2024-08-12,533.2700195312,519.6472778320
2024-08-13,542.0399780273,528.1931152344
2024-08-14,543.7500000000,529.8594360352
2024-08-15,553.0700073242,538.9414062500
2024-08-16,554.3099975586,540.1496582031
2024-08-19,559.6099853516,545.3143920898
2024-08-20,558.7000122070,544.4276123047
2024-08-21,560.6199951172,546.2985229492
2024-08-22,556.2199707031,542.0108032227
2024-08-23,562.1300048828,547.7699584961
2024-08-26,560.7899780273,546.4642333984
2024-08-27,561.5599975586,547.2145996094
2024-08-28,558.2999877930,544.0379028320
2024-08-29,558.3499755859,544.0865478516
2024-08-30,563.6799926758,549.2803344727
2024-09-03,552.0800170898,537.9767456055
2024-09-04,550.9500122070,536.8756103516
2024-09-05,549.6099853516,535.5697631836
2024-09-06,540.3599853516,526.5561523438
2024-09-09,546.4099731445,532.4515991211
2024-09-10,548.7899780273,534.7706909180
2024-09-11,554.4199829102,540.2567749023
2024-09-12,559.0900268555,544.8076171875
2024-09-13,562.0100097656,547.6530151367
2024-09-16,562.8400268555,548.4619140625
2024-09-17,563.0700073242,548.6859130859
2024-09-18,561.4000244141,547.0587158203
2024-09-19,570.9799804688,556.3937988281
2024-09-20,568.2500000000,555.4321289062
2024-09-23,569.6699829102,556.8200683594
2024-09-24,571.2999877930,558.4132690430
2024-09-25,570.0399780273,557.1817016602
2024-09-26,572.2999877930,559.3906860352
2024-09-27,571.4699707031,558.5793457031
2024-09-30,573.7600097656,560.8178100586
2024-10-01,568.6199951172,555.7936401367
2024-10-02,568.8599853516,556.0284423828
2024-10-03,567.8200073242,555.0117797852
2024-10-04,572.9799804688,560.0554199219
2024-10-07,567.7999877930,554.9921875000
2024-10-08,573.1699829102,560.2410888672
2024-10-09,577.1400146484,564.1215209961
2024-10-10,576.1300048828,563.1343383789
2024-10-11,579.5800170898,566.5064697266
2024-10-14,584.3200073242,571.1396484375
2024-10-15,579.7800292969,566.7020263672
2024-10-16,582.2999877930,569.1651000977
2024-10-17,582.3499755859,569.2140502930
2024-10-18,584.5900268555,571.4035644531
2024-10-21,583.6300048828,570.4650878906
2024-10-22,583.3200073242,570.1621704102
2024-10-23,577.9899902344,564.9523925781
2024-10-24,579.2399902344,566.1741943359
2024-10-25,579.0399780273,565.9786376953
2024-10-28,580.8300170898,567.7284545898
2024-10-29,581.7700195312,568.6470947266
2024-10-30,580.0100097656,566.9268188477
2024-10-31,568.6400146484,555.8132934570
2024-11-01,571.0399780273,558.1592407227
2024-11-04,569.8099975586,556.9569091797
2024-11-05,576.7000122070,563.6915283203
2024-11-06,591.0399780273,577.7079467773
2024-11-07,595.6099853516,582.1748657227
2024-11-08,598.1900024414,584.6967163086
2024-11-11,598.7600097656,585.2539062500
2024-11-12,596.9000244141,583.4357910156
2024-11-13,597.1900024414,583.7193603516
2024-11-14,593.3499755859,579.9658813477
2024-11-15,585.7500000000,572.5373535156
2024-11-18,588.1500244141,574.8832397461
2024-11-19,590.2999877930,576.9846801758
2024-11-20,590.5000000000,577.1801757812
2024-11-21,593.6699829102,580.2787475586
2024-11-22,595.5100097656,582.0772094727
2024-11-25,597.5300292969,584.0516967773
2024-11-26,600.6500244141,587.1013183594
2024-11-27,598.8300170898,585.3223876953
2024-11-29,602.5499877930,588.9584350586
2024-12-02,603.6300048828,590.0140380859
2024-12-03,603.9099731445,590.2877807617
2024-12-04,607.6599731445,593.9531860352
2024-12-05,606.6599731445,592.9755859375
2024-12-06,607.8099975586,594.0997924805
2024-12-09,604.6799926758,591.0403442383
2024-12-10,602.7999877930,589.2026367188
2024-12-11,607.4600219727,593.7576904297
2024-12-12,604.3300170898,590.6983032227
2024-12-13,604.2100219727,590.5809326172
2024-12-16,606.7899780273,593.1027221680
2024-12-17,604.2899780273,590.6591796875
2024-12-18,586.2800292969,573.0554199219
2024-12-19,586.0999755859,572.8793945312
2024-12-20,591.1500244141,579.7602539062
2024-12-23,594.6900024414,583.2320556641
2024-12-24,601.2999877930,589.7147827148
2024-12-26,601.3400268555,589.7539672852
2024-12-27,595.0100097656,583.5458984375
2024-12-30,588.2199707031,576.8867187500
2024-12-31,586.0800170898,574.7880249023
2025-01-02,584.6400146484,573.3757324219
2025-01-03,591.9500122070,580.5449218750
2025-01-06,595.3599853516,583.8892211914
2025-01-07,588.6300048828,577.2888793945
2025-01-08,589.4899902344,578.1322631836
2025-01-10,580.4899902344,569.3056640625
2025-01-13,581.3900146484,570.1883544922
2025-01-14,582.1900024414,570.9729003906
2025-01-15,592.7800292969,581.3588867188
2025-01-16,591.6400146484,580.2409057617
2025-01-17,597.5800170898,586.0664672852
2025-01-21,603.0499877930,591.4309692383
2025-01-22,606.4400024414,594.7556762695
2025-01-23,609.7500000000,598.0018310547
2025-01-24,607.9699707031,596.2562255859
2025-01-27,599.3699951172,587.8219604492
2025-01-28,604.5200195312,592.8726806641
2025-01-29,601.8099975586,590.2149047852
2025-01-30,605.0399780273,593.3825683594
2025-01-31,601.8200073242,590.2246704102
2025-02-03,597.7700195312,586.2528076172
2025-02-04,601.7800292969,590.1854858398
2025-02-05,604.2199707031,592.5784301758
2025-02-06,606.3200073242,594.6380615234
2025-02-07,600.7700195312,589.1950073242
2025-02-10,604.8499755859,593.1963500977
2025-02-11,605.3099975586,593.6474609375
2025-02-12,603.3599853516,591.7349243164
2025-02-13,609.7299804688,597.9822387695
2025-02-14,609.7000122070,597.9529418945
2025-02-18,611.4899902344,599.7083740234
2025-02-19,612.9299926758,601.1206665039
2025-02-20,610.3800048828,598.6197509766
2025-02-21,599.9400024414,588.3808593750
2025-02-24,597.2100219727,585.7035522461
2025-02-25,594.2399902344,582.7907104492
2025-02-26,594.5399780273,583.0849609375
2025-02-27,585.0499877930,573.7777709961
2025-02-28,594.1799926758,582.7318725586
2025-03-03,583.7700195312,572.5224609375
2025-03-04,576.8599853516,565.7456054688
2025-03-05,583.0599975586,571.8262329102
2025-03-06,572.7100219727,561.6755371094
2025-03-07,575.9199829102,564.8237304688
2025-03-10,560.5800170898,549.7792358398
2025-03-11,555.9199829102,545.2091064453
2025-03-12,558.8699951172,548.1021728516
2025-03-13,551.4199829102,540.7957763672
2025-03-14,562.8099975586,551.9663085938
2025-03-17,567.1500244141,556.2227172852
2025-03-18,561.0200195312,550.2108764648
2025-03-19,567.1300048828,556.2031250000
2025-03-20,565.4899902344,554.5947265625
2025-03-21,563.9799804688,554.7775878906
2025-03-24,574.0800170898,564.7128295898
2025-03-25,575.4600219727,566.0703735352
2025-03-26,568.5900268555,559.3124389648
2025-03-27,567.0800170898,557.8271484375
2025-03-28,555.6599731445,546.5934448242
2025-03-31,559.3900146484,550.2625122070
2025-04-01,560.9699707031,551.8167114258
2025-04-02,564.5200195312,555.3088378906
2025-04-03,536.7000122070,527.9428100586
2025-04-04,505.2799987793,497.0354309082
2025-04-07,504.3800048828,496.1501464844
2025-04-08,496.4800109863,488.3790588379
2025-04-09,548.6199951172,539.6683349609
2025-04-10,524.5800170898,516.0205078125
2025-04-11,533.9400024414,525.2278442383
2025-04-14,539.1199951172,530.3232421875
2025-04-15,537.6099853516,528.8378906250
2025-04-16,525.6599731445,517.0828857422
2025-04-17,526.4099731445,517.8206176758
2025-04-21,513.8800048828,505.4951477051
2025-04-22,527.2500000000,518.6469726562
2025-04-23,535.4199829102,526.6836547852
2025-04-24,546.6900024414,537.7697143555
2025-04-25,550.6400146484,541.6553344727
2025-04-28,550.8499755859,541.8618164062
2025-04-29,554.3200073242,545.2752685547
2025-04-30,554.5399780273,545.4916381836
2025-05-01,558.4699707031,549.3574829102
2025-05-02,566.7600097656,557.5123291016
2025-05-05,563.5100097656,554.3154296875
2025-05-06,558.7999877930,549.6821289062
2025-05-07,561.1500244141,551.9938354492
2025-05-08,565.0599975586,555.8400878906
2025-05-09,564.3400268555,555.1317749023
2025-05-12,582.9899902344,573.4774780273
2025-05-13,586.8400268555,577.2646484375
2025-05-14,587.5900268555,578.0024414062
2025-05-15,590.4600219727,580.8255615234
2025-05-16,594.2000122070,584.5045776367
2025-05-19,594.8499755859,585.1439819336
2025-05-20,592.8499755859,583.1766357422
2025-05-21,582.8599853516,573.3495483398
2025-05-22,583.0900268555,573.5758666992
2025-05-23,579.1099853516,569.6607055664
2025-05-27,591.1500244141,581.5042724609
2025-05-28,587.7299804688,578.1400756836
2025-05-29,590.0499877930,580.4222412109
2025-05-30,589.3900146484,579.7730712891
2025-06-02,592.7100219727,583.0388793945
2025-06-03,596.0900268555,586.3637695312
2025-06-04,595.9299926758,586.2063598633
2025-06-05,593.0499877930,583.3732910156
2025-06-06,599.1400146484,589.3640747070
2025-06-09,599.6799926758,589.8952026367
2025-06-10,603.0800170898,593.2396850586
2025-06-11,601.3599853516,591.5476684570
2025-06-12,603.7500000000,593.8986816406
2025-06-13,597.0000000000,587.2588500977
2025-06-16,602.6799926758,592.8462524414
2025-06-17,597.5300292969,587.7802124023
2025-06-18,597.4400024414,587.6917114258
2025-06-20,594.2800292969,586.3114624023
2025-06-23,600.1500244141,592.1028442383
2025-06-24,606.7800292969,598.6438598633
2025-06-25,607.1199951172,598.9793701172
2025-06-26,611.8699951172,603.6655883789
2025-06-27,614.9099731445,606.6648559570
2025-06-30,617.8499755859,609.5653686523
2025-07-01,617.6500244141,609.3681030273
2025-07-02,620.4500122070,612.1305541992
2025-07-03,625.3400268555,616.9550170898
2025-07-07,620.6799926758,612.3574218750
2025-07-08,620.3400268555,612.0220336914
2025-07-09,624.0599975586,615.6921386719
2025-07-10,625.8200073242,617.4285278320
2025-07-11,623.6199951172,615.2580566406
2025-07-14,624.8099975586,616.4320678711
2025-07-15,622.1400146484,613.7979125977
2025-07-16,624.2199707031,615.8499755859
2025-07-17,628.0399780273,619.6187133789
2025-07-18,627.5800170898,619.1649780273
2025-07-21,628.7700195312,620.3389892578
2025-07-22,628.8599853516,620.4277343750
2025-07-23,634.2100219727,625.7061157227
2025-07-24,634.4199829102,625.9132080078
2025-07-25,637.0999755859,628.5572509766
2025-07-28,636.9400024414,628.3994140625
2025-07-29,635.2600097656,626.7420043945
2025-07-30,634.4600219727,625.9527587891
2025-07-31,632.0800170898,623.6046752930
2025-08-01,621.7199707031,613.3835449219
2025-08-04,631.1699829102,622.7067871094
2025-08-05,627.9699707031,619.5495605469
2025-08-06,632.7800292969,624.2951660156
2025-08-07,632.2500000000,623.7722778320
2025-08-08,637.1799926758,628.6362304688
2025-08-11,635.9199829102,627.3931274414
2025-08-12,642.6900024414,634.0722656250
2025-08-13,644.8900146484,636.2428588867
2025-08-14,644.9500122070,636.3020019531
2025-08-15,643.4400024414,634.8123168945
2025-08-18,643.2999877930,634.6740722656
2025-08-19,639.8099975586,631.2308959961
2025-08-20,638.1099853516,629.5537109375
2025-08-21,635.5499877930,627.0280151367
2025-08-22,645.3099975586,636.6572265625
2025-08-25,642.4699707031,633.8552856445
2025-08-26,645.1599731445,636.5091552734
2025-08-27,646.6300048828,637.9594726562
2025-08-28,648.9199829102,640.2187500000
2025-08-29,645.0499877930,636.4005737305
2025-09-02,640.2700195312,631.6847534180
2025-09-03,643.7399902344,635.1082153320
2025-09-04,649.1199951172,640.4161376953
2025-09-05,647.2399902344,638.5613403320
2025-09-08,648.8300170898,640.1300048828
2025-09-09,650.3300170898,641.6098632812
2025-09-10,652.2100219727,643.4647216797
2025-09-11,657.6300048828,648.8119506836
2025-09-12,657.4099731445,648.5949096680
2025-09-15,660.9099731445,652.0480346680
2025-09-16,660.0000000000,651.1503295898
2025-09-17,659.1799926758,650.3412475586
2025-09-18,662.2600097656,653.3798828125
2025-09-19,663.7000122070,656.6159667969
2025-09-22,666.8400268555,659.7224731445
2025-09-23,663.2100219727,656.1312255859
2025-09-24,661.0999755859,654.0437011719
2025-09-25,658.0499877930,651.0263671875
2025-09-26,661.8200073242,654.7561035156
2025-09-29,663.6799926758,656.5961914062
2025-09-30,666.1799926758,659.0695190430
2025-10-01,668.4500122070,661.3153686523
2025-10-02,669.2199707031,662.0769653320
2025-10-03,669.2100219727,662.0672607422
2025-10-06,671.6099853516,664.4415283203
2025-10-07,669.1199951172,661.9781494141
2025-10-08,673.1099853516,665.9255371094
2025-10-09,671.1599731445,663.9963378906
2025-10-10,653.0200195312,646.0499877930
2025-10-13,663.0399780273,655.9629516602
2025-10-14,662.2299804688,655.1616210938
2025-10-15,665.1699829102,658.0703125000
2025-10-16,660.6400146484,653.5886840820
2025-10-17,664.3900146484,657.2985839844
2025-10-20,671.2999877930,664.1348876953
2025-10-21,671.2899780273,664.1249389648
2025-10-22,667.7999877930,660.6722412109
2025-10-23,671.7600097656,664.5899047852
2025-10-24,677.2500000000,670.0213623047
2025-10-27,685.2399902344,677.9260253906
2025-10-28,687.0599975586,679.7266235352
2025-10-29,687.3900146484,680.0532226562
2025-10-30,679.8300170898,672.5738525391
2025-10-31,682.0599975586,674.7800292969
2025-11-03,683.3400268555,676.0463867188
2025-11-04,675.2399902344,668.0327758789
2025-11-05,677.5800170898,670.3478393555
2025-11-06,670.3099975586,663.1554565430
2025-11-07,670.9699707031,663.8082885742
2025-11-10,681.4400024414,674.1665649414
2025-11-11,683.0000000000,675.7099609375
2025-11-12,683.3800048828,676.0859375000
2025-11-13,672.0399780273,664.8670043945
2025-11-14,671.9299926758,664.7581176758
2025-11-17,665.6699829102,658.5649414062
2025-11-18,660.0800170898,653.0346069336
2025-11-19,662.6300048828,655.5574951172
2025-11-20,652.5300292969,645.5652465820
2025-11-21,659.0300292969,651.9959106445
2025-11-24,668.7299804688,661.5922851562
2025-11-25,675.0200195312,667.8151855469
2025-11-26,679.6799926758,672.4254760742
2025-11-28,683.3900146484,676.0958862305
2025-12-01,680.2700195312,673.0091552734
2025-12-02,681.5300292969,674.2556762695
2025-12-03,683.8900146484,676.5905151367
2025-12-04,684.3900146484,677.0852050781
2025-12-05,685.6900024414,678.3712768555
2025-12-08,683.6300048828,676.3333129883
2025-12-09,683.0399780273,675.7495727539
2025-12-10,687.5700073242,680.2312622070
2025-12-11,689.1699829102,681.8140869141
2025-12-12,681.7600097656,674.4832153320
2025-12-15,680.7299804688,673.4641723633
2025-12-16,678.8699951172,671.6240844727
2025-12-17,671.4000244141,664.2338256836
2025-12-18,676.4699707031,669.2496948242
2025-12-19,680.5900268555,675.3153686523
2025-12-22,684.8300170898,679.5224609375
2025-12-23,687.9600219727,682.6282348633
2025-12-24,690.3800048828,685.0294799805
2025-12-26,690.3099975586,684.9599609375
2025-12-29,687.8499755859,682.5190429688
2025-12-30,687.0100097656,681.6855468750
2025-12-31,681.9199829102,676.6350097656
2026-01-02,683.1699829102,677.8753051758
2026-01-05,687.7199707031,682.3900756836
2026-01-06,691.8099975586,686.4484252930
2026-01-07,689.5800170898,684.2356567383
2026-01-08,689.5100097656,684.1661987305
2026-01-09,694.0700073242,688.6908569336
2026-01-12,695.1599731445,689.7723999023
2026-01-13,693.7700195312,688.3932495117
2026-01-14,690.3599853516,685.0095214844
2026-01-15,692.2399902344,686.8750610352
2026-01-16,691.6599731445,686.2994995117
2026-01-20,677.5800170898,672.3286743164
2026-01-21,685.4000244141,680.0880737305
2026-01-22,688.9799804688,683.6402587891
2026-01-23,689.2299804688,683.8883666992
2026-01-26,692.7299804688,687.3612060547
2026-01-27,695.4899902344,690.0998535156
2026-01-28,695.4199829102,690.0303344727
2026-01-29,694.0399780273,688.6610717773
2026-01-30,691.9699707031,686.6071166992
2026-02-02,695.4099731445,690.0204467773
2026-02-03,689.5300292969,684.1860351562
2026-02-04,686.1900024414,680.8719482422
2026-02-05,677.6199951172,672.3682861328
2026-02-06,690.6199951172,685.2676391602
2026-02-09,693.9500122070,688.5718383789
2026-02-10,692.1199951172,686.7559814453
2026-02-11,691.9600219727,686.5972290039
2026-02-12,681.2700195312,675.9900512695
2026-02-13,681.7500000000,676.4663696289
2026-02-17,682.8499755859,677.5578002930
2026-02-18,686.2899780273,680.9711914062
2026-02-19,684.4799804688,679.1751708984
2026-02-20,689.4299926758,684.0867919922
2026-02-23,682.3900146484,677.1013793945
2026-02-24,687.3499755859,682.0228881836
2026-02-25,693.1500244141,687.7780151367
2026-02-26,689.2999877930,683.9578247070
2026-02-27,685.9899902344,680.6734619141
2026-03-02,686.3800048828,681.0604858398
2026-03-03,680.3300170898,675.0573120117
2026-03-04,685.1300048828,679.8201293945
2026-03-05,681.3099975586,676.0297241211
2026-03-06,672.3800048828,667.1689453125
2026-03-09,678.2700195312,673.0133056641
2026-03-10,677.1799926758,671.9317016602
2026-03-11,676.3300170898,671.0883789062
2026-03-12,666.0599975586,660.8979492188
2026-03-13,662.2899780273,657.1571655273
2026-03-16,669.0300292969,663.8449707031
2026-03-17,670.7899780273,665.5912475586
2026-03-18,661.4299926758,656.3038330078
2026-03-19,659.7999877930,654.6864624023
2026-03-20,648.5700073242,645.3009643555
2026-03-23,655.3800048828,652.0766601562
2026-03-24,653.1799926758,649.8877563477
2026-03-25,656.8200073242,653.5094604492
2026-03-26,645.0900268555,641.8386230469
2026-03-27,634.0900268555,630.8940429688
2026-03-30,631.9699707031,628.7846679688
2026-03-31,650.3400268555,647.0621337891
2026-04-01,655.2399902344,651.9373779297
2026-04-02,655.8300170898,652.5244750977
2026-04-06,658.9299926758,655.6087646484
2026-04-07,659.2199707031,655.8972778320
2026-04-08,676.0100097656,672.6027221680
2026-04-09,679.9099731445,676.4830322266
2026-04-10,679.4600219727,676.0353393555
2026-04-13,686.0999755859,682.6417846680
2026-04-14,694.4600219727,690.9597167969
2026-04-15,699.9400024414,696.4121093750
2026-04-16,701.6599731445,698.1234130859
2026-04-17,710.1400146484,706.5607299805
2026-04-20,708.7199707031,705.1477661133
2026-04-21,704.0800170898,700.5312500000
2026-04-22,711.2100219727,707.6253051758
2026-04-23,708.4500122070,704.8792114258
2026-04-24,713.9400024414,710.3414916992
2026-04-27,715.1699829102,711.5653686523
2026-04-28,711.6900024414,708.1029052734
2026-04-29,711.5800170898,707.9934082031
2026-04-30,718.6599731445,715.0377197266
2026-05-01,720.6500244141,717.0177001953
2026-05-04,718.0100097656,714.3909912109
2026-05-05,723.7700195312,720.1220092773
2026-05-06,733.8300170898,730.1312866211
2026-05-07,731.5800170898,727.8926391602
2026-05-08,737.6199951172,733.9021606445
2026-05-11,739.2999877930,735.5736694336
2026-05-12,738.1799926758,734.4593505859
2026-05-13,742.3099975586,738.5685424805
2026-05-14,748.1699829102,744.3989868164
2026-05-15,739.1699829102,735.4443969727
2026-05-18,738.6500244141,734.9270019531
2026-05-19,733.7299804688,730.0317382812
2026-05-20,741.2500000000,737.5138549805
2026-05-21,742.7199707031,738.9764404297
2026-05-22,745.6400146484,741.8817749023
2026-05-26,750.5900268555,746.8068237305
2026-05-27,750.4600219727,746.6774291992
2026-05-28,754.5999755859,750.7965698242
2026-05-29,756.4799804688,752.6671142578
2026-06-01,758.5399780273,754.7166748047
2026-06-02,759.5700073242,755.7415771484
2026-06-03,754.2399902344,750.4384155273
2026-06-04,757.0900268555,753.2740478516
2026-06-05,737.5499877930,733.8325195312
2026-06-08,739.2199707031,735.4940795898
2026-06-09,737.0499877930,733.3350830078
2026-06-10,725.4299926758,721.7736206055
2026-06-11,737.7600097656,734.0415039062
2026-06-12,741.7500000000,738.0113525391
2026-06-15,754.8300170898,751.0254516602
2026-06-16,750.3300170898,746.5481567383
2026-06-17,740.9600219727,737.2253417969
2026-06-18,746.7399902344,744.8902587891
2026-06-22,744.3900146484,742.5461425781
2026-06-23,733.5800170898,731.7628784180
2026-06-24,733.2399902344,731.4237060547
2026-06-25,734.2999877930,732.4810791016
2026-06-26,728.9899902344,727.1842651367
2026-06-29,741.0000000000,739.1644897461
2026-06-30,746.7700195312,744.9202270508
2026-07-01,745.7600097656,743.9127197266
2026-07-02,744.7800292969,742.9351806641
2026-07-06,751.2800292969,749.4190673828
2026-07-07,747.7100219727,745.8579101562
2026-07-08,745.4000244141,743.5536499023
2026-07-09,751.7100219727,749.8480224609
2026-07-10,754.9500122070,753.0799560547
2026-07-13,749.1699829102,747.3142700195
2026-07-14,751.8300170898,749.9677124023
2026-07-15,754.8099975586,752.9403076172
2026-07-16,750.7199707031,748.8604125977
2026-07-17,743.2899780273,741.4487915039
2026-07-20,742.0900268555,740.2518310547
2026-07-21,748.2800292969,746.4265136719
2026-07-22,747.4099731445,745.5585937500
2026-07-23,738.1799926758,736.3515014648
2026-07-24,738.9299926758,737.0996093750
2026-07-27,739.0900268555,737.2592773438
2026-07-28,740.8599853516,739.0248413086
2026-07-29,729.4600219727,727.6531372070
2026-07-30,741.6900024414,739.8527832031
2026-07-31,747.0300292969,745.1796264648
2026-08-03,757.6699829102,755.7932128906
2026-08-04,771.3300170898,769.4193725586
2026-08-05,769.7899780273,767.8831787109
2026-08-06,768.5599975586,766.6562500000
2026-08-07,773.2600097656,771.3446044922
2026-08-10,773.0300292969,771.1151733398
2026-08-11,770.5599975586,768.6513061523
2026-08-12,772.4899902344,770.5764770508
2026-08-13,777.8800048828,775.9531860352
2026-08-14,776.3400268555,774.4169921875
2026-08-17,772.6699829102,770.7560424805
2026-08-18,767.4500122070,765.5490112305
2026-08-19,769.0599975586,767.1549682617
2026-08-20,762.5999755859,760.7109985352
2026-08-21,765.7199707031,763.8232421875
2026-08-24,763.4699707031,761.5787963867
2026-08-25,765.9099731445,764.0127563477
2026-08-26,766.0800170898,764.1823730469
2026-08-27,771.0999755859,769.1899414062
2026-08-28,769.3499755859,767.4442749023
2026-08-31,767.0499877930,765.1499633789
2026-09-01,761.7800292969,759.8930664062
2026-09-02,765.1599731445,763.2646484375
2026-09-03,773.1699829102,771.2548217773
2026-09-04,770.1900024414,768.2822265625
2026-09-08,765.9600219727,764.0626831055
2026-09-09,762.4000244141,760.5115356445
2026-09-10,757.8300170898,755.9528198242
2026-09-11,764.2899780273,762.3967895508
2026-09-14,760.8800048828,758.9952392578
2026-09-15,757.3900146484,755.5139160156
2026-09-16,754.0499877930,752.1821899414
2026-09-17,762.5999755859,760.7109985352
2026-09-18,761.6900024414,761.6900024414
2026-09-21,773.5000000000,773.5000000000
