Date,Close,Adjusted close
2010-09-09,101.3199996948,76.3131179810
2010-09-10,101.7799987793,76.6595535278
2010-09-13,103.0599975586,77.6236801147
2010-09-14,103.0400009155,77.6086044312
2010-09-15,103.3000030518,77.8044204712
2010-09-16,103.2600021362,77.7742996216
2010-09-17,103.3600006104,77.8496246338
2010-09-20,105.0400009155,79.1150131226
2010-09-21,104.7200012207,78.8739852905
2010-09-22,104.1600036621,78.4521789551
2010-09-23,103.3000030518,77.8044204712
2010-09-24,104.8399963379,79.3932342529
2010-09-27,104.3399963379,79.0145568848
2010-09-28,105.0199966431,79.5295028687
2010-09-29,104.5199966431,79.1508636475
2010-09-30,104.3600006104,79.0296859741
2010-10-01,104.7200012207,79.3023376465
2010-10-04,103.8399963379,78.6359329224
2010-10-05,106.1200027466,80.3625183105
2010-10-06,105.9400024414,80.2262496948
2010-10-07,105.8799972534,80.1807937622
2010-10-08,106.6800003052,80.7866058350
2010-10-11,106.5000000000,80.6502914429
2010-10-12,107.1200027466,81.1198196411
2010-10-13,107.7600021362,81.6044998169
2010-10-14,107.3600006104,81.3015365601
2010-10-15,107.5599975586,81.4530105591
2010-10-18,108.3399963379,82.0436630249
2010-10-19,106.6200027466,80.7411727905
2010-10-20,107.7600021362,81.6044998169
2010-10-21,107.9199981689,81.7256546021
2010-10-22,108.1800003052,81.9225158691
2010-10-25,108.5000000000,82.1648559570
2010-10-26,108.4800033569,82.1497192383
2010-10-27,108.1399993896,81.8922348022
2010-10-28,108.2200012207,81.9527893066
2010-10-29,108.3000030518,82.0133895874
2010-11-01,108.3600006104,82.0588302612
2010-11-02,109.1999969482,82.6949844360
2010-11-03,109.6600036621,83.0433197021
2010-11-04,111.7200012207,84.6033172607
2010-11-05,112.1600036621,84.9365310669
2010-11-08,112.0199966431,84.8304672241
2010-11-09,111.1399993896,84.1640777588
2010-11-10,111.5599975586,84.4821472168
2010-11-11,111.1999969482,84.2095031738
2010-11-12,109.8199996948,83.1644744873
2010-11-15,109.7200012207,83.0887451172
2010-11-16,107.9599990845,81.7559204102
2010-11-17,108.0400009155,81.8164978027
2010-11-18,109.6399993896,83.0281524658
2010-11-19,109.9000015259,83.2250595093
2010-11-22,109.8000030518,83.1493453979
2010-11-23,108.2600021362,81.9831085205
2010-11-24,109.6600036621,83.0433197021
2010-11-26,109.0400009155,82.5737838745
2010-11-29,108.9400024414,82.4980621338
2010-11-30,108.1800003052,81.9225158691
2010-12-01,110.6200027466,83.7702789307
2010-12-02,112.0599975586,84.8607864380
2010-12-03,112.3399963379,85.0727920532
2010-12-06,112.1999969482,84.9667968750
2010-12-07,112.2399978638,84.9971160889
2010-12-08,112.6999969482,85.3454437256
2010-12-09,113.1200027466,85.6634826660
2010-12-10,113.8000030518,86.1784362793
2010-12-13,113.8600006104,86.2238922119
2010-12-14,113.9199981689,86.2692794800
2010-12-15,113.4199981689,85.8906860352
2010-12-16,114.0800018311,86.3904724121
2010-12-17,114.2399978638,86.5116424561
2010-12-20,114.4800033569,86.6933822632
2010-12-21,115.1800003052,87.2235107422
2010-12-22,115.5999984741,87.5415267944
2010-12-23,115.4199981689,87.4052352905
2010-12-27,114.9800033569,87.4706497192
2010-12-28,115.0999984741,87.5619506836
2010-12-29,115.1999969482,87.6380386353
2010-12-30,115.0199966431,87.5010910034
2010-12-31,115.1399993896,87.5923767090
2011-01-03,116.2200012207,88.4139938354
2011-01-04,116.1200027466,88.3379135132
2011-01-05,116.7399978638,88.8095779419
2011-01-06,116.5400009155,88.6574020386
2011-01-07,116.3000030518,88.4748535156
2011-01-10,116.1999969482,88.3988037109
2011-01-11,116.5800018311,88.6878433228
2011-01-12,117.6200027466,89.4790267944
2011-01-13,117.4599990845,89.3573074341
2011-01-14,118.3000030518,89.9963607788
2011-01-18,118.5000000000,90.1485061646
2011-01-19,117.3199996948,89.2508163452
2011-01-20,117.1800003052,89.1442871094
2011-01-21,117.4400024414,89.3420791626
2011-01-24,118.1600036621,89.8898239136
2011-01-25,118.1200027466,89.8593978882
2011-01-26,118.7399978638,90.3310775757
2011-01-27,118.9000015259,90.4527969360
2011-01-28,116.8000030518,88.8552169800
2011-01-31,117.6999969482,89.5398941040
2011-02-01,119.5400009155,90.9396591187
2011-02-02,119.3399963379,90.7875061035
2011-02-03,119.6399993896,91.0157241821
2011-02-04,119.9599990845,91.2591781616
2011-02-07,120.7200012207,91.8373260498
2011-02-08,121.2799987793,92.2633743286
2011-02-09,120.9800033569,92.0351333618
2011-02-10,121.0199966431,92.0655593872
2011-02-11,121.7799987793,92.6437377930
2011-02-14,122.0800018311,92.8719177246
2011-02-15,121.6399993896,92.5372543335
2011-02-16,122.4199981689,93.1306076050
2011-02-17,122.8799972534,93.4805603027
2011-02-18,123.0800018311,93.6326980591
2011-02-22,120.5599975586,91.7156143188
2011-02-23,119.8799972534,91.1982879639
2011-02-24,119.7600021362,91.1070404053
2011-02-25,121.0599975586,92.0960006714
2011-02-28,121.7799987793,92.6437377930
2011-03-01,119.6999969482,91.0613861084
2011-03-02,120.0400009155,91.3200302124
2011-03-03,122.0999984741,92.8871765137
2011-03-04,121.1999969482,92.2024841309
2011-03-07,120.1399993896,91.3961257935
2011-03-08,121.2600021362,92.2481384277
2011-03-09,121.1200027466,92.1416473389
2011-03-10,118.9000015259,90.4527969360
2011-03-11,119.6999969482,91.0613861084
2011-03-14,119.0000000000,90.5288619995
2011-03-15,117.6800003052,89.5246658325
2011-03-16,115.4400024414,87.8205718994
2011-03-17,116.8799972534,88.9160690308
2011-03-18,117.3799972534,89.2964477539
2011-03-21,119.1600036621,90.6506042480
2011-03-22,118.7399978638,90.3310775757
2011-03-23,119.1200027466,90.6201477051
2011-03-24,120.2399978638,91.4721984863
2011-03-25,120.0599975586,91.7442245483
2011-03-28,119.8000030518,91.5455703735
2011-03-29,120.5800018311,92.1415863037
2011-03-30,121.4000015259,92.7681808472
2011-03-31,121.2399978638,92.6458969116
2011-04-01,121.8000030518,93.0738525391
2011-04-04,121.8600006104,93.1197128296
2011-04-05,121.8600006104,93.1197128296
2011-04-06,122.2200012207,93.3948059082
2011-04-07,122.0000000000,93.2266845703
2011-04-08,121.5400009155,92.8751754761
2011-04-11,121.1200027466,92.5542144775
2011-04-12,120.2399978638,91.8817901611
2011-04-13,120.2799987793,91.9123382568
2011-04-14,120.3000030518,91.9276351929
2011-04-15,120.7200012207,92.2485580444
2011-04-18,119.4000015259,91.2398986816
2011-04-19,120.1399993896,91.8053588867
2011-04-20,121.7600021362,93.0432891846
2011-04-21,122.3000030518,93.4559402466
2011-04-25,122.1800003052,93.3642272949
2011-04-26,123.2399978638,94.1742324829
2011-04-27,124.0400009155,94.7855529785
2011-04-28,124.4400024414,95.0912094116
2011-04-29,124.8000030518,95.3662948608
2011-05-02,124.5199966431,95.1523208618
2011-05-03,124.1200027466,94.8466873169
2011-05-04,123.2799987793,94.2048034668
2011-05-05,122.1999969482,93.3795089722
2011-05-06,122.7799987793,93.8227310181
2011-05-09,123.2799987793,94.2048034668
2011-05-10,124.3000030518,94.9842681885
2011-05-11,122.9800033569,93.9755477905
2011-05-12,123.6399993896,94.4798889160
2011-05-13,122.5599975586,93.6545791626
2011-05-16,121.8000030518,93.0738525391
2011-05-17,121.7799987793,93.0585708618
2011-05-18,122.9199981689,93.9296951294
2011-05-19,123.0800018311,94.0519561768
2011-05-20,122.2600021362,93.4253540039
2011-05-23,120.8000030518,92.3097000122
2011-05-24,120.6999969482,92.2332611084
2011-05-25,121.0999984741,92.5389556885
2011-05-26,121.5800018311,92.9057464600
2011-05-27,122.1200027466,93.3183898926
2011-05-31,123.3399963379,94.2506408691
2011-06-01,120.5999984741,92.1568603516
2011-06-02,120.4599990845,92.0498733521
2011-06-03,119.3000030518,91.1634979248
2011-06-06,118.0400009155,90.2006454468
2011-06-07,117.8799972534,90.0783615112
2011-06-08,117.4000015259,89.7115936279
2011-06-09,118.3000030518,90.3993453979
2011-06-10,116.6399993896,89.1308212280
2011-06-13,116.7200012207,89.1919479370
2011-06-14,118.2200012207,90.3381958008
2011-06-15,116.1600036621,88.7640380859
2011-06-16,116.3799972534,88.9321365356
2011-06-17,116.6999969482,89.1766738892
2011-06-20,117.3600006104,89.6810455322
2011-06-21,118.9599990845,90.9036483765
2011-06-22,118.2600021362,90.3687438965
2011-06-23,117.8600006104,90.0630950928
2011-06-24,116.0000000000,89.0725326538
2011-06-27,116.9800033569,89.8250427246
2011-06-28,118.4800033569,90.9768371582
2011-06-29,119.5400009155,91.7907867432
2011-06-30,120.6800003052,92.6661529541
2011-07-01,122.5000000000,94.0636520386
2011-07-05,122.3000030518,93.9101028442
2011-07-06,122.4800033569,94.0483245850
2011-07-07,123.8199996948,95.0772476196
2011-07-08,122.9800033569,94.4322509766
2011-07-11,120.6999969482,92.6814880371
2011-07-12,120.1600036621,92.2668762207
2011-07-13,120.5800018311,92.5893783569
2011-07-14,119.8000030518,91.9904251099
2011-07-15,120.4599990845,92.4972152710
2011-07-18,119.4400024414,91.7140045166
2011-07-19,121.3799972534,93.2036590576
2011-07-20,121.3799972534,93.2036590576
2011-07-21,123.0000000000,94.4475936890
2011-07-22,123.0999984741,94.5244064331
2011-07-25,122.4000015259,93.9868850708
2011-07-26,121.8799972534,93.5875930786
2011-07-27,119.4599990845,91.7293548584
2011-07-28,119.1200027466,91.4682922363
2011-07-29,118.1999969482,90.7618331909
2011-08-01,117.7799987793,90.4393539429
2011-08-02,114.8399963379,88.1818084717
2011-08-03,115.4199981689,88.6271820068
2011-08-04,110.0199966431,84.4806823730
2011-08-05,109.7799987793,84.2964172363
2011-08-08,102.7399978638,78.8906402588
2011-08-09,107.3399963379,82.4228363037
2011-08-10,102.6800003052,78.8445510864
2011-08-11,107.1800003052,82.2999496460
2011-08-12,108.0400009155,82.9603118896
2011-08-15,110.2600021362,84.6650009155
2011-08-16,109.3199996948,83.9431915283
2011-08-17,109.4400024414,84.0353546143
2011-08-18,104.9000015259,80.5492401123
2011-08-19,102.9000015259,79.0134887695
2011-08-22,102.9800033569,79.0749130249
2011-08-23,106.5400009155,81.8085098267
2011-08-24,108.0000000000,82.9296112061
2011-08-25,106.3799972534,81.6856460571
2011-08-26,107.7799987793,82.7606811523
2011-08-29,110.9199981689,85.1717758179
2011-08-30,111.1200027466,85.3253479004
2011-08-31,111.6800003052,85.7553329468
2011-09-01,110.5999984741,84.9260482788
2011-09-02,107.7399978638,82.7299499512
2011-09-06,107.0000000000,82.1617355347
2011-09-07,110.0199966431,84.4806823730
2011-09-08,108.8600006104,83.5899734497
2011-09-09,106.0000000000,81.3938751221
2011-09-12,106.7600021362,81.9774627686
2011-09-13,107.6399993896,82.6531448364
2011-09-14,109.1600036621,83.8203430176
2011-09-15,111.0400009155,85.2639389038
2011-09-16,111.6999969482,85.7706909180
2011-09-19,110.6600036621,84.9721145630
2011-09-20,110.4800033569,84.8339233398
2011-09-21,107.1399993896,82.2692413330
2011-09-22,103.7799987793,79.6892089844
2011-09-23,103.6800003052,80.0598449707
2011-09-26,106.1999969482,82.0057449341
2011-09-27,107.4199981689,82.9478073120
2011-09-28,105.2799987793,81.2953720093
2011-09-29,106.0400009155,81.8822250366
2011-09-30,103.5199966431,79.9363174438
2011-10-03,100.3399963379,77.4807510376
2011-10-04,102.5400009155,79.1795654297
2011-10-05,104.5800018311,80.7547988892
2011-10-06,106.5999984741,82.3146209717
2011-10-07,105.7799987793,81.6814575195
2011-10-10,109.3600006104,84.4458618164
2011-10-11,109.3199996948,84.4149627686
2011-10-12,110.3199996948,85.1871643066
2011-10-13,110.1600036621,85.0635910034
2011-10-14,111.9800033569,86.4689941406
2011-10-17,109.8799972534,84.8473892212
2011-10-18,112.0800018311,86.5461883545
2011-10-19,110.6800003052,85.4651260376
2011-10-20,111.1800003052,85.8512039185
2011-10-21,113.3199996948,87.5036926270
2011-10-24,114.7600021362,88.6156463623
2011-10-25,112.5400009155,86.9013900757
2011-10-26,113.6200027466,87.7353591919
2011-10-27,117.5400009155,90.7622833252
2011-10-28,117.6600036621,90.8549728394
2011-10-31,114.6399993896,88.5229721069
2011-11-01,111.5999984741,86.1755447388
2011-11-02,113.3600006104,87.5345916748
2011-11-03,115.4599990845,89.1561737061
2011-11-04,114.8000030518,88.6465301514
2011-11-07,115.4599990845,89.1561737061
2011-11-08,116.8399963379,90.2217788696
2011-11-09,112.6200027466,86.9631576538
2011-11-10,113.6399993896,87.7507781982
2011-11-11,115.8600006104,89.4650421143
2011-11-14,114.7399978638,88.6002044678
2011-11-15,115.3399963379,89.0634994507
2011-11-16,113.4800033569,87.6272506714
2011-11-17,111.6600036621,86.2218627930
2011-11-18,111.5000000000,86.0983581543
2011-11-21,109.5000000000,84.5539550781
2011-11-22,108.9199981689,84.1060867310
2011-11-23,106.6200027466,82.3300399780
2011-11-25,106.3000030518,82.0829849243
2011-11-28,109.4800033569,84.5385513306
2011-11-29,109.8000030518,84.7856369019
2011-11-30,114.3000030518,88.2604217529
2011-12-01,114.2200012207,88.1986465454
2011-12-02,114.1600036621,88.1523132324
2011-12-05,115.4000015259,89.1098632812
2011-12-06,115.5000000000,89.1870498657
2011-12-07,115.8799972534,89.4804916382
2011-12-08,113.3799972534,87.5500183105
2011-12-09,115.3000030518,89.0326385498
2011-12-12,113.6399993896,87.7507781982
2011-12-13,112.5599975586,86.9168472290
2011-12-14,111.3000030518,85.9438858032
2011-12-15,111.7200012207,86.2682037354
2011-12-16,111.8000030518,86.3299789429
2011-12-19,110.6600036621,85.4496917725
2011-12-20,113.9599990845,87.9979095459
2011-12-21,114.3000030518,88.2604217529
2011-12-22,115.3799972534,89.0943832397
2011-12-23,115.5999984741,89.7981643677
2011-12-27,115.7200012207,89.8914031982
2011-12-28,114.3000030518,88.7883377075
2011-12-29,115.3399963379,89.5962142944
2011-12-30,114.9000015259,89.2544250488
2012-01-03,116.5999984741,90.5749740601
2012-01-04,116.8000030518,90.7303466797
2012-01-05,117.1800003052,91.0255355835
2012-01-06,116.9400024414,90.8391113281
2012-01-09,117.1200027466,90.9789123535
2012-01-10,118.1200027466,91.7557144165
2012-01-11,118.2399978638,91.8489456177
2012-01-12,118.5000000000,92.0508956909
2012-01-13,118.0000000000,91.6625061035
2012-01-17,118.3199996948,91.9110641479
2012-01-18,119.6399993896,92.9364776611
2012-01-19,120.2799987793,93.4335861206
2012-01-20,120.2799987793,93.4335861206
2012-01-23,120.4000015259,93.5268096924
2012-01-24,120.2200012207,93.3869857788
2012-01-25,121.2799987793,94.2104034424
2012-01-26,120.6600036621,93.7287750244
2012-01-27,120.5000000000,93.6044616699
2012-01-30,120.0999984741,93.2937698364
2012-01-31,120.0400009155,93.2471618652
2012-02-01,121.1800003052,94.1327209473
2012-02-02,121.4199981689,94.3191452026
2012-02-03,123.1399993896,95.6552581787
2012-02-06,122.9599990845,95.5154113770
2012-02-07,123.3399963379,95.8106155396
2012-02-08,123.5999984741,96.0125732422
2012-02-09,123.7399978638,96.1213302612
2012-02-10,122.9000015259,95.4688186646
2012-02-13,123.8399963379,96.1990203857
2012-02-14,123.6600036621,96.0591888428
2012-02-15,123.1200027466,95.6397094727
2012-02-16,124.4599990845,96.6806335449
2012-02-17,124.7600021362,96.9136352539
2012-02-21,124.8399963379,96.9757614136
2012-02-22,124.4199981689,96.6495742798
2012-02-23,125.0199966431,97.1156234741
2012-02-24,125.1999969482,97.2554779053
2012-02-27,125.4199981689,97.4263763428
2012-02-28,125.8600006104,97.7681732178
2012-02-29,125.1800003052,97.2399139404
2012-03-01,126.0000000000,97.8768692017
2012-03-02,125.6600036621,97.6127929688
2012-03-05,125.1200027466,97.1933288574
2012-03-06,123.1600036621,95.6707839966
2012-03-07,124.1399993896,96.4320297241
2012-03-08,125.3399963379,97.3642044067
2012-03-09,125.8199996948,97.7370681763
2012-03-12,125.8799972534,97.7836608887
2012-03-13,128.1399993896,99.5392532349
2012-03-14,128.0399932861,99.4615707397
2012-03-15,128.6999969482,99.9742736816
2012-03-16,128.8800048828,100.1141281128
2012-03-19,129.4199981689,100.5335388184
2012-03-20,129.0599975586,100.2539291382
2012-03-21,128.8600006104,100.0985412598
2012-03-22,127.8600006104,99.3217544556
2012-03-23,128.3600006104,99.7101364136
2012-03-26,129.5200042725,101.0600128174
2012-03-27,129.1600036621,100.7791290283
2012-03-28,128.5399932861,100.2953567505
2012-03-29,128.3200073242,100.1237030029
2012-03-30,128.7400054932,100.4514160156
2012-04-02,129.7799987793,101.2628936768
2012-04-03,129.2799987793,100.8727645874
2012-04-04,127.9199981689,99.8115997314
2012-04-05,127.8799972534,99.7803802490
2012-04-09,126.4599990845,98.6723861694
2012-04-10,124.2600021362,96.9558181763
2012-04-11,125.2799987793,97.7516937256
2012-04-12,127.0000000000,99.0937805176
2012-04-13,125.4800033569,97.9077606201
2012-04-16,125.3399963379,97.7985000610
2012-04-17,127.2600021362,99.2966156006
2012-04-18,126.8199996948,98.9532852173
2012-04-19,126.0000000000,98.3134613037
2012-04-20,126.1999969482,98.4695205688
2012-04-23,125.1200027466,97.6268539429
2012-04-24,125.5800018311,97.9857559204
2012-04-25,127.3399963379,99.3590240479
2012-04-26,128.2200012207,100.0456695557
2012-04-27,128.4799957275,100.2485275269
2012-04-30,127.9199981689,99.8115997314
2012-05-01,128.7599945068,100.4669952393
2012-05-02,128.3600006104,100.1548843384
2012-05-03,127.4199981689,99.4214248657
2012-05-04,125.3399963379,97.7985000610
2012-05-07,125.4400024414,97.8765640259
2012-05-08,124.9000015259,97.4551925659
2012-05-09,124.1999969482,96.9089965820
2012-05-10,124.4199981689,97.0806655884
2012-05-11,124.0199966431,96.7685699463
2012-05-14,122.6999969482,95.7385864258
2012-05-15,122.0199966431,95.2080154419
2012-05-16,121.5000000000,94.8022918701
2012-05-17,119.6600036621,93.3665924072
2012-05-18,118.7200012207,92.6331481934
2012-05-21,120.7200012207,94.1936950684
2012-05-22,120.9800033569,94.3965301514
2012-05-23,120.9800033569,94.3965301514
2012-05-24,121.1999969482,94.5681838989
2012-05-25,120.9199981689,94.3497085571
2012-05-29,122.3000030518,95.4264907837
2012-05-30,120.5400009155,94.0532379150
2012-05-31,120.2399978638,93.8191528320
2012-06-01,117.3000030518,91.5251846313
2012-06-04,117.2600021362,91.4939575195
2012-06-05,117.9400024414,92.0245361328
2012-06-06,120.7600021362,94.2248840332
2012-06-07,120.7399978638,94.2092819214
2012-06-08,121.7399978638,94.9895324707
2012-06-11,120.2600021362,93.8347778320
2012-06-12,121.6600036621,94.9271087646
2012-06-13,120.8600006104,94.3029098511
2012-06-14,122.1999969482,95.3484573364
2012-06-15,123.2799987793,96.1911544800
2012-06-18,123.5400009155,96.3940277100
2012-06-19,124.8000030518,97.3771743774
2012-06-20,124.5999984741,97.2210769653
2012-06-21,121.8600006104,95.0831985474
2012-06-22,122.7399978638,95.7698059082
2012-06-25,120.1600036621,94.2481613159
2012-06-26,120.7399978638,94.7030944824
2012-06-27,121.8199996948,95.5502014160
2012-06-28,121.5400009155,95.3306045532
2012-06-29,124.5599975586,97.6993255615
2012-07-02,124.9000015259,97.9660110474
2012-07-03,125.7200012207,98.6091690063
2012-07-05,125.1800003052,98.1856307983
2012-07-06,124.0199966431,97.2757873535
2012-07-09,123.8600006104,97.1502990723
2012-07-10,122.7200012207,96.2561035156
2012-07-11,122.7399978638,96.2717819214
2012-07-12,122.0999984741,95.7698135376
2012-07-13,124.1800003052,97.4012680054
2012-07-16,123.9000015259,97.1816635132
2012-07-17,124.7799987793,97.8718719482
2012-07-18,125.6800003052,98.5778045654
2012-07-19,126.0000000000,98.8287811279
2012-07-20,124.8399963379,97.9189071655
2012-07-23,123.5999984741,96.9463348389
2012-07-24,122.6200027466,96.1776657104
2012-07-25,122.5400009155,96.1148986816
2012-07-26,124.5400009155,97.6836395264
2012-07-27,126.9400024414,99.5660858154
2012-07-30,126.8799972534,99.5190277100
2012-07-31,126.0599975586,98.8758697510
2012-08-01,125.9199981689,98.7660217285
2012-08-02,125.0400009155,98.0758361816
2012-08-03,127.4800033569,99.9896545410
2012-08-06,127.8199996948,100.2563247681
2012-08-07,128.3999938965,100.7112579346
2012-08-08,128.5399932861,100.8210525513
2012-08-09,128.6799926758,100.9308700562
2012-08-10,128.8800048828,101.0877685547
2012-08-13,128.7799987793,101.0093002319
2012-08-14,128.8399963379,101.0563659668
2012-08-15,128.9799957275,101.1661758423
2012-08-16,129.8600006104,101.8564071655
2012-08-17,130.1600036621,102.0917434692
2012-08-20,130.1199951172,102.0603256226
2012-08-21,129.7200012207,101.7465972900
2012-08-22,129.7400054932,101.7622909546
2012-08-23,128.7200012207,100.9622497559
2012-08-24,129.5200042725,101.5897369385
2012-08-27,129.5200042725,101.5897369385
2012-08-28,129.3999938965,101.4956054688
2012-08-29,129.5200042725,101.5897369385
2012-08-30,128.5399932861,100.8210525513
2012-08-31,129.2200012207,101.3544387817
2012-09-04,128.8800048828,101.0877685547
2012-09-05,128.8800048828,101.0877685547
2012-09-06,131.5599975586,103.1898040771
2012-09-07,132.1000061035,103.6133651733
2012-09-10,131.3200073242,103.0015792847
2012-09-11,131.6799926758,103.2839431763
2012-09-12,132.1000061035,103.6133651733
2012-09-13,134.1999969482,105.2605056763
2012-09-14,134.7599945068,105.6997604370
2012-09-17,134.3600006104,105.3860092163
2012-09-18,134.2200012207,105.2761917114
2012-09-19,134.3200073242,105.3546447754
2012-09-20,134.3000030518,105.3389739990
2012-09-21,134.2200012207,105.2761917114
2012-09-24,133.3600006104,105.1390151978
2012-09-25,132.0000000000,104.0668487549
2012-09-26,131.1600036621,103.4046020508
2012-09-27,132.4400024414,104.4137344360
2012-09-28,131.8399963379,103.9406509399
2012-10-01,132.0800018311,104.1299057007
2012-10-02,132.2599945068,104.2717971802
2012-10-03,132.8000030518,104.6975479126
2012-10-04,133.8200073242,105.5016937256
2012-10-05,133.7799987793,105.4701385498
2012-10-08,133.3800048828,105.1547851562
2012-10-09,132.0800018311,104.1299057007
2012-10-10,131.1799926758,103.4203414917
2012-10-11,131.2599945068,103.4834213257
2012-10-12,130.8000030518,103.1207885742
2012-10-15,131.8999938965,103.9879913330
2012-10-16,133.2400054932,105.0444412231
2012-10-17,133.8600006104,105.5332260132
2012-10-18,133.5200042725,105.2651748657
2012-10-19,131.2400054932,103.4676513672
2012-10-22,131.3200073242,103.5307312012
2012-10-23,129.3999938965,102.0170211792
2012-10-24,129.1199951172,101.7963027954
2012-10-25,129.4799957275,102.0800933838
2012-10-26,129.3800048828,102.0012512207
2012-10-31,129.2599945068,101.9066619873
2012-11-01,130.7799987793,103.1049728394
2012-11-02,129.6000061035,102.1747207642
2012-11-05,129.8999938965,102.4111785889
2012-11-06,130.8600006104,103.1680526733
2012-11-07,128.0000000000,100.9132843018
2012-11-08,126.3000030518,99.5729980469
2012-11-09,126.4400024414,99.6834030151
2012-11-12,126.6200027466,99.8253021240
2012-11-13,126.1600036621,99.4626388550
2012-11-14,124.6200027466,98.2485427856
2012-11-15,124.1399993896,97.8700942993
2012-11-16,124.7799987793,98.3746643066
2012-11-19,127.3199996948,100.3771896362
2012-11-20,127.4599990845,100.4875411987
2012-11-21,127.7399978638,100.7083053589
2012-11-23,129.3600006104,101.9854812622
2012-11-26,129.1999969482,101.8593368530
2012-11-27,128.5800018311,101.3705368042
2012-11-28,129.5399932861,102.1274185181
2012-11-29,130.1199951172,102.5846328735
2012-11-30,130.0000000000,102.4900360107
2012-12-03,129.5399932861,102.1274185181
2012-12-04,129.3000030518,101.9381713867
2012-12-05,129.5800018311,102.1589431763
2012-12-06,129.9799957275,102.4742813110
2012-12-07,130.3800048828,102.7896194458
2012-12-10,130.4600067139,102.8527374268
2012-12-11,131.3000030518,103.5149841309
2012-12-12,131.3999938965,103.5937805176
2012-12-13,130.6000061035,102.9630966187
2012-12-14,130.1799926758,102.6319580078
2012-12-17,131.7400054932,103.8618240356
2012-12-18,133.0800018311,104.9182662964
2012-12-19,132.1000061035,104.1456527710
2012-12-20,132.9199981689,104.7921295166
2012-12-21,131.6799926758,103.8145370483
2012-12-24,130.3600006104,103.5127868652
2012-12-26,129.7400054932,103.0204696655
2012-12-27,129.6199951172,102.9251861572
2012-12-28,128.1799926758,101.7817382812
2012-12-31,130.3800048828,103.5286483765
2013-01-02,133.6000061035,106.0855407715
2013-01-03,133.4799957275,105.9902267456
2013-01-04,134.0399932861,106.4348907471
2013-01-07,133.6799926758,106.1490173340
2013-01-08,133.2799987793,105.8314361572
2013-01-09,133.6799926758,106.1490173340
2013-01-10,134.6600036621,106.9272232056
2013-01-11,134.7200012207,106.9748687744
2013-01-14,134.6000061035,106.8795700073
2013-01-15,134.6600036621,106.9272232056
2013-01-16,134.6600036621,106.9272232056
2013-01-17,135.5000000000,107.5942230225
2013-01-18,135.8800048828,107.8959732056
2013-01-22,136.5399932861,108.4200668335
2013-01-23,136.7400054932,108.5788650513
2013-01-24,136.8200073242,108.6423492432
2013-01-25,137.5800018311,109.2458572388
2013-01-28,137.4199981689,109.1187896729
2013-01-29,137.9799957275,109.5634765625
2013-01-30,137.4400024414,109.1346817017
2013-01-31,137.1199951172,108.8805847168
2013-02-01,138.4400024414,109.9287109375
2013-02-04,136.9199981689,108.7217636108
2013-02-05,138.3200073242,109.8334732056
2013-02-06,138.4400024414,109.9287109375
2013-02-07,138.2599945068,109.7858200073
2013-02-08,139.0200042725,110.3893127441
2013-02-11,138.9600067139,110.3416671753
2013-02-12,139.1799926758,110.5162887573
2013-02-13,139.3000030518,110.6116180420
2013-02-14,139.5000000000,110.7704467773
2013-02-15,139.3200073242,110.6275405884
2013-02-19,140.2799987793,111.3898315430
2013-02-20,138.5399932861,110.0081558228
2013-02-21,137.8800048828,109.4841003418
2013-02-22,139.0800018311,110.4369506836
2013-02-25,136.4600067139,108.3565292358
2013-02-26,137.3800048828,109.0870361328
2013-02-27,139.1000061035,110.4527969360
2013-02-28,138.9400024414,110.3257827759
2013-03-01,139.3000030518,110.6116180420
2013-03-04,140.0800018311,111.2310028076
2013-03-05,141.2799987793,112.1838455200
2013-03-06,141.5399932861,112.3903121948
2013-03-07,141.8000030518,112.5967864990
2013-03-08,142.3600006104,113.0414199829
2013-03-11,142.8800048828,113.4543304443
2013-03-12,142.5599975586,113.2002563477
2013-03-13,142.7599945068,113.3590545654
2013-03-14,143.5200042725,113.9625320435
2013-03-15,143.3200073242,113.8037261963
2013-03-18,142.5399932861,113.1843414307
2013-03-19,142.1999969482,112.9143676758
2013-03-20,143.1799926758,113.6925354004
2013-03-21,142.0200042725,112.7714233398
2013-03-22,142.3800048828,113.5932006836
2013-03-25,141.9799957275,113.2740631104
2013-03-26,143.0399932861,114.1197433472
2013-03-27,142.9600067139,114.0559616089
2013-03-28,143.2799987793,114.3112258911
2013-04-01,142.8800048828,113.9921112061
2013-04-02,143.5800018311,114.5505752563
2013-04-03,142.1399993896,113.4017181396
2013-04-04,142.6999969482,113.8485031128
2013-04-05,142.1399993896,113.4017181396
2013-04-08,143.0200042725,114.1038284302
2013-04-09,143.5399932861,114.5187149048
2013-04-10,145.3000030518,115.9228591919
2013-04-11,145.7799987793,116.3057937622
2013-04-12,145.4600067139,116.0504760742
2013-04-15,142.1399993896,113.4017181396
2013-04-16,144.1399993896,114.9973526001
2013-04-17,142.0200042725,113.3060073853
2013-04-18,140.8600006104,112.3805007935
2013-04-19,142.3600006104,113.5772476196
2013-04-22,143.0000000000,114.0877990723
2013-04-23,144.5200042725,115.3005294800
2013-04-24,144.5599975586,115.3324661255
2013-04-25,145.1999969482,115.8430709839
2013-04-26,144.8800048828,115.5877609253
2013-04-29,145.8200073242,116.3377380371
2013-04-30,146.2799987793,116.7046890259
2013-05-01,144.9600067139,115.6515960693
2013-05-02,146.2599945068,116.6887588501
2013-05-03,147.6399993896,117.7897415161
2013-05-06,148.1000061035,118.1567459106
2013-05-07,148.8600006104,118.7630157471
2013-05-08,149.6399993896,119.3853912354
2013-05-09,149.1999969482,119.0342941284
2013-05-10,149.7200012207,119.4492034912
2013-05-13,149.6999969482,119.4331893921
2013-05-14,151.2799987793,120.6937866211
2013-05-15,152.1399993896,121.3798980713
2013-05-16,151.4400024414,120.8214645386
2013-05-17,152.8800048828,121.9702758789
2013-05-20,152.8800048828,121.9702758789
2013-05-21,153.0800018311,122.1298217773
2013-05-22,152.0599975586,121.3160476685
2013-05-23,151.5200042725,120.8853073120
2013-05-24,151.3200073242,120.7256546021
2013-05-28,152.3999938965,121.5872955322
2013-05-29,151.2400054932,120.6619110107
2013-05-30,151.8999938965,121.1884155273
2013-05-31,149.6799926758,119.4172592163
2013-06-03,150.4600067139,120.0395736694
2013-06-04,150.0000000000,119.6726074219
2013-06-05,147.6999969482,117.8376388550
2013-06-06,148.8600006104,118.7630157471
2013-06-07,150.9400024414,120.4225540161
2013-06-10,150.8800048828,120.3746795654
2013-06-11,149.3399963379,119.1459808350
2013-06-12,148.1799926758,118.2205276489
2013-06-13,150.3200073242,119.9279022217
2013-06-14,149.3999938965,119.1938705444
2013-06-17,150.6000061035,120.1512908936
2013-06-18,151.7599945068,121.0767517090
2013-06-19,149.7400054932,119.4651107788
2013-06-20,145.9400024414,116.4334411621
2013-06-21,146.3999938965,116.8004684448
2013-06-24,143.8200073242,115.3234405518
2013-06-25,145.2599945068,116.4780502319
2013-06-26,146.6199951172,117.5686264038
2013-06-27,147.6000061035,118.3544311523
2013-06-28,146.6799926758,117.6166763306
2013-07-01,147.7799987793,118.4987792969
2013-07-02,147.5599975586,118.3223495483
2013-07-03,147.6999969482,118.4346466064
2013-07-05,149.3399963379,119.7496337891
2013-07-08,150.1199951172,120.3750991821
2013-07-09,151.2599945068,121.2892608643
2013-07-10,151.3000030518,121.3213424683
2013-07-11,153.4400024414,123.0373306274
2013-07-12,153.4799957275,123.0693817139
2013-07-15,154.0399932861,123.5184402466
2013-07-16,153.4600067139,123.0533523560
2013-07-17,153.8399963379,123.3580551147
2013-07-18,154.7200012207,124.0636672974
2013-07-19,155.0000000000,124.2882461548
2013-07-22,155.2799987793,124.5126724243
2013-07-23,154.9600067139,124.2561416626
2013-07-24,154.3800048828,123.7910308838
2013-07-25,154.6600036621,124.0155487061
2013-07-26,154.8600006104,124.1759567261
2013-07-29,154.3999938965,123.8071136475
2013-07-30,154.4199981689,123.8230972290
2013-07-31,154.4600067139,123.8552246094
2013-08-01,156.3399963379,125.3626708984
2013-08-02,156.5800018311,125.5551300049
2013-08-05,156.4799957275,125.4749908447
2013-08-06,155.5399932861,124.7212677002
2013-08-07,155.0000000000,124.2882461548
2013-08-08,155.5399932861,124.7212677002
2013-08-09,155.1000061035,124.3684158325
2013-08-12,154.8999938965,124.2080383301
2013-08-13,155.5000000000,124.6891479492
2013-08-14,154.6199951172,123.9834518433
2013-08-15,152.3600006104,122.1712951660
2013-08-16,151.9199981689,121.8184814453
2013-08-19,150.9600067139,121.0487213135
2013-08-20,151.5599975586,121.5298004150
2013-08-21,150.7799987793,120.9043273926
2013-08-22,152.1000061035,121.9627838135
2013-08-23,152.6000061035,122.3636703491
2013-08-26,152.1199951172,121.9788513184
2013-08-27,149.6199951172,119.9742202759
2013-08-28,150.1199951172,120.3750991821
2013-08-29,150.3600006104,120.5675735474
2013-08-30,149.6999969482,120.0383453369
2013-09-03,150.5800018311,120.7439498901
2013-09-04,151.8399963379,121.7542648315
2013-09-05,151.8000030518,121.7222900391
2013-09-06,152.0599975586,121.9307403564
2013-09-09,153.5599975586,123.1335144043
2013-09-10,154.7200012207,124.0636672974
2013-09-11,155.1999969482,124.4485321045
2013-09-12,154.8200073242,124.1438980103
2013-09-13,155.1399993896,124.4004211426
2013-09-16,156.0800018311,125.1541900635
2013-09-17,156.7200012207,125.6674041748
2013-09-18,158.6000061035,127.1749114990
2013-09-19,158.3399963379,126.9664077759
2013-09-20,157.1000061035,125.9720764160
2013-09-23,155.7400054932,125.5095291138
2013-09-24,155.3999938965,125.2355117798
2013-09-25,154.8999938965,124.8325881958
2013-09-26,155.5200042725,125.3322219849
2013-09-27,154.8600006104,124.8003005981
2013-09-30,154.0000000000,124.1072921753
2013-10-01,155.1799926758,125.0581970215
2013-10-02,154.9799957275,124.8970489502
2013-10-03,153.6000061035,123.7849426270
2013-10-04,154.7200012207,124.6874847412
2013-10-07,153.3999938965,123.6236953735
2013-10-08,151.6199951172,122.1892547607
2013-10-09,151.6199951172,122.1892547607
2013-10-10,155.0399932861,124.9453964233
2013-10-11,155.9600067139,125.6868209839
2013-10-14,156.6399993896,126.2348403931
2013-10-15,155.4799957275,125.2999725342
2013-10-16,157.6000061035,127.0085067749
2013-10-17,158.6799926758,127.8788223267
2013-10-18,159.7400054932,128.7330780029
2013-10-21,159.8200073242,128.7975006104
2013-10-22,160.6799926758,129.4906158447
2013-10-23,159.9400024414,128.8942871094
2013-10-24,160.4600067139,129.3133697510
2013-10-25,161.1999969482,129.9097137451
2013-10-28,161.3999938965,130.0708923340
2013-10-29,162.3899993896,130.8687286377
2013-10-30,161.4799957275,130.1353149414
2013-10-31,160.8800048828,129.6518096924
2013-11-01,161.3399963379,130.0225524902
2013-11-04,162.0700073242,130.6107940674
2013-11-05,161.5800018311,130.2159576416
2013-11-06,162.3300018311,130.8203582764
2013-11-07,160.2500000000,129.1441040039
2013-11-08,162.4499969482,130.9170684814
2013-11-11,162.4199981689,130.8928833008
2013-11-12,162.1300048828,130.6591796875
2013-11-13,163.3800048828,131.6665191650
2013-11-14,164.2899932861,132.3999023438
2013-11-15,165.0000000000,132.9720611572
2013-11-18,164.3899993896,132.4805297852
2013-11-19,164.0700073242,132.2225646973
2013-11-20,163.5500030518,131.8035125732
2013-11-21,164.8300018311,132.8350830078
2013-11-22,165.6699981689,133.5120239258
2013-11-25,165.5700073242,133.4314270020
2013-11-26,165.4900054932,133.3669738770
2013-11-27,165.9400024414,133.7295532227
2013-11-29,165.6999969482,133.5361938477
2013-12-02,165.4400024414,133.3266906738
2013-12-03,164.8000030518,132.8108825684
2013-12-04,164.6100006104,132.6578369141
2013-12-05,163.9799957275,132.1500854492
2013-12-06,165.8399963379,133.6490173340
2013-12-09,166.2200012207,133.9552307129
2013-12-10,165.6499938965,133.4958648682
2013-12-11,163.7700042725,131.9807586670
2013-12-12,163.2299957275,131.5456542969
2013-12-13,163.1799926758,131.5053710938
2013-12-16,164.2200012207,132.3434295654
2013-12-17,163.6399993896,131.8760528564
2013-12-18,166.4900054932,134.1728820801
2013-12-19,166.3399963379,134.0519714355
2013-12-20,167.1799926758,134.7289276123
2013-12-23,168.9499969482,136.1553497314
2013-12-24,167.6499938965,135.8425445557
2013-12-26,168.4299926758,136.4746093750
2013-12-27,168.4400024414,136.4827117920
2013-12-30,168.3699951172,136.4259948730
2013-12-31,169.1499938965,137.0579376221
2014-01-02,167.6300048828,135.8263397217
2014-01-03,167.4799957275,135.7048492432
2014-01-06,167.0599975586,135.3645324707
2014-01-07,168.1000061035,136.2071838379
2014-01-08,168.1699981689,136.2639465332
2014-01-09,168.2700042725,136.3449707031
2014-01-10,168.6600036621,136.6609039307
2014-01-13,166.5200042725,134.9269561768
2014-01-14,168.2500000000,136.3287048340
2014-01-15,169.1999969482,137.0985107422
2014-01-16,168.9400024414,136.8878173828
2014-01-17,168.2100067139,136.2964019775
2014-01-21,168.7400054932,136.7257385254
2014-01-22,168.8399963379,136.8067474365
2014-01-23,167.4799957275,135.7048492432
2014-01-24,163.8800048828,132.7878417969
2014-01-27,163.0800018311,132.1396026611
2014-01-28,164.0899963379,132.9580078125
2014-01-29,162.3800048828,131.5724334717
2014-01-30,164.1999969482,133.0470886230
2014-01-31,163.1799926758,132.2207031250
2014-02-03,159.6100006104,129.3280029297
2014-02-04,160.6900024414,130.2031097412
2014-02-05,160.4199981689,129.9842681885
2014-02-06,162.5700073242,131.7263946533
2014-02-07,164.6699981689,133.4279632568
2014-02-10,164.9299926758,133.6385955811
2014-02-11,166.7500000000,135.1133270264
2014-02-12,166.8999938965,135.2348937988
2014-02-13,167.7200012207,135.8993225098
2014-02-14,168.6100006104,136.6204681396
2014-02-18,168.8600006104,136.8230133057
2014-02-19,167.6999969482,135.8830871582
2014-02-20,168.6499938965,136.6528320312
2014-02-21,168.5700073242,136.5880126953
2014-02-24,169.3699951172,137.2362518311
2014-02-25,169.3099975586,137.1876678467
2014-02-26,169.3099975586,137.1876678467
2014-02-27,170.2500000000,137.9492645264
2014-02-28,170.6300048828,138.2571868896
2014-03-03,169.4600067139,137.3092193604
2014-03-04,171.8800048828,139.2700653076
2014-03-05,171.9100036621,139.2943725586
2014-03-06,172.4600067139,139.7399597168
2014-03-07,172.4199981689,139.7075347900
2014-03-10,172.4499969482,139.7319030762
2014-03-11,171.5000000000,138.9621582031
2014-03-12,171.6199951172,139.0593719482
2014-03-13,169.7200012207,137.5198822021
2014-03-14,169.2299957275,137.1228027344
2014-03-17,170.7500000000,138.3544158936
2014-03-18,171.9600067139,139.3348388672
2014-03-19,171.0200042725,138.5732116699
2014-03-20,171.9900054932,139.3592071533
2014-03-21,171.4199981689,138.8973693848
2014-03-24,169.9199981689,138.3104095459
2014-03-25,170.7500000000,138.9860229492
2014-03-26,169.4900054932,137.9604339600
2014-03-27,169.1499938965,137.6836547852
2014-03-28,169.8999938965,138.2941589355
2014-03-31,171.3500061035,139.4744262695
2014-04-01,172.5000000000,140.4105224609
2014-04-02,173.0899963379,140.8906860352
2014-04-03,172.8200073242,140.6709442139
2014-04-04,170.7400054932,138.9779052734
2014-04-07,168.8999938965,137.4801330566
2014-04-08,169.6000061035,138.0499877930
2014-04-09,171.4299926758,139.5395812988
2014-04-10,167.7700042725,136.5603790283
2014-04-11,166.2599945068,135.3312683105
2014-04-14,167.6000061035,136.4220275879
2014-04-15,168.7599945068,137.3662109375
2014-04-16,170.5399932861,138.8150634766
2014-04-17,170.7400054932,138.9779052734
2014-04-21,171.3699951172,139.4907073975
2014-04-22,172.1199951172,140.1011505127
2014-04-23,171.7100067139,139.7674865723
2014-04-24,172.0899963379,140.0767364502
2014-04-25,170.7100067139,138.9534606934
2014-04-28,171.2299957275,139.3767395020
2014-04-29,172.0500030518,140.0442199707
2014-04-30,172.5899963379,140.4836883545
2014-05-01,172.6000061035,140.4919281006
2014-05-02,172.3200073242,140.2639465332
2014-05-05,172.6799926758,140.5570068359
2014-05-06,171.1799926758,139.3360443115
2014-05-07,172.1900024414,140.1581726074
2014-05-08,171.9799957275,139.9872436523
2014-05-09,172.2799987793,140.2314147949
2014-05-12,173.9100036621,141.5582427979
2014-05-13,174.0700073242,141.6884460449
2014-05-14,173.2299957275,141.0046997070
2014-05-15,171.6699981689,139.7348632812
2014-05-16,172.3399963379,140.2801818848
2014-05-19,172.9299926758,140.7604980469
2014-05-20,171.7899932861,139.8325805664
2014-05-21,173.2799987793,141.0454101562
2014-05-22,173.7500000000,141.4279785156
2014-05-23,174.4700012207,142.0140228271
2014-05-27,175.5000000000,142.8524322510
2014-05-28,175.3200073242,142.7059020996
2014-05-29,176.3200073242,143.5198516846
2014-05-30,176.5500030518,143.7070922852
2014-06-02,176.7899932861,143.9024353027
2014-06-03,176.6799926758,143.8128814697
2014-06-04,177.0000000000,144.0733947754
2014-06-05,178.1999969482,145.0501556396
2014-06-06,179.0500030518,145.7420043945
2014-06-09,179.2299957275,145.8885192871
2014-06-10,179.2700042725,145.9210968018
2014-06-11,178.6900024414,145.4489593506
2014-06-12,177.3600006104,144.3664398193
2014-06-13,177.9199981689,144.8222045898
2014-06-16,178.0700073242,144.9443664551
2014-06-17,178.5399932861,145.3268890381
2014-06-18,179.8699951172,146.4095001221
2014-06-19,180.0899963379,146.5885772705
2014-06-20,180.4499969482,146.8815765381
2014-06-23,179.5599975586,146.8153228760
2014-06-24,178.5000000000,145.9486846924
2014-06-25,179.2599945068,146.5700531006
2014-06-26,179.1699981689,146.4964752197
2014-06-27,179.4799957275,146.7499847412
2014-06-30,179.4299926758,146.7090911865
2014-07-01,180.6900024414,147.7393035889
2014-07-02,180.8200073242,147.8456115723
2014-07-03,181.7299957275,148.5895996094
2014-07-07,181.1399993896,148.1071929932
2014-07-08,179.9700012207,147.1505737305
2014-07-09,180.7200012207,147.7638092041
2014-07-10,180.0299987793,147.1996002197
2014-07-11,180.2700042725,147.3958740234
2014-07-14,181.1600036621,148.1235809326
2014-07-15,180.8500061035,147.8701171875
2014-07-16,181.5399932861,148.4342803955
2014-07-17,179.4100036621,146.6926727295
2014-07-18,181.3000030518,148.2380371094
2014-07-21,180.9100036621,147.9191284180
2014-07-22,181.7200012207,148.5814056396
2014-07-23,182.1499938965,148.9330749512
2014-07-24,182.1499938965,148.9330749512
2014-07-25,181.2799987793,148.2216949463
2014-07-28,181.3600006104,148.2870788574
2014-07-29,180.5899963379,147.6575012207
2014-07-30,180.5899963379,147.6575012207
2014-07-31,176.9600067139,144.6895294189
2014-08-01,176.5299987793,144.3378906250
2014-08-04,177.7700042725,145.3517761230
2014-08-05,175.9700012207,143.8800506592
2014-08-06,176.0800018311,143.9699554443
2014-08-07,175.1300048828,143.1932220459
2014-08-08,177.1600036621,144.8530120850
2014-08-11,177.6600036621,145.2618255615
2014-08-12,177.4499969482,145.0900878906
2014-08-13,178.6999969482,146.1121520996
2014-08-14,179.4799957275,146.7499847412
2014-08-15,179.4299926758,146.7090911865
2014-08-18,180.9199981689,147.9273376465
2014-08-19,181.8800048828,148.7123107910
2014-08-20,182.3800048828,149.1210784912
2014-08-21,182.8999938965,149.5462646484
2014-08-22,182.6100006104,149.3091430664
2014-08-25,183.5599975586,150.0859069824
2014-08-26,183.7100067139,150.2085723877
2014-08-27,183.6799926758,150.1840209961
2014-08-28,183.5399932861,150.0695037842
2014-08-29,183.9900054932,150.4374694824
2014-09-02,183.9400024414,150.3966064453
2014-09-03,183.8600006104,150.3311920166
2014-09-04,183.5599975586,150.0859069824
2014-09-05,184.4400024414,150.8054351807
2014-09-08,183.9700012207,150.4211273193
2014-09-09,182.7799987793,149.4481811523
2014-09-10,183.5000000000,150.0368499756
2014-09-11,183.6699981689,150.1758117676
2014-09-12,182.5800018311,149.2846527100
2014-09-15,182.4600067139,149.1865386963
2014-09-16,183.8200073242,150.2985382080
2014-09-17,184.0800018311,150.5111083984
2014-09-18,185.0399932861,151.2959899902
2014-09-19,184.8600006104,151.1488800049
2014-09-22,182.5599975586,149.9789276123
2014-09-23,181.5299987793,149.1328277588
2014-09-24,182.9900054932,150.3322448730
2014-09-25,180.0500030518,147.9169464111
2014-09-26,181.5000000000,149.1082000732
2014-09-29,181.1399993896,148.8123779297
2014-09-30,180.5899963379,148.3605346680
2014-10-01,178.2200012207,146.4135742188
2014-10-02,178.2100067139,146.4053192139
2014-10-03,180.1999969482,148.0401763916
2014-10-06,179.9799957275,147.8594665527
2014-10-07,177.2200012207,145.5919799805
2014-10-08,180.3200073242,148.1388244629
2014-10-09,176.6799926758,145.1483917236
2014-10-10,174.6999969482,143.5216979980
2014-10-13,171.8300018311,141.1639099121
2014-10-14,172.1100006104,141.3939514160
2014-10-15,170.8300018311,140.3423767090
2014-10-16,170.7200012207,140.2520294189
2014-10-17,172.8300018311,141.9855041504
2014-10-20,174.5299987793,143.3820648193
2014-10-21,177.9199981689,146.1670074463
2014-10-22,176.7100067139,145.1730346680
2014-10-23,178.7400054932,146.8407592773
2014-10-24,180.0800018311,147.9415893555
2014-10-27,179.8500061035,147.7526397705
2014-10-28,181.9199981689,149.4531555176
2014-10-29,181.7100067139,149.2807006836
2014-10-30,182.8600006104,150.2254333496
2014-10-31,184.9299926758,151.9260406494
2014-11-03,185.0399932861,152.0163574219
2014-11-04,184.3800048828,151.4741973877
2014-11-05,185.5899963379,152.4682159424
2014-11-06,186.3399963379,153.0843658447
2014-11-07,186.5000000000,153.2158050537
2014-11-10,187.0599975586,153.6758880615
2014-11-11,187.2400054932,153.8237304688
2014-11-12,187.0899963379,153.7005004883
2014-11-13,187.2599945068,153.8401641846
2014-11-14,187.3300018311,153.8976745605
2014-11-17,187.4299926758,153.9798431396
2014-11-18,188.5099945068,154.8670501709
2014-11-19,188.1699981689,154.5878143311
2014-11-20,188.5099945068,154.8670501709
2014-11-21,189.5700073242,155.7379302979
2014-11-24,190.0599975586,156.1404418945
2014-11-25,190.0000000000,156.0911865234
2014-11-26,190.4400024414,156.4526977539
2014-11-28,190.0299987793,156.1158142090
2014-12-01,188.7299957275,155.0478210449
2014-12-02,189.9199981689,156.0254364014
2014-12-03,190.6499938965,156.6251678467
2014-12-04,190.4600067139,156.4691009521
2014-12-05,190.8000030518,156.7483673096
2014-12-08,189.5000000000,155.6804351807
2014-12-09,189.3500061035,155.5571746826
2014-12-10,186.3800048828,153.1172485352
2014-12-11,187.2500000000,153.8320007324
2014-12-12,184.2100067139,151.3345336914
2014-12-15,182.9299926758,150.2829742432
2014-12-16,181.5200042725,149.1246032715
2014-12-17,185.1799926758,152.1314239502
2014-12-18,188.5500030518,154.8999328613
2014-12-19,189.4199981689,155.6146545410
2014-12-22,190.2599945068,156.3048095703
2014-12-23,190.5500030518,156.5429840088
2014-12-24,190.5299987793,156.5265960693
2014-12-26,191.1499938965,157.0359649658
2014-12-29,191.4199981689,157.2577667236
2014-12-30,190.3800048828,156.4033508301
2014-12-31,188.3999938965,154.7767486572
2015-01-02,188.3999938965,154.7767486572
2015-01-05,185.0899963379,152.0574493408
2015-01-06,183.2700042725,150.5622711182
2015-01-07,185.5599975586,152.4436187744
2015-01-08,188.8200073242,155.1217803955
2015-01-09,187.2299957275,153.8155670166
2015-01-12,185.8399963379,152.6735992432
2015-01-13,185.3500061035,152.2711029053
2015-01-14,184.2599945068,151.3756103516
2015-01-15,182.5399932861,149.9625701904
2015-01-16,184.8000030518,151.8192291260
2015-01-20,185.2599945068,152.1971588135
2015-01-21,186.2299957275,152.9939727783
2015-01-22,189.0800018311,155.3353729248
2015-01-23,188.0399932861,154.4810028076
2015-01-26,188.4100036621,154.7849578857
2015-01-27,185.9400024414,152.7557525635
2015-01-28,183.4900054932,150.7429656982
2015-01-29,185.2700042725,152.2053527832
2015-01-30,182.9900054932,150.3322448730
2015-02-02,185.0899963379,152.0574493408
2015-02-03,187.7899932861,154.2755889893
2015-02-04,187.1499938965,153.7498016357
2015-02-05,189.0500030518,155.3107299805
2015-02-06,188.5200042725,154.8753509521
2015-02-09,187.6600036621,154.1687622070
2015-02-10,189.6600036621,155.8118591309
2015-02-11,189.7899932861,155.9187011719
2015-02-12,191.5500030518,157.3646240234
2015-02-13,192.3899993896,158.0547027588
2015-02-17,192.6999969482,158.3093109131
2015-02-18,192.7400054932,158.3422241211
2015-02-19,192.6100006104,158.2353973389
2015-02-20,193.7799987793,159.1965789795
2015-02-23,193.7299957275,159.1554870605
2015-02-24,194.3000030518,159.6237335205
2015-02-25,194.0899963379,159.4512939453
2015-02-26,193.8699951172,159.2705230713
2015-02-27,193.1999969482,158.7200622559
2015-03-02,194.4700012207,159.7634582520
2015-03-03,193.6399993896,159.0815734863
2015-03-04,192.8300018311,158.4161224365
2015-03-05,193.0399932861,158.5886535645
2015-03-06,190.3099975586,156.3458404541
2015-03-09,191.1199951172,157.0112762451
2015-03-10,187.9799957275,154.4316406250
2015-03-11,187.5399932861,154.0701904297
2015-03-12,189.9600067139,156.0583648682
2015-03-13,188.8000030518,155.1053161621
2015-03-16,191.3800048828,157.2248840332
2015-03-17,190.7299957275,156.6908874512
2015-03-18,193.0000000000,158.5558013916
2015-03-19,192.1100006104,157.8246002197
2015-03-20,193.8500061035,159.2541351318
2015-03-23,192.5200042725,158.9683532715
2015-03-24,191.3999938965,158.0435638428
2015-03-25,188.6100006104,155.7398071289
2015-03-26,188.1399993896,155.3517303467
2015-03-27,188.5299987793,155.6737823486
2015-03-30,190.8800048828,157.6141662598
2015-03-31,189.1999969482,156.2269134521
2015-04-01,188.5899963379,155.7232513428
2015-04-02,189.1499938965,156.1856689453
2015-04-06,190.4799957275,157.2839050293
2015-04-07,189.9700012207,156.8628082275
2015-04-08,190.6600036621,157.4324951172
2015-04-09,191.4900054932,158.1178588867
2015-04-10,192.5399932861,158.9849090576
2015-04-13,191.6699981689,158.2665100098
2015-04-14,192.0200042725,158.5555267334
2015-04-15,192.8999938965,159.2821655273
2015-04-16,192.8300018311,159.2243041992
2015-04-17,190.5899963379,157.3747711182
2015-04-20,192.3300018311,158.8115081787
2015-04-21,192.1399993896,158.6546020508
2015-04-22,193.0899963379,159.4390563965
2015-04-23,193.5899963379,159.8519287109
2015-04-24,193.9799957275,160.1739349365
2015-04-27,193.2100067139,159.5381622314
2015-04-28,193.8099975586,160.0335540771
2015-04-29,193.0200042725,159.3812103271
2015-04-30,191.1000061035,157.7958526611
2015-05-01,193.1000061035,159.4473419189
2015-05-04,193.6999969482,159.9427337646
2015-05-05,191.4400024414,158.0766296387
2015-05-06,190.6699981689,157.4407806396
2015-05-07,191.4400024414,158.0766296387
2015-05-08,193.9499969482,160.1491851807
2015-05-11,193.0200042725,159.3812103271
2015-05-12,192.4600067139,158.9188232422
2015-05-13,192.5200042725,158.9683532715
2015-05-14,194.5299987793,160.6280670166
2015-05-15,194.7299957275,160.7932281494
2015-05-18,195.3300018311,161.2887115479
2015-05-19,195.2299957275,161.2061157227
2015-05-20,195.1000061035,161.0987854004
2015-05-21,195.6900024414,161.5859222412
2015-05-22,195.2599945068,161.2308654785
2015-05-26,193.1600036621,159.4968414307
2015-05-27,194.9400024414,160.9666442871
2015-05-28,194.7599945068,160.8179779053
2015-05-29,193.4900054932,159.7693176270
2015-06-01,193.9400024414,160.1408996582
2015-06-02,193.7400054932,159.9757690430
2015-06-03,194.2700042725,160.4134368896
2015-06-04,192.6900024414,159.1087799072
2015-06-05,192.3000030518,158.7867126465
2015-06-08,191.1100006104,157.8041534424
2015-06-09,191.0599975586,157.7628173828
2015-06-10,193.3300018311,159.6371765137
2015-06-11,193.9299926758,160.1326141357
2015-06-12,192.5099945068,158.9601440430
2015-06-15,191.6199951172,158.2252197266
2015-06-16,192.7400054932,159.1500854492
2015-06-17,193.0700073242,159.4225616455
2015-06-18,194.9799957275,160.9996490479
2015-06-19,193.8500061035,160.0666351318
2015-06-22,194.2700042725,161.1633300781
2015-06-23,194.4100036621,161.2794647217
2015-06-24,193.0200042725,160.1262969971
2015-06-25,192.4199981689,159.6285400391
2015-06-26,192.4199981689,159.6285400391
2015-06-29,188.3500061035,156.2521514893
2015-06-30,188.8399963379,156.6586608887
2015-07-01,190.2700042725,157.8450012207
2015-07-02,190.1300048828,157.7288665771
2015-07-06,189.5800018311,157.2725677490
2015-07-07,190.7500000000,158.2431640625
2015-07-08,187.5099945068,155.5553131104
2015-07-09,187.8500061035,155.8373870850
2015-07-10,190.2400054932,157.8200988770
2015-07-13,192.3699951172,159.5871429443
2015-07-14,193.2200012207,160.2922668457
2015-07-15,193.1399993896,160.2258453369
2015-07-16,194.6199951172,161.4536590576
2015-07-17,194.8500061035,161.6444549561
2015-07-20,194.9400024414,161.7191619873
2015-07-21,194.1699981689,161.0803375244
2015-07-22,193.7899932861,160.7651062012
2015-07-23,192.6799926758,159.8442535400
2015-07-24,190.6699981689,158.1768035889
2015-07-27,189.5899963379,157.2808837891
2015-07-28,191.8899993896,159.1888885498
2015-07-29,193.2500000000,160.3171081543
2015-07-30,193.2799987793,160.3419952393
2015-07-31,192.9499969482,160.0682678223
2015-08-03,192.3500061035,159.5705566406
2015-08-04,191.9700012207,159.2552642822
2015-08-05,192.6399993896,159.8111267090
2015-08-06,191.1699981689,158.5916595459
2015-08-07,190.6699981689,158.1768035889
2015-08-10,193.0899963379,160.1844329834
2015-08-11,191.3200073242,158.7160339355
2015-08-12,191.4900054932,158.8570556641
2015-08-13,191.2799987793,158.6828613281
2015-08-14,192.0200042725,159.2967224121
2015-08-17,193.0899963379,160.1844329834
2015-08-18,192.5000000000,159.6949462891
2015-08-19,190.9799957275,158.4339447021
2015-08-20,186.9700012207,155.1073303223
2015-08-21,181.0399932861,150.1879272461
2015-08-24,173.6600036621,144.0655975342
2015-08-25,171.5500030518,142.3151550293
2015-08-26,178.3600006104,147.9646301270
2015-08-27,182.7200012207,151.5816345215
2015-08-28,182.7200012207,151.5816345215
2015-08-31,181.1100006104,150.2460021973
2015-09-01,175.5800018311,145.6583557129
2015-09-02,179.1199951172,148.5951080322
2015-09-03,179.2700042725,148.7196044922
2015-09-04,176.4900054932,146.4133453369
2015-09-08,181.0099945068,150.1629943848
2015-09-09,178.5700073242,148.1388854980
2015-09-10,179.5700073242,148.9684448242
2015-09-11,180.3200073242,149.5906829834
2015-09-14,179.6399993896,149.0264739990
2015-09-15,181.9799957275,150.9677124023
2015-09-16,183.5700073242,152.2867736816
2015-09-17,183.0899963379,151.8885650635
2015-09-18,180.1300048828,149.4329986572
2015-09-21,180.1000061035,150.2028198242
2015-09-22,177.7500000000,148.2428894043
2015-09-23,177.4299926758,147.9759979248
2015-09-24,176.8800048828,147.5173339844
2015-09-25,176.7599945068,147.4172515869
2015-09-28,172.3099975586,143.7059478760
2015-09-29,172.3999938965,143.7810363770
2015-09-30,175.7100067139,146.5415039062
2015-10-01,176.1999969482,146.9501953125
2015-10-02,178.7500000000,149.0768432617
2015-10-05,181.9600067139,151.7540588379
2015-10-06,181.3500061035,151.2452697754
2015-10-07,182.8699951172,152.5129089355
2015-10-08,184.4799957275,153.8557128906
2015-10-09,184.5800018311,153.9390716553
2015-10-12,184.8000030518,154.1225585938
2015-10-13,183.5700073242,153.0967559814
2015-10-14,182.7100067139,152.3795013428
2015-10-15,185.4499969482,154.6646118164
2015-10-16,186.1999969482,155.2901611328
2015-10-19,186.4199981689,155.4735717773
2015-10-20,186.1799926758,155.2734069824
2015-10-21,184.9700012207,154.2643280029
2015-10-22,188.1699981689,156.9331359863
2015-10-23,190.2200012207,158.6428070068
2015-10-26,189.7700042725,158.2675323486
2015-10-27,189.3999938965,157.9589233398
2015-10-28,191.6000061035,159.7937316895
2015-10-29,191.5299987793,159.7353515625
2015-10-30,190.5599975586,158.9263458252
2015-11-02,192.8200073242,160.8112335205
2015-11-03,193.4299926758,161.3199157715
2015-11-04,192.8800048828,160.8612213135
2015-11-05,192.6399993896,160.6611328125
2015-11-06,192.5599975586,160.5943756104
2015-11-09,190.7599945068,159.0931396484
2015-11-10,191.1199951172,159.3933715820
2015-11-11,190.3899993896,158.7845916748
2015-11-12,187.8399963379,156.6578826904
2015-11-13,185.6699981689,154.8481292725
2015-11-16,188.5200042725,157.2250518799
2015-11-17,188.2899932861,157.0332031250
2015-11-18,191.3200073242,159.5602416992
2015-11-19,191.2200012207,159.4768371582
2015-11-20,191.9299926758,160.0689239502
2015-11-23,191.7100067139,159.8854980469
2015-11-24,192.0200042725,160.1439971924
2015-11-25,191.9600067139,160.0940246582
2015-11-27,192.1499938965,160.2523956299
2015-11-30,191.3699951172,159.6019439697
2015-12-01,193.2200012207,161.1448059082
2015-12-02,191.1799926758,159.4434204102
2015-12-03,188.4600067139,157.1750183105
2015-12-04,192.1600036621,160.2607574463
2015-12-07,190.9499969482,159.2515869141
2015-12-08,189.7299957275,158.2341156006
2015-12-09,188.3099975586,157.0498657227
2015-12-10,188.7400054932,157.4085235596
2015-12-11,184.9799957275,154.2726440430
2015-12-14,186.0899963379,155.1983795166
2015-12-15,188.0299987793,156.8163909912
2015-12-16,190.6699981689,159.0180816650
2015-12-17,187.8899993896,156.6996002197
2015-12-18,184.3999938965,153.7889556885
2015-12-21,184.9299926758,155.1497497559
2015-12-22,186.6000061035,156.5508422852
2015-12-23,188.8399963379,158.4300689697
2015-12-24,188.5099945068,158.1532592773
2015-12-28,188.1000061035,157.8092803955
2015-12-29,190.1999969482,159.5710601807
2015-12-30,188.8000030518,158.3965301514
2015-12-31,186.9299926758,156.8276824951
2016-01-04,184.3099975586,154.6296234131
2016-01-05,184.6399993896,154.9064331055
2016-01-06,182.3000030518,152.9433135986
2016-01-07,177.8600006104,149.2182769775
2016-01-08,175.9700012207,147.6326141357
2016-01-11,175.9900054932,147.6493988037
2016-01-12,177.4499969482,148.8743286133
2016-01-13,173.1100006104,145.2332458496
2016-01-14,175.9199981689,147.5906829834
2016-01-15,172.1499938965,144.4278106689
2016-01-19,172.3399963379,144.5871734619
2016-01-20,170.3200073242,142.8925170898
2016-01-21,171.1499938965,143.5888824463
2016-01-22,174.6600036621,146.5335693359
2016-01-25,172.0700073242,144.3606719971
2016-01-26,174.3999938965,146.3154602051
2016-01-27,172.4199981689,144.6543121338
2016-01-28,173.3600006104,145.4429016113
2016-01-29,177.7500000000,149.1260223389
2016-02-01,177.5899963379,148.9917144775
2016-02-02,174.3699951172,146.2902832031
2016-02-03,175.3899993896,147.1460723877
2016-02-04,175.6100006104,147.3305511475
2016-02-05,172.3099975586,144.5619812012
2016-02-08,169.9400024414,142.5736236572
2016-02-09,169.9900054932,142.6156463623
2016-02-10,169.8800048828,142.5233459473
2016-02-11,167.6999969482,140.6943664551
2016-02-12,171.1399993896,143.5804748535
2016-02-16,174.0099945068,145.9882659912
2016-02-17,176.8600006104,148.3793487549
2016-02-18,176.1100006104,147.7500762939
2016-02-19,176.0700073242,147.7165527344
2016-02-22,178.5899963379,149.8307189941
2016-02-23,176.3500061035,147.9514160156
2016-02-24,177.1799926758,148.6477661133
2016-02-25,179.3099975586,150.4347534180
2016-02-26,178.9799957275,150.1579437256
2016-02-29,177.3800048828,148.8155822754
2016-03-01,181.7500000000,152.4818725586
2016-03-02,182.5200042725,153.1278686523
2016-03-03,183.1900024414,153.6899414062
2016-03-04,183.7799987793,154.1849365234
2016-03-07,183.9799957275,154.3527069092
2016-03-08,181.9100036621,152.6160583496
2016-03-09,182.9100036621,153.4550323486
2016-03-10,183.0099945068,153.5389251709
2016-03-11,185.9799957275,156.0306549072
2016-03-14,185.6999969482,155.7957611084
2016-03-15,185.4600067139,155.5943908691
2016-03-16,186.5700073242,156.5256347656
2016-03-17,187.7500000000,157.5156555176
2016-03-18,188.4499969482,158.1028747559
2016-03-21,187.7299957275,158.3441009521
2016-03-22,187.6300048828,158.2597961426
2016-03-23,186.4299926758,157.2476196289
2016-03-24,186.3000030518,157.1380004883
2016-03-28,186.4299926758,157.2476196289
2016-03-29,188.2200012207,158.7574310303
2016-03-30,189.0099945068,159.4237823486
2016-03-31,188.5599975586,159.0442047119
2016-04-01,189.7700042725,160.0648040771
2016-04-04,189.1699981689,159.5587463379
2016-04-05,187.2500000000,157.9393310547
2016-04-06,189.2899932861,159.6599578857
2016-04-07,187.0599975586,157.7790374756
2016-04-08,187.5700073242,158.2092285156
2016-04-11,187.0800018311,157.7958831787
2016-04-12,188.8999938965,159.3310089111
2016-04-13,190.7899932861,160.9251556396
2016-04-14,190.7700042725,160.9082183838
2016-04-15,190.5599975586,160.7311248779
2016-04-18,191.9400024414,161.8951110840
2016-04-19,192.5200042725,162.3843383789
2016-04-20,192.6799926758,162.5192871094
2016-04-21,191.6100006104,161.6167602539
2016-04-22,191.6600036621,161.6589813232
2016-04-25,191.3500061035,161.3975219727
2016-04-26,191.6300048828,161.6337127686
2016-04-27,192.0299987793,161.9710235596
2016-04-28,190.3000030518,160.5118560791
2016-04-29,189.2200012207,159.6009063721
2016-05-02,190.7299957275,160.8745422363
2016-05-03,189.1000061035,159.4997253418
2016-05-04,187.9900054932,158.5634460449
2016-05-05,187.9700012207,158.5465698242
2016-05-06,188.6499938965,159.1201477051
2016-05-09,188.8500061035,159.2888336182
2016-05-10,191.1900024414,161.2625274658
2016-05-11,189.3999938965,159.7527313232
2016-05-12,189.5099945068,159.8455047607
2016-05-13,187.7599945068,158.3694915771
2016-05-16,189.6300048828,159.9467163086
2016-05-17,187.9600067139,158.5381469727
2016-05-18,187.9299926758,158.5127868652
2016-05-19,187.3200073242,157.9983520508
2016-05-20,188.4900054932,158.9851379395
2016-05-23,188.2400054932,158.7742767334
2016-05-24,190.6300048828,160.7901916504
2016-05-25,191.9299926758,161.8866729736
2016-05-26,192.0200042725,161.9626312256
2016-05-27,192.7700042725,162.5952606201
2016-05-31,192.5399932861,162.4012451172
2016-06-01,192.8999938965,162.7048645020
2016-06-02,193.4799957275,163.1941070557
2016-06-03,192.9199981689,162.7217864990
2016-06-06,193.8500061035,163.5061492920
2016-06-07,194.1999969482,163.8013458252
2016-06-08,194.8399963379,164.3412017822
2016-06-09,194.5399932861,164.0882110596
2016-06-10,192.6699981689,162.5108947754
2016-06-13,191.2200012207,161.2878417969
2016-06-14,190.8000030518,160.9335784912
2016-06-15,190.5200042725,160.6974182129
2016-06-16,191.1399993896,161.2203979492
2016-06-17,190.4299926758,160.6214599609
2016-06-20,191.6499938965,161.6505737305
2016-06-21,191.2400054932,162.1108398438
2016-06-22,190.9199981689,161.8395843506
2016-06-23,193.3899993896,163.9333343506
2016-06-24,186.3399963379,157.9571990967
2016-06-27,183.0500030518,155.1683197021
2016-06-28,186.4299926758,158.0334777832
2016-06-29,189.6399993896,160.7545318604
2016-06-30,192.1999969482,162.9245758057
2016-07-01,192.6000061035,163.2637023926
2016-07-05,191.2500000000,162.1193237305
2016-07-06,192.3800048828,163.0771942139
2016-07-07,192.2500000000,162.9670257568
2016-07-08,195.1699981689,165.4422302246
2016-07-11,195.8500061035,166.0186157227
2016-07-12,197.2299957275,167.1884460449
2016-07-13,197.1600036621,167.1291198730
2016-07-14,198.3099975586,168.1039886475
2016-07-15,198.0099945068,167.8496093750
2016-07-18,198.5800018311,168.3328399658
2016-07-19,198.3600006104,168.1463775635
2016-07-20,199.1600036621,168.8244781494
2016-07-21,198.4100036621,168.1887359619
2016-07-22,199.3300018311,168.9685821533
2016-07-25,198.8500061035,168.5616760254
2016-07-26,198.8399963379,168.5532073975
2016-07-27,198.7100067139,168.4430389404
2016-07-28,198.9299926758,168.6295013428
2016-07-29,199.2799987793,168.9261779785
2016-08-01,199.0500030518,168.7312316895
2016-08-02,197.8099975586,167.6800689697
2016-08-03,198.3800048828,168.1632843018
2016-08-04,198.5700073242,168.3243560791
2016-08-05,200.1699981689,169.6806030273
2016-08-08,200.0700073242,169.5958557129
2016-08-09,200.1999969482,169.7060089111
2016-08-10,199.6900024414,169.2737274170
2016-08-11,200.6699981689,170.1044616699
2016-08-12,200.4700012207,169.9349060059
2016-08-15,201.0500030518,170.4266052246
2016-08-16,200.0099945068,169.5449676514
2016-08-17,200.3399963379,169.8247222900
2016-08-18,200.8200073242,170.2316741943
2016-08-19,200.5399932861,169.9942779541
2016-08-22,200.5200042725,169.9773254395
2016-08-23,200.8899993896,170.2909851074
2016-08-24,199.9199981689,169.4687042236
2016-08-25,199.7599945068,169.3330688477
2016-08-26,199.3800048828,169.0109710693
2016-08-29,200.3899993896,169.8671264648
2016-08-30,200.0099945068,169.5449676514
2016-08-31,199.5200042725,169.1296539307
2016-09-01,199.4799957275,169.0956878662
2016-09-02,200.3699951172,169.8501281738
2016-09-06,201.0000000000,170.3842468262
2016-09-07,200.9900054932,170.3757781982
2016-09-08,200.5200042725,169.9773254395
2016-09-09,195.6799926758,165.8745574951
2016-09-12,198.4799957275,168.2480316162
2016-09-13,194.7799987793,165.8494720459
2016-09-14,194.6600036621,165.7472686768
2016-09-15,196.6600036621,167.4501953125
2016-09-16,195.8899993896,166.7946166992
2016-09-19,195.9499969482,166.8456878662
2016-09-20,195.9700012207,166.8627319336
2016-09-21,198.1699981689,168.7359008789
2016-09-22,199.3600006104,169.7491912842
2016-09-23,198.2899932861,168.8381195068
2016-09-26,196.7100067139,167.4927368164
2016-09-27,197.9100036621,168.5145874023
2016-09-28,198.9799957275,169.4256439209
2016-09-29,197.1100006104,167.8334045410
2016-09-30,198.6900024414,169.1787109375
2016-10-03,198.0599975586,168.6423187256
2016-10-04,197.1399993896,167.8589324951
2016-10-05,197.9600067139,168.5571441650
2016-10-06,198.1900024414,168.7529754639
2016-10-07,197.4600067139,168.1313781738
2016-10-10,198.3699951172,168.9062347412
2016-10-11,195.9600067139,166.8542022705
2016-10-12,196.2100067139,167.0670471191
2016-10-13,195.5800018311,166.5306549072
2016-10-14,195.6300048828,166.5732727051
2016-10-17,195.0500030518,166.0793457031
2016-10-18,196.1999969482,167.0585784912
2016-10-19,196.7400054932,167.5183258057
2016-10-20,196.4199981689,167.2458496094
2016-10-21,196.4700012207,167.2884216309
2016-10-24,197.2700042725,167.9695892334
2016-10-25,196.7100067139,167.4927368164
2016-10-26,196.2700042725,167.1181030273
2016-10-27,195.7500000000,166.6753845215
2016-10-28,195.1300048828,166.1474304199
2016-10-31,195.1300048828,166.1474304199
2016-11-01,193.7700042725,164.9894561768
2016-11-02,192.4900054932,163.8996124268
2016-11-03,191.7400054932,163.2609863281
2016-11-04,191.4799957275,163.0396270752
2016-11-07,195.6799926758,166.6157531738
2016-11-08,196.5800018311,167.3821105957
2016-11-09,198.6799926758,169.1702270508
2016-11-10,199.1399993896,169.5618438721
2016-11-11,198.7700042725,169.2468261719
2016-11-14,198.8000030518,169.2723999023
2016-11-15,200.4100036621,170.6432647705
2016-11-16,200.0700073242,170.3537445068
2016-11-17,201.0200042725,171.1627044678
2016-11-18,200.6600036621,170.8561096191
2016-11-21,202.1399993896,172.1162567139
2016-11-22,202.5099945068,172.4313354492
2016-11-23,202.6900024414,172.5845947266
2016-11-25,203.5000000000,173.2742919922
2016-11-28,202.5399932861,172.4568939209
2016-11-29,202.8600006104,172.7294006348
2016-11-30,202.3999938965,172.3376159668
2016-12-01,201.6100006104,171.6650085449
2016-12-02,201.7500000000,171.7842102051
2016-12-05,202.9100036621,172.7719268799
2016-12-06,203.6199951172,173.3764495850
2016-12-07,206.1999969482,175.5732421875
2016-12-08,206.7400054932,176.0330352783
2016-12-09,208.0000000000,177.1058959961
2016-12-12,207.7700042725,176.9100646973
2016-12-13,209.1900024414,178.1191101074
2016-12-14,207.4600067139,176.6461334229
2016-12-15,208.2299957275,177.3017272949
2016-12-16,207.8699951172,176.9951934814
2016-12-19,208.3399963379,177.3954162598
2016-12-20,209.1399993896,178.0765686035
2016-12-21,208.5700073242,177.5912780762
2016-12-22,207.0099945068,177.3649902344
2016-12-23,207.1900024414,177.5192718506
2016-12-27,207.6999969482,177.9562530518
2016-12-28,206.0599975586,176.5510864258
2016-12-29,206.0200042725,176.5167541504
2016-12-30,205.3099975586,175.9085083008
2017-01-03,206.7400054932,177.1337280273
2017-01-04,207.9600067139,178.1790008545
2017-01-05,207.8000030518,178.0419311523
2017-01-06,208.6100006104,178.7359161377
2017-01-09,207.9499969482,178.1704101562
2017-01-10,207.9199981689,178.1447296143
2017-01-11,208.5099945068,178.6502532959
2017-01-12,208.0500030518,178.2560882568
2017-01-13,208.4600067139,178.6073913574
2017-01-17,207.7200012207,177.9733428955
2017-01-18,208.1600036621,178.3503417969
2017-01-19,207.4600067139,177.7506103516
2017-01-20,208.1300048828,178.3246765137
2017-01-23,207.6499938965,177.9133911133
2017-01-24,208.9700012207,179.0443572998
2017-01-25,210.7100067139,180.5351867676
2017-01-26,210.5500030518,180.3980865479
2017-01-27,210.2500000000,180.1410522461
2017-01-30,208.9799957275,179.0529022217
2017-01-31,208.9700012207,179.0443572998
2017-02-01,209.0000000000,179.0700683594
2017-02-02,209.0899963379,179.1471862793
2017-02-03,210.6399993896,180.4752044678
2017-02-06,210.1999969482,180.0982360840
2017-02-07,210.2500000000,180.1410522461
2017-02-08,210.5200042725,180.3723907471
2017-02-09,211.7200012207,181.4005737305
2017-02-10,212.5700073242,182.1288146973
2017-02-13,213.6999969482,183.0969848633
2017-02-14,214.5899963379,183.8595733643
2017-02-15,215.6799926758,184.7934417725
2017-02-16,215.5099945068,184.6477966309
2017-02-17,215.8399963379,184.9305419922
2017-02-21,217.1100006104,186.0186614990
2017-02-22,217.0099945068,185.9329681396
2017-02-23,217.1300048828,186.0358123779
2017-02-24,217.3899993896,186.2585449219
2017-02-27,217.7100067139,186.5327911377
2017-02-28,217.0700073242,185.9843902588
2017-03-01,220.1499938965,188.6233062744
2017-03-02,218.8600006104,187.5180816650
2017-03-03,218.9799957275,187.6208801270
2017-03-06,218.3000030518,187.0382690430
2017-03-07,217.6399993896,186.4727478027
2017-03-08,217.1799926758,186.0786132812
2017-03-09,217.4100036621,186.2757415771
2017-03-10,218.1699981689,186.9268493652
2017-03-13,218.3000030518,187.0382690430
2017-03-14,217.5599975586,186.4042053223
2017-03-15,219.3699951172,187.9550476074
2017-03-16,219.0000000000,187.6380767822
2017-03-17,218.5599975586,187.2610473633
2017-03-20,218.3699951172,187.0982055664
2017-03-21,215.5800018311,184.7077789307
2017-03-22,215.0200042725,185.0848083496
2017-03-23,214.8000030518,184.8954467773
2017-03-24,214.7299957275,184.8352050781
2017-03-27,214.3800048828,184.5339508057
2017-03-28,215.9700012207,185.9025268555
2017-03-29,216.2899932861,186.1779785156
2017-03-30,216.8699951172,186.6772003174
2017-03-31,216.3500061035,186.2296295166
2017-04-03,216.0800018311,185.9972686768
2017-04-04,216.1999969482,186.1005554199
2017-04-05,215.5399932861,185.5323791504
2017-04-06,216.1000061035,186.0144653320
2017-04-07,215.9100036621,185.8508758545
2017-04-10,216.0599975586,185.9800262451
2017-04-11,215.7899932861,185.7476348877
2017-04-12,214.8999938965,184.9814910889
2017-04-13,213.4700012207,183.7505798340
2017-04-17,215.3399963379,185.3602294922
2017-04-18,214.7500000000,184.8524017334
2017-04-19,214.2799987793,184.4478149414
2017-04-20,216.0299987793,185.9541473389
2017-04-21,215.3999938965,185.4118957520
2017-04-24,217.6999969482,187.3916931152
2017-04-25,219.0099945068,188.5193023682
2017-04-26,218.8500061035,188.3815917969
2017-04-27,219.0200042725,188.5278778076
2017-04-28,218.6000061035,188.1663665771
2017-05-01,219.1300048828,188.6225891113
2017-05-02,219.1999969482,188.6828765869
2017-05-03,218.9799957275,188.4934844971
2017-05-04,219.1799926758,188.6656494141
2017-05-05,220.0599975586,189.4231262207
2017-05-08,220.0700073242,189.4317626953
2017-05-09,219.7899932861,189.1907196045
2017-05-10,220.1999969482,189.5436096191
2017-05-11,219.7500000000,189.1562347412
2017-05-12,219.4100036621,188.8636474609
2017-05-15,220.5200042725,189.8191070557
2017-05-16,220.4799957275,189.7846679688
2017-05-17,216.5700073242,186.4190521240
2017-05-18,217.3600006104,187.0990295410
2017-05-19,218.7100067139,188.2610626221
2017-05-22,219.9299926758,189.3111877441
2017-05-23,220.3600006104,189.6813812256
2017-05-24,220.8899993896,190.1375427246
2017-05-25,221.9199981689,191.0241699219
2017-05-26,221.9299926758,191.0327911377
2017-05-30,221.7200012207,190.8520355225
2017-05-31,221.6699981689,190.8089752197
2017-06-01,223.3999938965,192.2980499268
2017-06-02,224.1000061035,192.9006500244
2017-06-05,223.9499969482,192.7714996338
2017-06-06,223.3099975586,192.2206268311
2017-06-07,223.6799926758,192.5391540527
2017-06-08,223.7599945068,192.6079711914
2017-06-09,223.5000000000,192.3841857910
2017-06-12,223.4100036621,192.3067474365
2017-06-13,224.5000000000,193.2450561523
2017-06-14,224.2599945068,193.0384063721
2017-06-15,223.8099975586,192.6510467529
2017-06-16,223.8699951172,192.7026977539
2017-06-19,225.6999969482,194.2779083252
2017-06-20,224.2200012207,193.0039825439
2017-06-21,224.1300048828,192.9264831543
2017-06-22,224.0000000000,192.8146209717
2017-06-23,223.3699951172,193.1431732178
2017-06-26,223.4400024414,193.2037353516
2017-06-27,221.6600036621,191.6645965576
2017-06-28,223.6199951172,193.3593597412
2017-06-29,221.6900024414,191.6905364990
2017-06-30,222.0599975586,192.0104217529
2017-07-03,222.5500030518,192.4341583252
2017-07-05,222.9400024414,192.7713165283
2017-07-06,220.9400024414,191.0420379639
2017-07-07,222.3399963379,192.2524871826
2017-07-10,222.5700073242,192.4514312744
2017-07-11,222.3999938965,192.3043823242
2017-07-12,224.0700073242,193.7484893799
2017-07-13,224.4499969482,194.0770263672
2017-07-14,225.4700012207,194.9590301514
2017-07-17,225.5000000000,194.9849243164
2017-07-18,225.6699981689,195.1319122314
2017-07-19,226.8600006104,196.1608581543
2017-07-20,226.9299926758,196.2214050293
2017-07-21,226.7700042725,196.0830535889
2017-07-24,226.6900024414,196.0139160156
2017-07-25,227.2299957275,196.4808349609
2017-07-26,227.3000030518,196.5413665771
2017-07-27,227.0299987793,196.3079071045
2017-07-28,226.7700042725,196.0830535889
2017-07-31,226.6399993896,195.9706726074
2017-08-01,227.1499938965,196.4116821289
2017-08-02,227.2799987793,196.5240936279
2017-08-03,226.8800048828,196.1781921387
2017-08-04,227.2599945068,196.5067443848
2017-08-07,227.6300048828,196.8266754150
2017-08-08,227.1799926758,196.4376373291
2017-08-09,227.0500030518,196.3251953125
2017-08-10,223.9299926758,193.6273651123
2017-08-11,224.2299957275,193.8868255615
2017-08-14,226.4299926758,195.7890777588
2017-08-15,226.4499969482,195.8063507080
2017-08-16,226.8099975586,196.1176452637
2017-08-17,223.2799987793,193.0653228760
2017-08-18,222.8699951172,192.7108154297
2017-08-21,223.1399993896,192.9443206787
2017-08-22,225.3999938965,194.8984527588
2017-08-23,224.6300048828,194.2326965332
2017-08-24,224.1100006104,193.7830657959
2017-08-25,224.6000061035,194.2067260742
2017-08-28,224.6799926758,194.2758789062
2017-08-29,224.8500061035,194.4228820801
2017-08-30,225.9700012207,195.3913421631
2017-08-31,227.3000030518,196.5413665771
2017-09-01,227.6900024414,196.8785552979
2017-09-05,226.0099945068,195.4258575439
2017-09-06,226.8000030518,196.1090393066
2017-09-07,226.7500000000,196.0657653809
2017-09-08,226.3999938965,195.7631378174
2017-09-11,228.8699951172,197.8988952637
2017-09-12,229.7100067139,198.6252441406
2017-09-13,229.8500061035,198.7462463379
2017-09-14,229.7700042725,198.6771240234
2017-09-15,230.0899963379,198.9537811279
2017-09-18,230.4900054932,199.2996520996
2017-09-19,230.7700042725,199.5418090820
2017-09-20,229.7200012207,199.6513061523
2017-09-21,229.0700073242,199.0863952637
2017-09-22,229.0399932861,199.0602722168
2017-09-25,228.6999969482,198.7647857666
2017-09-26,228.7799987793,198.8343200684
2017-09-27,229.6699981689,199.6078186035
2017-09-28,229.9400024414,199.8424987793
2017-09-29,230.7599945068,200.5551757812
2017-10-02,231.7299957275,201.3981628418
2017-10-03,232.1999969482,201.8066558838
2017-10-04,232.5200042725,202.0847930908
2017-10-05,233.8999938965,203.2841491699
2017-10-06,233.6799926758,203.0929718018
2017-10-09,233.2700042725,202.7366180420
2017-10-10,233.8600006104,203.2494049072
2017-10-11,234.2400054932,203.5796813965
2017-10-12,233.8800048828,203.2667999268
2017-10-13,234.1399993896,203.4927368164
2017-10-16,234.5099945068,203.8143310547
2017-10-17,234.6600036621,203.9446563721
2017-10-18,234.8699951172,204.1271820068
2017-10-19,234.9900054932,204.2315063477
2017-10-20,236.1600036621,205.2483215332
2017-10-23,235.3000030518,204.5009002686
2017-10-24,235.6300048828,204.7877349854
2017-10-25,234.5000000000,203.8056182861
2017-10-26,234.7200012207,203.9968261719
2017-10-27,236.7200012207,205.7350311279
2017-10-30,235.8600006104,204.9875946045
2017-10-31,236.1300048828,205.2222900391
2017-11-01,236.5399932861,205.5785675049
2017-11-02,236.6399993896,205.6655273438
2017-11-03,237.4299926758,206.3520812988
2017-11-06,237.7899932861,206.6649932861
2017-11-07,237.6900024414,206.5780639648
2017-11-08,238.0399932861,206.8822784424
2017-11-09,237.1799926758,206.1347808838
2017-11-10,237.0399932861,206.0130920410
2017-11-13,237.3200073242,206.2565155029
2017-11-14,236.7400054932,205.7523956299
2017-11-15,235.5299987793,204.7008209229
2017-11-16,237.5399932861,206.4477386475
2017-11-17,236.8999938965,205.8915100098
2017-11-20,237.2100067139,206.1609344482
2017-11-21,238.7899932861,207.5340728760
2017-11-22,238.6199951172,207.3863067627
2017-11-24,239.1199951172,207.8208923340
2017-11-27,239.0500030518,207.7601013184
2017-11-28,241.4199981689,209.8198242188
2017-11-29,241.3300018311,209.7416381836
2017-11-30,243.3500061035,211.4972686768
2017-12-01,242.8999938965,211.1061248779
2017-12-04,242.6399993896,210.8801727295
2017-12-05,241.7799987793,210.1327514648
2017-12-06,241.7700042725,210.1240386963
2017-12-07,242.5700073242,210.8193359375
2017-12-08,243.8899993896,211.9665374756
2017-12-11,244.6799926758,212.6531372070
2017-12-12,245.1000061035,213.0181884766
2017-12-13,245.0399932861,212.9660491943
2017-12-14,244.0700073242,212.1229858398
2017-12-15,246.1199951172,213.9046630859
2017-12-18,247.6499938965,215.2344055176
2017-12-19,246.7500000000,214.4522399902
2017-12-20,246.5599975586,214.2870330811
2017-12-21,247.0599975586,214.7216186523
2017-12-22,247.0099945068,214.6781463623
2017-12-26,245.5399932861,214.4283905029
2017-12-27,245.6799926758,214.5506896973
2017-12-28,246.1399993896,214.9523468018
2017-12-29,245.2899932861,214.2101135254
2018-01-02,247.0899963379,215.7820281982
2018-01-03,248.5599975586,217.0657653809
2018-01-04,249.6499938965,218.0176239014
2018-01-05,251.2500000000,219.4148864746
2018-01-08,251.7700042725,219.8689880371
2018-01-09,252.3000030518,220.3318328857
2018-01-10,251.8699951172,219.9563293457
2018-01-11,253.7299957275,221.5806732178
2018-01-12,255.4100036621,223.0477752686
2018-01-16,254.4799957275,222.2356262207
2018-01-17,256.9400024414,224.3839416504
2018-01-18,256.5899963379,224.0782928467
2018-01-19,257.6799926758,225.0301818848
2018-01-22,259.7500000000,226.8378601074
2018-01-23,260.3399963379,227.3531341553
2018-01-24,260.2099914551,227.2395935059
2018-01-25,260.3299865723,227.3444061279
2018-01-26,263.3599853516,229.9904785156
2018-01-29,261.5400085449,228.4010467529
2018-01-30,258.7500000000,225.9645996094
2018-01-31,258.9899902344,226.1741790771
2018-02-01,258.7300109863,225.9471282959
2018-02-02,253.1900024414,221.1091461182
2018-02-05,242.7899932861,212.0268249512
2018-02-06,247.2799987793,215.9479370117
2018-02-07,245.9299926758,214.7689666748
2018-02-08,236.7899932861,206.7870941162
2018-02-09,240.4400024414,209.9745788574
2018-02-12,243.7400054932,212.8564758301
2018-02-13,244.5599975586,213.5725708008
2018-02-14,247.7599945068,216.3671264648
2018-02-15,250.9700012207,219.1703796387
2018-02-16,250.9400024414,219.1441802979
2018-02-20,249.4199981689,217.8167419434
2018-02-21,248.1100006104,216.6727447510
2018-02-22,248.4100036621,216.9347076416
2018-02-23,252.4900054932,220.4977722168
2018-02-26,255.3999938965,223.0390472412
2018-02-27,252.1399993896,220.1921539307
2018-02-28,249.3399963379,217.7469024658
2018-03-01,246.0500030518,214.8737487793
2018-03-02,247.3600006104,216.0177917480
2018-03-05,250.1999969482,218.4979248047
2018-03-06,250.8300018311,219.0481262207
2018-03-07,250.7200012207,218.9520568848
2018-03-08,251.8899993896,219.9738006592
2018-03-09,256.2500000000,223.7813110352
2018-03-12,256.0000000000,223.5629730225
2018-03-13,254.3099975586,222.0871582031
2018-03-14,252.9700012207,220.9169921875
2018-03-15,252.7299957275,220.7073364258
2018-03-16,252.9900054932,220.9344482422
2018-03-19,249.6100006104,217.9827117920
2018-03-20,250.0500030518,218.3669586182
2018-03-21,249.4700012207,217.8604278564
2018-03-22,243.2700042725,212.4460144043
2018-03-23,238.0899963379,207.9223632812
2018-03-26,243.5299987793,213.6457366943
2018-03-27,239.3099975586,209.9436798096
2018-03-28,238.6399993896,209.3558349609
2018-03-29,242.0800018311,212.3737335205
2018-04-02,236.4799957275,207.4609222412
2018-04-03,239.4799957275,210.0927886963
2018-04-04,242.2400054932,212.5140838623
2018-04-05,243.9900054932,214.0493316650
2018-04-06,238.6199951172,209.3382873535
2018-04-09,239.5899963379,210.1892852783
2018-04-10,243.5399932861,213.6545410156
2018-04-11,242.2500000000,212.5228424072
2018-04-12,244.2799987793,214.3037414551
2018-04-13,243.6000061035,213.7071838379
2018-04-16,245.5800018311,215.4442291260
2018-04-17,248.2200012207,217.7602691650
2018-04-18,248.3600006104,217.8830413818
2018-04-19,247.0000000000,216.6899871826
2018-04-20,245.0000000000,214.9353942871
2018-04-23,244.8899993896,214.8388824463
2018-04-24,241.5500030518,211.9087371826
2018-04-25,242.1699981689,212.4527130127
2018-04-26,244.6600036621,214.6371307373
2018-04-27,244.9199981689,214.8652496338
2018-04-30,242.9199981689,213.1106719971
2018-05-01,243.4400024414,213.5668334961
2018-05-02,241.7799987793,212.1105346680
2018-05-03,241.2100067139,211.6104888916
2018-05-04,244.4100036621,214.4178009033
2018-05-07,245.1699981689,215.0845642090
2018-05-08,245.1600036621,215.0757751465
2018-05-09,247.5399932861,217.1637725830
2018-05-10,249.8600006104,219.1990203857
2018-05-11,250.4700012207,219.7341613770
2018-05-14,250.7500000000,219.9797668457
2018-05-15,249.0299987793,218.4708099365
2018-05-16,250.0899963379,219.4007720947
2018-05-17,249.8800048828,219.2165679932
2018-05-18,249.2599945068,218.6726226807
2018-05-21,251.0899963379,220.2780761719
2018-05-22,250.3699951172,219.6464080811
2018-05-23,251.1499938965,220.3307189941
2018-05-24,250.6699981689,219.9096069336
2018-05-25,250.0399932861,219.3569183350
2018-05-29,247.1499938965,216.8215484619
2018-05-30,250.4100036621,219.6815185547
2018-05-31,248.7899932861,218.2602996826
2018-06-01,251.4100036621,220.5588378906
2018-06-04,252.5200042725,221.5326080322
2018-06-05,252.8699951172,221.8396453857
2018-06-06,254.8899993896,223.6117401123
2018-06-07,254.7700042725,223.5064849854
2018-06-08,255.5700073242,224.2083282471
2018-06-11,255.8999938965,224.4978332520
2018-06-12,256.3299865723,224.8750610352
2018-06-13,255.3099975586,223.9802551270
2018-06-14,256.0499877930,224.6294250488
2018-06-15,255.8300018311,224.4364166260
2018-06-18,255.2200012207,223.9012603760
2018-06-19,254.2500000000,223.0503082275
2018-06-20,254.7100067139,223.4538574219
2018-06-21,253.1199951172,222.0589447021
2018-06-22,253.5700073242,222.4537506104
2018-06-25,250.0599975586,219.3744506836
2018-06-26,250.6100006104,219.8569793701
2018-06-27,248.5299987793,218.0322113037
2018-06-28,248.8800048828,219.3604431152
2018-06-29,249.5099945068,219.9157257080
2018-07-02,249.8000030518,220.1713409424
2018-07-03,248.7899932861,219.2811279297
2018-07-05,250.9199981689,221.1584777832
2018-07-06,253.0099945068,223.0006103516
2018-07-09,255.2500000000,224.9748992920
2018-07-10,256.1400146484,225.7593383789
2018-07-11,254.3899993896,224.2169342041
2018-07-12,256.5700073242,226.1383819580
2018-07-13,256.7900085449,226.3322906494
2018-07-16,256.6300048828,226.1912384033
2018-07-17,257.7300109863,227.1607666016
2018-07-18,258.2000122070,227.5750427246
2018-07-19,257.2200012207,226.7112426758
2018-07-20,256.9800109863,226.4997863770
2018-07-23,257.4700012207,226.9316558838
2018-07-24,258.6799926758,227.9981384277
2018-07-25,261.0499877930,230.0870208740
2018-07-26,260.2799987793,229.4082946777
2018-07-27,258.5899963379,227.9187469482
2018-07-30,257.1000061035,226.6054840088
2018-07-31,258.3999938965,227.7513122559
2018-08-01,258.0799865723,227.4692993164
2018-08-02,259.3900146484,228.6239318848
2018-08-03,260.6600036621,229.7432861328
2018-08-06,261.6400146484,230.6071014404
2018-08-07,262.3699951172,231.2504119873
2018-08-08,262.2300109863,231.1270294189
2018-08-09,261.8999938965,230.8361206055
2018-08-10,260.1199951172,229.2673034668
2018-08-13,259.1400146484,228.4035644531
2018-08-14,260.8099975586,229.8754730225
2018-08-15,258.8900146484,228.1831817627
2018-08-16,260.9899902344,230.0340881348
2018-08-17,261.8599853516,230.8009033203
2018-08-20,262.4400024414,231.3121032715
2018-08-21,263.0100097656,231.8145446777
2018-08-22,262.9299926758,231.7439880371
2018-08-23,262.5499877930,231.4090881348
2018-08-24,264.2000122070,232.8633575439
2018-08-27,266.1900024414,234.6173858643
2018-08-28,266.3399963379,234.7494964600
2018-08-29,267.7999877930,236.0363616943
2018-08-30,266.7099914551,235.0756683350
2018-08-31,266.7200012207,235.0844726562
2018-09-04,266.3500061035,234.7583770752
2018-09-05,265.6000061035,234.0973358154
2018-09-06,264.8200073242,233.4098358154
2018-09-07,264.1799926758,232.8457794189
2018-09-10,264.6799926758,233.2864379883
2018-09-11,265.6799926758,234.1678314209
2018-09-12,265.7099914551,234.1942749023
2018-09-13,267.2200012207,235.5251464844
2018-09-14,267.3599853516,235.6485290527
2018-09-17,265.8500061035,234.3176727295
2018-09-18,267.2999877930,235.5956726074
2018-09-19,267.6000061035,235.8601074219
2018-09-20,269.7500000000,237.7551116943
2018-09-21,269.5599975586,237.5876464844
2018-09-24,268.6600036621,236.7944030762
2018-09-25,268.3299865723,236.5034942627
2018-09-26,266.3399963379,235.8102416992
2018-09-27,267.0799865723,236.4654388428
2018-09-28,267.0499877930,236.4388732910
2018-10-01,268.0400085449,237.3153839111
2018-10-02,268.0100097656,237.2888641357
2018-10-03,268.2399902344,237.4924774170
2018-10-04,266.0400085449,235.5446624756
2018-10-05,264.5400085449,234.2165527344
2018-10-08,264.4700012207,234.1546325684
2018-10-09,264.1300048828,233.8536224365
2018-10-10,255.6000061035,226.3013610840
2018-10-11,250.2200012207,221.5380249023
2018-10-12,253.6000061035,224.5306243896
2018-10-15,252.2100067139,223.2999267578
2018-10-16,257.5799865723,228.0543975830
2018-10-17,257.6700134277,228.1340942383
2018-10-18,254.0500030518,224.9290618896
2018-10-19,253.8500061035,224.7519531250
2018-10-22,252.8000030518,223.8223266602
2018-10-23,251.2799987793,222.4765625000
2018-10-24,243.7799987793,215.8362426758
2018-10-25,248.1499938965,219.7053222656
2018-10-26,243.7599945068,215.8184814453
2018-10-29,242.5000000000,214.7029724121
2018-10-30,246.2100067139,217.9877319336
2018-10-31,248.7899932861,220.2719879150
2018-11-01,251.3699951172,222.5562286377
2018-11-02,249.8099975586,221.1750793457
2018-11-05,251.2299957275,222.4322509766
2018-11-06,252.8200073242,223.8400726318
2018-11-07,258.1600036621,228.5679321289
2018-11-08,257.7200012207,228.1783752441
2018-11-09,255.3399963379,226.0711669922
2018-11-12,250.4100036621,221.7062835693
2018-11-13,249.9900054932,221.3343963623
2018-11-14,248.2799987793,219.8204498291
2018-11-15,250.8500061035,222.0958557129
2018-11-16,251.4900054932,222.6624145508
2018-11-19,247.3200073242,218.9704895020
2018-11-20,242.7700042725,214.9420318604
2018-11-21,243.5800018311,215.6591796875
2018-11-23,242.0099945068,214.2691497803
2018-11-26,245.8000030518,217.6247406006
2018-11-27,246.5700073242,218.3064422607
2018-11-28,252.3300018311,223.4061737061
2018-11-29,251.8099975586,222.9457855225
2018-11-30,253.4799957275,224.4243469238
2018-12-03,256.6099853516,227.1956024170
2018-12-04,248.6499938965,220.1480255127
2018-12-06,248.0200042725,219.5902404785
2018-12-07,242.2599945068,214.4904174805
2018-12-10,242.5500030518,214.7472381592
2018-12-11,242.6199951172,214.8092346191
2018-12-12,243.9600067139,215.9956512451
2018-12-13,243.8800048828,215.9247894287
2018-12-14,239.3800048828,211.9406280518
2018-12-17,233.2299957275,207.6135101318
2018-12-18,233.1399993896,207.5334167480
2018-12-19,229.4199981689,204.2219696045
2018-12-20,225.6499938965,200.8660888672
2018-12-21,221.1600036621,196.8692016602
2018-12-24,215.0700073242,191.4480590820
2018-12-26,225.9499969482,201.1331176758
2018-12-27,228.0500030518,203.0024261475
2018-12-28,227.7599945068,202.7443084717
2018-12-31,229.8099975586,204.5691223145
2019-01-02,229.9900054932,204.7293853760
2019-01-03,224.5000000000,199.8423767090
2019-01-04,231.9100036621,206.4384765625
2019-01-07,233.6499938965,207.9873809814
2019-01-08,235.9199981689,210.0080261230
2019-01-09,237.0099945068,210.9783477783
2019-01-10,238.0000000000,211.8595886230
2019-01-11,237.8899993896,211.7616729736
2019-01-14,236.5800018311,210.5955657959
2019-01-15,239.3500061035,213.0613555908
2019-01-16,239.8800048828,213.5331268311
2019-01-17,241.6699981689,215.1265106201
2019-01-18,244.9199981689,218.0195617676
2019-01-22,241.6600036621,215.1176300049
2019-01-23,242.0200042725,215.4381256104
2019-01-24,242.2599945068,215.6517181396
2019-01-25,244.3200073242,217.4854583740
2019-01-28,242.4299926758,215.8030700684
2019-01-29,242.1300048828,215.5360107422
2019-01-30,245.9600067139,218.9453277588
2019-01-31,248.0099945068,220.7701568604
2019-02-01,248.2200012207,220.9570922852
2019-02-04,249.9900054932,222.5326843262
2019-02-05,251.1000061035,223.5207672119
2019-02-06,250.7899932861,223.2448120117
2019-02-07,248.3300018311,221.0550231934
2019-02-08,248.6499938965,221.3398895264
2019-02-11,248.7799987793,221.4555969238
2019-02-12,252.0000000000,224.3219451904
2019-02-13,252.7599945068,224.9984588623
2019-02-14,252.1999969482,224.4999847412
2019-02-15,254.9799957275,226.9746398926
2019-02-19,255.4199981689,227.3663177490
2019-02-20,256.0100097656,227.8914794922
2019-02-21,255.0800018311,227.0636291504
2019-02-22,256.6099853516,228.4255828857
2019-02-25,256.9899902344,228.7638397217
2019-02-26,256.7999877930,228.5947265625
2019-02-27,256.6700134277,228.4790039062
2019-02-28,256.0700073242,227.9449157715
2019-03-01,257.8299865723,229.5116271973
2019-03-04,256.8399963379,228.6303405762
2019-03-05,256.5400085449,228.3633117676
2019-03-06,254.8999938965,226.9034271240
2019-03-07,252.8500061035,225.0785980225
2019-03-08,252.3399963379,224.6245574951
2019-03-11,256.0199890137,227.9004058838
2019-03-12,256.9299926758,228.7104644775
2019-03-13,258.6799926758,230.2682189941
2019-03-14,258.5899963379,230.1881103516
2019-03-15,259.8500061035,231.3097686768
2019-03-18,260.7799987793,232.1375885010
2019-03-19,260.8599853516,232.2087860107
2019-03-20,259.9299926758,231.3809204102
2019-03-21,261.4299926758,234.0261993408
2019-03-22,256.4599914551,229.5771636963
2019-03-25,256.2300109863,229.3712768555
2019-03-26,258.0799865723,231.0273742676
2019-03-27,256.8800048828,229.9531707764
2019-03-28,257.8800048828,230.8482971191
2019-03-29,259.5400085449,232.3343200684
2019-04-01,262.5299987793,235.0108795166
2019-04-02,262.6199951172,235.0914764404
2019-04-03,263.1099853516,235.5301513672
2019-04-04,263.7399902344,236.0940704346
2019-04-05,265.0100097656,237.2309722900
2019-04-08,265.2399902344,237.4368591309
2019-04-09,263.8299865723,236.1745605469
2019-04-10,264.7399902344,236.9892120361
2019-04-11,264.6900024414,236.9444580078
2019-04-12,266.4800109863,238.5468292236
2019-04-15,266.2999877930,238.3857116699
2019-04-16,266.4899902344,238.5557708740
2019-04-17,265.8399963379,237.9739074707
2019-04-18,266.3399963379,238.4215698242
2019-04-22,266.6000061035,238.6542816162
2019-04-23,268.8999938965,240.7131500244
2019-04-24,268.3699951172,240.2387390137
2019-04-25,268.2699890137,240.1492614746
2019-04-26,269.5000000000,241.2502899170
2019-04-29,269.8399963379,241.5546417236
2019-04-30,270.0100097656,241.7068176270
2019-05-01,268.0400085449,239.9433441162
2019-05-02,267.5100097656,239.4688720703
2019-05-03,270.0499877930,241.7425842285
2019-05-06,268.9800109863,240.7847595215
2019-05-07,264.6199951172,236.8818206787
2019-05-08,264.1000061035,236.4163208008
2019-05-09,263.2900085449,235.6912536621
2019-05-10,264.5199890137,236.7922973633
2019-05-13,258.0299987793,230.9825897217
2019-05-14,260.2699890137,232.9877624512
2019-05-15,261.8099975586,234.3663330078
2019-05-16,264.2099914551,236.5148162842
2019-05-17,262.6099853516,235.0824890137
2019-05-20,260.8200073242,233.4801940918
2019-05-21,263.0299987793,235.4584960938
2019-05-22,262.3099975586,234.8139648438
2019-05-23,259.2399902344,232.0657348633
2019-05-24,259.6900024414,232.4686279297
2019-05-28,257.3599853516,230.3828125000
2019-05-29,255.5899963379,228.7983856201
2019-05-30,256.2999877930,229.4338989258
2019-05-31,252.8699951172,226.3634643555
2019-06-03,252.1199951172,225.6921081543
2019-06-04,257.6700134277,230.6603240967
2019-06-05,259.8500061035,232.6118011475
2019-06-06,261.5400085449,234.1246337891
2019-06-07,264.1499938965,236.4610595703
2019-06-10,265.3900146484,237.5711364746
2019-06-11,265.3399963379,237.5263366699
2019-06-12,264.8399963379,237.0787506104
2019-06-13,266.0199890137,238.1350860596
2019-06-14,265.6199951172,237.7769927979
2019-06-17,265.8599853516,237.9917907715
2019-06-18,268.5100097656,240.3641052246
2019-06-19,269.2200012207,240.9996795654
2019-06-20,271.7300109863,243.2465057373
2019-06-21,271.4100036621,242.9600982666
2019-06-24,271.0599975586,242.6467437744
2019-06-25,268.3800048828,240.2476806641
2019-06-26,268.1199951172,240.0149230957
2019-06-27,267.6700134277,240.8571319580
2019-06-28,269.1499938965,242.1889343262
2019-07-01,271.4400024414,244.2495727539
2019-07-02,272.2300109863,244.9603881836
2019-07-03,274.3200073242,246.8410034180
2019-07-05,273.9700012207,246.5261230469
2019-07-08,272.6000061035,245.2933349609
2019-07-09,272.9400024414,245.5992736816
2019-07-10,274.2099914551,246.7419891357
2019-07-11,274.7600097656,247.2369842529
2019-07-12,276.1099853516,248.4517517090
2019-07-15,276.1799926758,248.5147094727
2019-07-16,275.2799987793,247.7048950195
2019-07-17,273.4200134277,246.0312347412
2019-07-18,274.4200134277,246.9310760498
2019-07-19,272.9500122070,245.6083068848
2019-07-22,273.6099853516,246.2021331787
2019-07-23,275.4899902344,247.8938598633
2019-07-24,276.7600097656,249.0366516113
2019-07-25,275.4100036621,247.8218841553
2019-07-26,277.3800048828,249.5944824219
2019-07-29,276.8800048828,249.1446533203
2019-07-30,276.2099914551,248.5417480469
2019-07-31,273.0799865723,245.7252349854
2019-08-01,270.7900085449,243.6646270752
2019-08-02,268.8099975586,241.8829956055
2019-08-05,260.8800048828,234.7473144531
2019-08-06,264.2399902344,237.7707519531
2019-08-07,264.4200134277,237.9327239990
2019-08-08,269.5799865723,242.5758819580
2019-08-09,267.7000122070,240.8841400146
2019-08-12,264.5599975586,238.0586395264
2019-08-13,268.6600036621,241.7480621338
2019-08-14,260.5700073242,234.4684295654
2019-08-15,261.3900146484,235.2062530518
2019-08-16,265.2200012207,238.6526031494
2019-08-19,268.4800109863,241.5860748291
2019-08-20,266.3999938965,239.7143707275
2019-08-21,268.5599975586,241.6580657959
2019-08-22,268.4599914551,241.5680541992
2019-08-23,261.5700073242,235.3682556152
2019-08-26,264.4700012207,237.9777374268
2019-08-27,263.4299926758,237.0419158936
2019-08-28,265.2600097656,238.6886138916
2019-08-29,268.7099914551,241.7929077148
2019-08-30,268.6000061035,241.6940307617
2019-09-03,267.1099853516,240.3532409668
2019-09-04,269.9700012207,242.9268188477
2019-09-05,273.5400085449,246.1391754150
2019-09-06,273.7399902344,246.3190765381
2019-09-09,273.8099975586,246.3821258545
2019-09-10,273.8699951172,246.4360961914
2019-09-11,275.8399963379,248.2087402344
2019-09-12,276.6499938965,248.9376373291
2019-09-13,276.5799865723,248.8746795654
2019-09-16,275.6700134277,248.0557708740
2019-09-17,276.4200134277,248.7307281494
2019-09-18,276.5899963379,248.8837280273
2019-09-19,276.5299987793,248.8296813965
2019-09-20,275.0499877930,247.4978942871
2019-09-23,275.2399902344,247.6688995361
2019-09-24,272.9599914551,245.6172027588
2019-09-25,274.6300048828,247.1200714111
2019-09-26,272.7900085449,246.6327056885
2019-09-27,271.2600097656,245.2494201660
2019-09-30,272.6000061035,246.4608612061
2019-10-01,269.3200073242,243.4954071045
2019-10-02,264.5700073242,239.2008514404
2019-10-03,266.6700134277,241.0994873047
2019-10-04,270.3699951172,244.4447784424
2019-10-07,269.2099914551,243.3959503174
2019-10-08,265.0299987793,239.6166992188
2019-10-09,267.5000000000,241.8499145508
2019-10-10,269.3200073242,243.4954071045
2019-10-11,272.1300048828,246.0359497070
2019-10-14,271.8800048828,245.8099365234
2019-10-15,274.5100097656,248.1877593994
2019-10-16,274.0799865723,247.7989807129
2019-10-17,274.8200073242,248.4679870605
2019-10-18,273.6900024414,247.4463653564
2019-10-21,275.6000061035,249.1732330322
2019-10-22,274.6300048828,248.2962951660
2019-10-23,275.4400024414,249.0285644531
2019-10-24,275.8900146484,249.4354400635
2019-10-25,277.0400085449,250.4751892090
2019-10-28,278.6499938965,251.9307403564
2019-10-29,278.4700012207,251.7680358887
2019-10-30,279.4500122070,252.6540069580
2019-10-31,278.5499877930,251.8403625488
2019-11-01,281.2000122070,254.2362518311
2019-11-04,282.3200073242,255.2488555908
2019-11-05,281.9599914551,254.9233856201
2019-11-06,282.1099853516,255.0590362549
2019-11-07,283.1099853516,255.9630889893
2019-11-08,283.7999877930,256.5869140625
2019-11-11,283.2500000000,256.0896911621
2019-11-12,283.8099975586,256.5959777832
2019-11-13,283.9299926758,256.7044067383
2019-11-14,284.3099975586,257.0479736328
2019-11-15,286.4299926758,258.9646911621
2019-11-18,286.6099853516,259.1274414062
2019-11-19,286.4700012207,259.0009155273
2019-11-20,285.4599914551,258.0877075195
2019-11-21,285.0199890137,257.6898803711
2019-11-22,285.6499938965,258.2594909668
2019-11-25,287.8200073242,260.2214965820
2019-11-26,288.3999938965,260.7457885742
2019-11-27,289.7600097656,261.9754333496
2019-11-29,288.6499938965,260.9719238281
2019-12-02,286.2999877930,258.8471374512
2019-12-03,284.2900085449,257.0299377441
2019-12-04,286.1099853516,258.6754455566
2019-12-05,286.6400146484,259.1546325684
2019-12-06,289.1900024414,261.4600830078
2019-12-09,288.3099975586,260.6644897461
2019-12-10,288.0400085449,260.4203796387
2019-12-11,288.7900085449,261.0985412598
2019-12-12,291.3299865723,263.3948364258
2019-12-13,291.4400024414,263.4943847656
2019-12-16,293.5000000000,265.3568420410
2019-12-17,293.5599975586,265.4110107422
2019-12-18,293.5799865723,265.4291992188
2019-12-19,294.7999877930,266.5322265625
2019-12-20,296.2999877930,267.8882751465
2019-12-23,295.1600036621,268.1509094238
2019-12-24,295.1600036621,268.1509094238
2019-12-26,296.6700134277,269.5227050781
2019-12-27,296.6700134277,269.5227050781
2019-12-30,295.0400085449,268.0418701172
2019-12-31,295.7999877930,268.7322692871
2020-01-02,298.4200134277,271.1126403809
2020-01-03,296.2399902344,269.1321716309
2020-01-06,297.3500061035,270.1404724121
2020-01-07,296.5299987793,269.3954772949
2020-01-08,298.0599975586,270.7855224609
2020-01-09,300.1199951172,272.6569213867
2020-01-10,299.2600097656,271.8758239746
2020-01-13,301.2399902344,273.6745910645
2020-01-14,300.8399963379,273.3110961914
2020-01-15,301.5100097656,273.9197998047
2020-01-16,304.0299987793,276.2092285156
2020-01-17,305.0599975586,277.1449279785
2020-01-21,304.4299926758,276.5726318359
2020-01-22,304.5100097656,276.6452941895
2020-01-23,304.8099975586,276.9178466797
2020-01-24,302.0299987793,274.3923034668
2020-01-27,297.2300109863,270.0314941406
2020-01-28,300.4500122070,272.9568786621
2020-01-29,300.1499938965,272.6842651367
2020-01-30,301.0899963379,273.5380859375
2020-01-31,295.6900024414,268.6324157715
2020-02-03,297.8399963379,270.5856933594
2020-02-04,302.4299926758,274.7556152344
2020-02-05,305.8500061035,277.8627014160
2020-02-06,306.8900146484,278.8074951172
2020-02-07,305.3299865723,277.3902587891
2020-02-10,307.5199890137,279.3798828125
2020-02-11,308.0799865723,279.8885498047
2020-02-12,310.0599975586,281.6874389648
2020-02-13,309.7600097656,281.4148559570
2020-02-14,310.2799987793,281.8872375488
2020-02-18,309.4299926758,281.1150817871
2020-02-19,310.9200134277,282.4687194824
2020-02-20,309.7000122070,281.3604431152
2020-02-21,306.4899902344,278.4440917969
2020-02-24,296.2399902344,269.1321716309
2020-02-25,287.3399963379,261.0464782715
2020-02-26,286.0700073242,259.8927307129
2020-02-27,273.3900146484,248.3730010986
2020-02-28,271.7399902344,246.8739013672
2020-03-02,283.8699951172,257.8940429688
2020-03-03,276.0400085449,250.7805328369
2020-03-04,287.4800109863,261.1735839844
2020-03-05,277.8500061035,252.4248504639
2020-03-06,273.1900024414,248.1912994385
2020-03-09,252.1100006104,229.0402679443
2020-03-10,263.8099975586,240.7947692871
2020-03-11,250.7299957275,228.8558807373
2020-03-12,226.4799957275,206.7215118408
2020-03-13,247.6399993896,226.0354156494
2020-03-16,218.5700073242,199.5015411377
2020-03-17,232.8800048828,212.5631408691
2020-03-18,220.1499938965,200.9436798096
2020-03-19,220.3399963379,201.1171722412
2020-03-20,210.7400054932,192.3547058105
2020-03-23,204.2700042725,186.4490966797
2020-03-24,223.7500000000,204.2296905518
2020-03-25,226.6199951172,206.8492889404
2020-03-26,240.2400054932,219.2810058594
2020-03-27,232.8600006104,212.5448760986
2020-03-30,240.3899993896,219.4179534912
2020-03-31,236.8200073242,216.1594390869
2020-04-01,226.1499938965,206.4202880859
2020-04-02,231.4400024414,211.2487945557
2020-04-03,228.0200042725,208.1271362305
2020-04-06,243.5299987793,222.2840118408
2020-04-07,243.6600036621,222.4026489258
2020-04-08,251.9299926758,229.9511718750
2020-04-09,255.6699981689,233.3648986816
2020-04-13,253.1900024414,231.1012420654
2020-04-14,260.9200134277,238.1568908691
2020-04-15,255.2400054932,232.9724426270
2020-04-16,256.5299987793,234.1498565674
2020-04-17,263.6099853516,240.6121978760
2020-04-20,258.8599853516,236.2765960693
2020-04-21,250.9499969482,229.0566711426
2020-04-22,256.4700012207,234.0951232910
2020-04-23,256.4200134277,234.0494995117
2020-04-24,260.1400146484,237.4449310303
2020-04-27,263.8999938965,240.8769378662
2020-04-28,262.6799926758,239.7633361816
2020-04-29,269.4500122070,245.9427185059
2020-04-30,267.1000061035,243.7977600098
2020-05-01,259.8200073242,237.1528167725
2020-05-04,260.6400146484,237.9013366699
2020-05-05,263.0400085449,240.0919189453
2020-05-06,261.2699890137,238.4763336182
2020-05-07,264.3599853516,241.2967376709
2020-05-08,268.7799987793,245.3312377930
2020-05-11,268.8200073242,245.3676300049
2020-05-12,263.4100036621,240.4296112061
2020-05-13,258.7399902344,236.1670379639
2020-05-14,261.8599853516,239.0148315430
2020-05-15,263.0400085449,240.0919189453
2020-05-18,271.0799865723,247.4304962158
2020-05-19,268.5199890137,245.0937805176
2020-05-20,272.8999938965,249.0917053223
2020-05-21,270.9400024414,247.3027191162
2020-05-22,271.5499877930,247.8594818115
2020-05-26,275.0400085449,251.0450286865
2020-05-27,279.0499877930,254.7051696777
2020-05-28,278.5000000000,254.2031402588
2020-05-29,279.7500000000,255.3441619873
2020-06-01,280.9700012207,256.4576416016
2020-06-02,283.2799987793,258.5661621094
2020-06-03,287.0199890137,261.9797668457
2020-06-04,286.2900085449,261.3135986328
2020-06-05,293.6099853516,267.9949645996
2020-06-08,297.1700134277,271.2444763184
2020-06-09,295.0599975586,269.3184509277
2020-06-10,293.2200012207,267.6389465332
2020-06-11,276.3200073242,252.2134094238
2020-06-12,279.6499938965,255.2528839111
2020-06-15,282.2000122070,257.5803222656
2020-06-16,287.7200012207,262.6187133789
2020-06-17,286.3999938965,261.4139404297
2020-06-18,286.6600036621,261.6512145996
2020-06-19,284.9700012207,260.1087036133
2020-06-22,286.8599853516,261.8338012695
2020-06-23,288.1600036621,263.0204162598
2020-06-24,280.7900085449,256.2933654785
2020-06-25,283.7600097656,259.0042724609
2020-06-26,277.1099853516,252.9343872070
2020-06-29,279.7000122070,256.6255493164
2020-06-30,283.4299926758,260.0478515625
2020-07-01,285.3699951172,261.8278198242
2020-07-02,286.8099975586,263.1489562988
2020-07-06,291.2600097656,267.2319030762
2020-07-07,288.2399902344,264.4610290527
2020-07-08,290.3800048828,266.4244384766
2020-07-09,288.8999938965,265.0664978027
2020-07-10,291.7999877930,267.7273254395
2020-07-13,289.1600036621,265.3051757812
2020-07-14,293.0299987793,268.8558349609
2020-07-15,295.6300048828,271.2414245605
2020-07-16,294.7699890137,270.4523010254
2020-07-17,295.5499877930,271.1679992676
2020-07-20,298.0100097656,273.4250793457
2020-07-21,298.6300048828,273.9938964844
2020-07-22,300.3299865723,275.5536804199
2020-07-23,296.7399902344,272.2597656250
2020-07-24,294.8200073242,270.4980773926
2020-07-27,296.9700012207,272.4708557129
2020-07-28,295.1300048828,270.7826232910
2020-07-29,298.7000122070,274.0581359863
2020-07-30,297.6099853516,273.0580139160
2020-07-31,300.1000061035,275.3425598145
2020-08-03,301.9899902344,277.0767517090
2020-08-04,303.2600097656,278.2419433594
2020-08-05,305.1499938965,279.9759826660
2020-08-06,307.2000122070,281.8568725586
2020-08-07,307.3599853516,282.0036621094
2020-08-10,308.3399963379,282.9028625488
2020-08-11,305.8500061035,280.6182861328
2020-08-12,310.0400085449,284.4625549316
2020-08-13,309.5100097656,283.9764099121
2020-08-14,309.5100097656,283.9764099121
2020-08-17,310.5100097656,284.8937988281
2020-08-18,311.1600036621,285.4902343750
2020-08-19,309.8399963379,284.2790527344
2020-08-20,310.8200073242,285.1782531738
2020-08-21,311.9299926758,286.1966857910
2020-08-24,315.1000061035,289.1051635742
2020-08-25,316.2000122070,290.1144409180
2020-08-26,319.4299926758,293.0779724121
2020-08-27,320.0700073242,293.6651000977
2020-08-28,322.1499938965,295.5735778809
2020-08-31,321.0199890137,294.5368347168
2020-09-01,324.0199890137,297.2892761230
2020-09-02,328.7399902344,301.6199340820
2020-09-03,317.3599853516,291.1787414551
2020-09-04,314.8200073242,288.8482971191
2020-09-08,306.1700134277,280.9118347168
2020-09-09,312.2099914551,286.4535217285
2020-09-10,306.7500000000,281.4439697266
2020-09-11,306.9800109863,281.6550598145
2020-09-14,310.9700012207,285.3158874512
2020-09-15,312.5700073242,286.7838745117
2020-09-16,311.3099975586,285.6278686523
2020-09-17,308.5899963379,283.1321716309
2020-09-18,305.0000000000,279.8383789062
2020-09-21,301.6900024414,276.8014831543
2020-09-22,304.7399902344,279.5997314453
2020-09-23,297.6799926758,273.1222534180
2020-09-24,298.5000000000,273.8746643066
2020-09-25,303.2799987793,278.2602539062
2020-09-28,308.3599853516,282.9211425781
2020-09-29,305.2999877930,281.3078002930
2020-09-30,307.6499938965,283.4731140137
2020-10-01,309.6000061035,285.2698974609
2020-10-02,306.7200012207,282.6161499023
2020-10-05,312.0799865723,287.5549621582
2020-10-06,307.7200012207,283.5376586914
2020-10-07,313.0000000000,288.4027099609
2020-10-08,315.7699890137,290.9550170898
2020-10-09,318.5799865723,293.5441589355
2020-10-12,323.7200012207,298.2802429199
2020-10-13,321.6499938965,296.3728027344
2020-10-14,319.6400146484,294.5208129883
2020-10-15,319.2600097656,294.1707763672
2020-10-16,318.9899902344,293.9219665527
2020-10-19,314.1700134277,289.4807128906
2020-10-20,315.4100036621,290.6232910156
2020-10-21,314.8399963379,290.0980224609
2020-10-22,316.5700073242,291.6919860840
2020-10-23,317.6499938965,292.6872558594
2020-10-26,311.7999877930,287.2970275879
2020-10-27,310.7699890137,286.3479309082
2020-10-28,300.0700073242,276.4888000488
2020-10-29,303.2300109863,279.4005432129
2020-10-30,299.8200073242,276.2584838867
2020-11-02,303.3099975586,279.4742431641
2020-11-03,308.6600036621,284.4037475586
2020-11-04,315.6099853516,290.8076171875
2020-11-05,321.7900085449,296.5019226074
2020-11-06,321.7500000000,296.4651184082
2020-11-09,325.7600097656,300.1598815918
2020-11-10,325.3399963379,299.7729492188
2020-11-11,327.6300048828,301.8829345703
2020-11-12,324.6000061035,299.0910949707
2020-11-13,329.0100097656,303.1545715332
2020-11-16,333.0000000000,306.8309631348
2020-11-17,331.3399963379,305.3014221191
2020-11-18,327.3200073242,301.5973815918
2020-11-19,328.6900024414,302.8597412109
2020-11-20,326.4899902344,300.8325195312
2020-11-23,328.4200134277,302.6109008789
2020-11-24,333.7399902344,307.5127868652
2020-11-25,333.1900024414,307.0060729980
2020-11-27,334.1400146484,307.8813781738
2020-11-30,332.6400146484,306.4992980957
2020-12-01,336.2999877930,309.8716125488
2020-12-02,337.0100097656,310.5258483887
2020-12-03,336.9100036621,310.4336853027
2020-12-04,339.8099975586,313.1056823730
2020-12-07,339.1799926758,312.5252990723
2020-12-08,340.1600036621,313.4282226562
2020-12-09,337.1400146484,310.6456298828
2020-12-10,336.9800109863,310.4982604980
2020-12-11,336.5499877930,310.1018676758
2020-12-14,335.0100097656,308.6830139160
2020-12-15,339.6400146484,312.9492187500
2020-12-16,340.1600036621,313.4282226562
2020-12-17,342.0100097656,315.1329040527
2020-12-18,340.6400146484,313.8705139160
2020-12-21,339.5899963379,312.9031372070
2020-12-22,337.5400085449,312.2859802246
2020-12-23,337.8099975586,312.5357971191
2020-12-24,339.1600036621,313.7848205566
2020-12-28,342.1099853516,316.5140686035
2020-12-29,341.3900146484,315.8479919434
2020-12-30,341.8500061035,316.2735290527
2020-12-31,343.6900024414,317.9758911133
2021-01-04,339.0299987793,313.6644592285
2021-01-05,341.2600097656,315.7276916504
2021-01-06,343.3299865723,317.6427612305
2021-01-07,348.4599914551,322.3890686035
2021-01-08,350.4200134277,324.2023620605
2021-01-11,348.1300048828,322.0836181641
2021-01-12,348.1600036621,322.1113891602
2021-01-13,349.0299987793,322.9163818359
2021-01-14,347.8500061035,321.8245849609
2021-01-15,345.3699951172,319.5302124023
2021-01-19,348.1000061035,322.0558471680
2021-01-20,352.8299865723,326.4320068359
2021-01-21,353.1600036621,326.7373962402
2021-01-22,351.8999938965,325.5715942383
2021-01-25,353.3299865723,326.8945617676
2021-01-26,352.7999877930,326.4042663574
2021-01-27,344.2399902344,318.4846496582
2021-01-28,347.1300048828,321.1584472656
2021-01-29,340.1799926758,314.7284851074
2021-02-01,345.7699890137,319.9002685547
2021-02-02,350.7399902344,324.4983215332
2021-02-03,351.0899963379,324.8221740723
2021-02-04,355.0199890137,328.4581298828
2021-02-05,356.4400024414,329.7719116211
2021-02-08,359.0700073242,332.2052001953
2021-02-09,358.7799987793,331.9368896484
2021-02-10,358.6400146484,331.8073120117
2021-02-11,359.2200012207,332.3439331055
2021-02-12,361.0499877930,334.0369567871
2021-02-16,360.7099914551,333.7224426270
2021-02-17,360.7900085449,333.7964782715
2021-02-18,359.2500000000,332.3717041016
2021-02-19,358.5899963379,331.7611083984
2021-02-22,355.7699890137,329.1520690918
2021-02-23,356.2200012207,329.5683288574
2021-02-24,360.1600036621,333.2135925293
2021-02-25,351.5199890137,325.2200622559
2021-02-26,349.5899963379,323.4344177246
2021-03-01,358.1199951172,331.3262023926
2021-03-02,355.3500061035,328.7635192871
2021-03-03,350.6600036621,324.4243774414
2021-03-04,346.3399963379,320.4275512695
2021-03-05,352.6900024414,326.3024902344
2021-03-08,350.9599914551,324.7019653320
2021-03-09,355.8699951172,329.2444763184
2021-03-10,358.0700073242,331.2799377441
2021-03-11,361.8500061035,334.7771606445
2021-03-12,362.3599853516,335.2490234375
2021-03-15,364.4599914551,337.1919555664
2021-03-16,364.0499877930,336.8125915527
2021-03-17,365.2399902344,337.9135437012
2021-03-18,359.8699951172,332.9452819824
2021-03-19,359.2300109863,332.3532104492
2021-03-22,362.0700073242,334.9807434082
2021-03-23,359.4100036621,332.5196838379
2021-03-24,357.4200134277,330.6786193848
2021-03-25,359.4299926758,332.5382080078
2021-03-26,364.0100097656,337.9631347656
2021-03-29,363.7900085449,337.7588806152
2021-03-30,362.8599853516,336.8954467773
2021-03-31,364.2999877930,338.2323303223
2021-04-01,368.1600036621,341.8161010742
2021-04-05,373.4700012207,346.7461242676
2021-04-06,373.2600097656,346.5513305664
2021-04-07,373.7300109863,346.9876403809
2021-04-08,375.5499877930,348.6773376465
2021-04-09,378.2500000000,351.1841430664
2021-04-12,378.4200134277,351.3420410156
2021-04-13,379.4500122070,352.2983398438
2021-04-14,378.2300109863,351.1656799316
2021-04-15,382.2900085449,354.9351196289
2021-04-16,383.6300048828,356.1791992188
2021-04-19,381.7399902344,354.4244079590
2021-04-20,378.9400024414,351.8248901367
2021-04-21,382.5000000000,355.1300964355
2021-04-22,378.9899902344,351.8711547852
2021-04-23,383.0299987793,355.6221008301
2021-04-26,383.8599853516,356.3926086426
2021-04-27,383.7399902344,356.2813110352
2021-04-28,383.5599975586,356.1141662598
2021-04-29,386.1199951172,358.4910278320
2021-04-30,383.5700073242,356.1234741211
2021-05-03,384.4400024414,356.9312133789
2021-05-04,382.1000061035,354.7587280273
2021-05-05,382.1700134277,354.8237304688
2021-05-06,385.2799987793,357.7110900879
2021-05-07,388.0299987793,360.2643127441
2021-05-10,384.2300109863,356.7362670898
2021-05-11,380.8599853516,353.6073913574
2021-05-12,372.7300109863,346.0591430664
2021-05-13,377.1600036621,350.1721801758
2021-05-14,382.9500122070,355.5478210449
2021-05-17,382.0299987793,354.6936950684
2021-05-18,378.7300109863,351.6298828125
2021-05-19,377.7300109863,350.7013549805
2021-05-20,381.7600097656,354.4429931641
2021-05-21,381.4700012207,354.1737670898
2021-05-24,385.3200073242,357.7482910156
2021-05-25,384.5100097656,356.9962158203
2021-05-26,385.2099914551,357.6461181641
2021-05-27,385.3800048828,357.8040161133
2021-05-28,386.1300048828,358.5003051758
2021-06-01,385.8299865723,358.2218017578
2021-06-02,386.4800109863,358.8252258301
2021-06-03,385.0100097656,357.4604797363
2021-06-04,388.5000000000,360.7006530762
2021-06-07,388.1700134277,360.3943481445
2021-06-08,388.2300109863,360.4500732422
2021-06-09,387.6199951172,359.8836669922
2021-06-10,389.4100036621,361.5455627441
2021-06-11,390.0899963379,362.1770019531
2021-06-14,391.0700073242,363.0868225098
2021-06-15,390.2500000000,362.3255004883
2021-06-16,388.1099853516,360.3386230469
2021-06-17,387.9700012207,360.2086486816
2021-06-18,382.8200073242,355.4271545410
2021-06-21,388.1799926758,360.4035644531
2021-06-22,390.2399902344,362.3162841797
2021-06-23,389.8200073242,361.9262084961
2021-06-24,392.0499877930,363.9967346191
2021-06-25,393.5000000000,365.3429260254
2021-06-28,394.3200073242,366.1042480469
2021-06-29,393.1600036621,366.2653808594
2021-06-30,393.5199890137,366.6007690430
2021-07-01,395.7399902344,368.6690063477
2021-07-02,398.7500000000,371.4729614258
2021-07-06,398.0000000000,370.7743225098
2021-07-07,399.3699951172,372.0506591797
2021-07-08,396.1900024414,369.0881958008
2021-07-09,400.3699951172,372.9821777344
2021-07-12,401.8200073242,374.3330383301
2021-07-13,400.4599914551,373.0661010742
2021-07-14,401.0100097656,373.5784606934
2021-07-15,399.7200012207,372.3767089844
2021-07-16,396.6099853516,369.4793701172
2021-07-19,390.6799926758,363.9550781250
2021-07-20,396.2000122070,369.0975341797
2021-07-21,399.5299987793,372.1997070312
2021-07-22,400.3800048828,372.9915466309
2021-07-23,404.3800048828,376.7179565430
2021-07-26,405.4100036621,377.6775207520
2021-07-27,403.6099853516,376.0005187988
2021-07-28,403.3900146484,375.7956542969
2021-07-29,405.1300048828,377.4166259766
2021-07-30,403.1499938965,375.5720825195
2021-08-02,402.3299865723,374.8081359863
2021-08-03,405.5799865723,377.8358154297
2021-08-04,403.6400146484,376.0284729004
2021-08-05,406.1600036621,378.3760681152
2021-08-06,406.8599853516,379.0283203125
2021-08-09,406.4700012207,378.6649169922
2021-08-10,406.9800109863,379.1400146484
2021-08-11,407.9599914551,380.0529785156
2021-08-12,409.1499938965,381.1615905762
2021-08-13,409.9599914551,381.9161987305
2021-08-16,410.9400024414,382.8291931152
2021-08-17,408.2300109863,380.3045959473
2021-08-18,403.8399963379,376.2147827148
2021-08-19,404.4100036621,376.7458801270
2021-08-20,407.6099853516,379.7269592285
2021-08-23,411.2200012207,383.0900268555
2021-08-24,411.8699951172,383.6955566406
2021-08-25,412.6300048828,384.4036254883
2021-08-26,410.2200012207,382.1583862305
2021-08-27,413.8599853516,385.5493774414
2021-08-30,415.7600097656,387.3194274902
2021-08-31,415.0499877930,386.6580505371
2021-09-01,415.4899902344,387.0679016113
2021-09-02,416.7300109863,388.2231140137
2021-09-03,416.5700073242,388.0740051270
2021-09-07,415.0299987793,386.6393432617
2021-09-08,414.6300048828,386.2666931152
2021-09-09,412.7699890137,384.5339660645
2021-09-10,409.5799865723,381.5622253418
2021-09-13,410.5400085449,382.4565124512
2021-09-14,408.4100036621,380.4721984863
2021-09-15,411.8200073242,383.6489562988
2021-09-16,411.1099853516,382.9875488281
2021-09-17,407.0799865723,379.2331848145
2021-09-20,400.4299926758,373.0380554199
2021-09-21,400.0400085449,372.6748657227
2021-09-22,403.8999938965,376.2706909180
2021-09-23,408.7799987793,380.8169250488
2021-09-24,409.4599914551,381.4503784180
2021-09-27,408.2999877930,380.3697509766
2021-09-28,400.1400146484,372.7680053711
2021-09-29,399.4599914551,373.3548583984
2021-09-30,394.3999938965,368.6256103516
2021-10-01,399.1199951172,373.0371704102
2021-10-04,394.2099914551,368.4480285645
2021-10-05,398.0400085449,372.0277099609
2021-10-06,399.8099975586,373.6820373535
2021-10-07,403.2500000000,376.8972473145
2021-10-08,402.4899902344,376.1868896484
2021-10-11,399.5599975586,373.4483642578
2021-10-12,398.7600097656,372.7006835938
2021-10-13,400.0400085449,373.8970642090
2021-10-14,406.7600097656,380.1778259277
2021-10-15,409.9299926758,383.1406555176
2021-10-18,411.1799926758,384.3089904785
2021-10-19,414.3800048828,387.2998352051
2021-10-20,415.9899902344,388.8046569824
2021-10-21,417.0100097656,389.7580871582
2021-10-22,416.5899963379,389.3655090332
2021-10-25,418.7500000000,391.3842773438
2021-10-26,419.1499938965,391.7581481934
2021-10-27,417.3299865723,390.0571289062
2021-10-28,421.4100036621,393.8704528809
2021-10-29,422.1600036621,394.5714721680
2021-11-01,423.0499877930,395.4032592773
2021-11-02,424.6900024414,396.9361572266
2021-11-03,427.2500000000,399.3287963867
2021-11-04,429.2500000000,401.1981506348
2021-11-05,430.7099914551,402.5626525879
2021-11-08,431.2300109863,403.0486755371
2021-11-09,429.7200012207,401.6374511719
2021-11-10,426.2600097656,398.4035034180
2021-11-11,426.3999938965,398.5343627930
2021-11-12,429.5700073242,401.4971923828
2021-11-15,429.7699890137,401.6841125488
2021-11-16,431.4100036621,403.2169189453
2021-11-17,430.3699951172,402.2449035645
2021-11-18,431.8599853516,403.6375122070
2021-11-19,431.0499877930,402.8804931641
2021-11-22,429.9100036621,401.8150024414
2021-11-23,430.4700012207,402.3383789062
2021-11-24,431.5299987793,403.3290405273
2021-11-26,422.1400146484,394.5527648926
2021-11-29,427.2399902344,399.3194885254
2021-11-30,419.0599975586,391.6740722656
2021-12-01,414.2399902344,387.1689758301
2021-12-02,420.5599975586,393.0759582520
2021-12-03,416.8399963379,389.5990905762
2021-12-06,421.8200073242,394.2536621094
2021-12-07,430.4899902344,402.3570861816
2021-12-08,431.7000122070,403.4880371094
2021-12-09,428.7600097656,400.7401733398
2021-12-10,432.8500061035,404.5627746582
2021-12-13,429.0100097656,400.9738464355
2021-12-14,426.0899963379,398.2445678711
2021-12-15,432.7500000000,404.4693603516
2021-12-16,428.8399963379,400.8149414062
2021-12-17,424.3900146484,396.6557617188
2021-12-20,419.7999877930,392.3656616211
2021-12-21,425.6900024414,399.3290100098
2021-12-22,429.9899902344,403.3627319336
2021-12-23,432.6400146484,405.8486633301
2021-12-27,438.8099975586,411.6365356445
2021-12-28,438.4800109863,411.3269958496
2021-12-29,439.0100097656,411.8241577148
2021-12-30,437.7699890137,410.6609497070
2021-12-31,436.5700073242,409.5352783203
2022-01-03,439.2500000000,412.0492858887
2022-01-04,439.0700073242,411.8803710938
2022-01-05,430.6600036621,403.9913024902
2022-01-06,430.0799865723,403.4471740723
2022-01-07,428.5899963379,402.0494384766
2022-01-10,428.0299987793,401.5241394043
2022-01-11,431.7799987793,405.0418395996
2022-01-12,433.0700073242,406.2520141602
2022-01-13,427.1000061035,400.6517028809
2022-01-14,427.2300109863,400.7735900879
2022-01-18,419.7399902344,393.7474060059
2022-01-19,415.3299865723,389.6105041504
2022-01-20,410.7600097656,385.3234863281
2022-01-21,402.6900024414,377.7532958984
2022-01-24,404.3699951172,379.3292541504
2022-01-25,399.4599914551,374.7232971191
2022-01-26,398.5599975586,373.8789978027
2022-01-27,396.5400085449,371.9841308594
2022-01-28,406.2600097656,381.1022338867
2022-01-31,413.6900024414,388.0721435547
2022-02-01,416.3900146484,390.6048889160
2022-02-02,420.3599853516,394.3290405273
2022-02-03,410.5899963379,385.1640319824
2022-02-04,412.5199890137,386.9745483398
2022-02-07,411.1600036621,385.6987609863
2022-02-08,414.4899902344,388.8225097656
2022-02-09,420.5700073242,394.5260925293
2022-02-10,413.1799926758,387.5936889648
2022-02-11,404.9400024414,379.8639526367
2022-02-14,403.6199951172,378.6257019043
2022-02-15,410.1000061035,384.7044067383
2022-02-16,410.5899963379,385.1640319824
2022-02-17,401.8599853516,376.9747619629
2022-02-18,399.2900085449,374.5639038086
2022-02-22,394.9200134277,370.4645385742
2022-02-23,387.8099975586,363.7946777344
2022-02-24,393.7699890137,369.3856811523
2022-02-25,402.3699951172,377.4530639648
2022-02-28,401.3599853516,376.5056457520
2022-03-01,395.3399963379,370.8584289551
2022-03-02,402.6000061035,377.6688842773
2022-03-03,400.5799865723,375.7739562988
2022-03-04,397.3399963379,372.7345275879
2022-03-07,385.6099853516,361.7309265137
2022-03-08,382.7000122070,359.0011596680
2022-03-09,392.8999938965,368.5694580078
2022-03-10,391.1499938965,366.9278564453
2022-03-11,386.1600036621,362.2468261719
2022-03-14,383.3399963379,359.6015014648
2022-03-15,391.7500000000,367.4906921387
2022-03-16,400.5100097656,375.7083129883
2022-03-17,405.4100036621,380.3048400879
2022-03-18,409.8900146484,384.5074462891
2022-03-21,409.9100036621,384.5260925293
2022-03-22,414.6700134277,388.9914245605
2022-03-23,409.3299865723,383.9820556641
2022-03-24,414.0199890137,389.6897583008
2022-03-25,416.1199951172,391.6662902832
2022-03-28,418.9899902344,394.3676757812
2022-03-29,424.2900085449,399.3562316895
2022-03-30,421.6499938965,396.8713073730
2022-03-31,415.1700134277,390.7721862793
2022-04-01,416.3200073242,391.8545837402
2022-04-04,419.8500061035,395.1770935059
2022-04-05,414.6600036621,390.2921447754
2022-04-06,410.4599914551,386.3388977051
2022-04-07,412.5299987793,388.2872924805
2022-04-08,411.5299987793,387.3460693359
2022-04-11,404.3999938965,380.6350402832
2022-04-12,402.9200134277,379.2420959473
2022-04-13,407.4700012207,383.5245971680
2022-04-14,402.5199890137,378.8655090332
2022-04-18,402.5899963379,378.9314270020
2022-04-19,409.0199890137,384.9835815430
2022-04-20,408.7099914551,384.6917114258
2022-04-21,402.6499938965,378.9878845215
2022-04-22,391.6600036621,368.6437072754
2022-04-25,393.7999877930,370.6580200195
2022-04-26,382.5400085449,360.0596923828
2022-04-27,383.5299987793,360.9915161133
2022-04-28,393.1400146484,370.0367736816
2022-04-29,378.7000122070,356.4453430176
2022-05-02,381.0799865723,358.6854553223
2022-05-03,382.7300109863,360.2385864258
2022-05-04,394.3399963379,371.1663513184
2022-05-05,380.4899902344,358.1301269531
2022-05-06,378.1000061035,355.8806152344
2022-05-09,365.8999938965,344.3975524902
2022-05-10,366.8399963379,345.2823181152
2022-05-11,360.9299926758,339.7195739746
2022-05-12,360.6499938965,339.4560546875
2022-05-13,369.1600036621,347.4660339355
2022-05-16,367.8399963379,346.2235107422
2022-05-17,375.2000122070,353.1510314941
2022-05-18,360.3399963379,339.1642761230
2022-05-19,357.9299926758,336.8959045410
2022-05-20,358.0199890137,336.9806518555
2022-05-23,364.8099975586,343.3715820312
2022-05-24,362.1799926758,340.8961181641
2022-05-25,365.2000122070,343.7387390137
2022-05-26,372.4599914551,350.5720214844
2022-05-27,381.7999877930,359.3631591797
2022-05-31,379.6799926758,357.3677062988
2022-06-01,376.5000000000,354.3746643066
2022-06-02,383.6499938965,361.1044921875
2022-06-03,377.4400024414,355.2593688965
2022-06-06,378.4700012207,356.2288818359
2022-06-07,382.1700134277,359.7114257812
2022-06-08,377.9899902344,355.7770385742
2022-06-09,369.1000061035,347.4095153809
2022-06-10,358.2699890137,337.2158508301
2022-06-13,344.4599914551,324.2174987793
2022-06-14,343.6000061035,323.4079895020
2022-06-15,348.5199890137,328.0389099121
2022-06-16,337.0700073242,317.2618103027
2022-06-17,337.9500122070,318.0900573730
2022-06-21,346.2300109863,325.8834228516
2022-06-22,345.5000000000,325.1963806152
2022-06-23,349.1300048828,328.6130676270
2022-06-24,360.0000000000,338.8442993164
2022-06-27,358.6499938965,337.5736083984
2022-06-28,350.8999938965,330.2790222168
2022-06-29,349.6400146484,330.4415893555
2022-06-30,346.8800048828,327.8332214355
2022-07-01,350.4400024414,331.1976928711
2022-07-05,351.0599975586,331.7836608887
2022-07-06,352.3299865723,332.9838867188
2022-07-07,357.5000000000,337.8700256348
2022-07-08,357.2900085449,337.6715393066
2022-07-11,353.2500000000,333.8533935547
2022-07-12,349.9899902344,330.7723999023
2022-07-13,348.3599853516,329.2319335938
2022-07-14,347.4400024414,328.3623962402
2022-07-15,354.0100097656,334.5716247559
2022-07-18,351.0799865723,331.8025207520
2022-07-19,360.6099853516,340.8092956543
2022-07-20,362.9200134277,342.9924011230
2022-07-21,366.5899963379,346.4609375000
2022-07-22,363.2500000000,343.3042602539
2022-07-25,363.6099853516,343.6445007324
2022-07-26,359.2500000000,339.5239868164
2022-07-27,368.6600036621,348.4171752930
2022-07-28,373.3200073242,352.8214416504
2022-07-29,378.7900085449,357.9909973145
2022-08-01,377.6499938965,356.9136047363
2022-08-02,375.2099914551,354.6075439453
2022-08-03,381.0700073242,360.1457519531
2022-08-04,380.7699890137,359.8622131348
2022-08-05,379.9800109863,359.1156616211
2022-08-08,379.6400146484,358.7942810059
2022-08-09,378.1400146484,357.3767700195
2022-08-10,386.0599975586,364.8618469238
2022-08-11,386.0599975586,364.8618469238
2022-08-12,392.6700134277,371.1088562012
2022-08-15,394.3500061035,372.6966552734
2022-08-16,395.0400085449,373.3487243652
2022-08-17,392.3399963379,370.7969665527
2022-08-18,393.5499877930,371.9406127930
2022-08-19,388.1199951172,366.8087158203
2022-08-22,379.9400024414,359.0778808594
2022-08-23,379.0400085449,358.2272644043
2022-08-24,380.1900024414,359.3141174316
2022-08-25,385.7300109863,364.5499267578
2022-08-26,372.5100097656,352.0557861328
2022-08-29,370.0499877930,349.7309265137
2022-08-30,366.0299987793,345.9316101074
2022-08-31,363.1499938965,343.2097167969
2022-09-01,364.2699890137,344.2682495117
2022-09-02,360.4500122070,340.6580505371
2022-09-06,359.2399902344,339.5144958496
2022-09-07,365.6799926758,345.6009521484
2022-09-08,368.0700073242,347.8596496582
2022-09-09,373.7500000000,353.2277832031
2022-09-12,377.8599853516,357.1120300293
2022-09-13,361.3800048828,341.5369873047
2022-09-14,362.7300109863,342.8128356934
2022-09-15,358.6799926758,338.9852294922
2022-09-16,355.8599853516,336.3200378418
2022-09-19,358.5899963379,338.9001770020
2022-09-20,354.5499877930,335.0820007324
2022-09-21,348.3099975586,329.1846618652
2022-09-22,345.3699951172,326.4060058594
2022-09-23,339.6300048828,320.9812011719
2022-09-26,336.3399963379,317.8719177246
2022-09-27,335.3900146484,316.9740295410
2022-09-28,340.4800109863,323.2002258301
2022-09-29,333.3800048828,316.4604797363
2022-09-30,328.2999877930,311.6383361816
2022-10-03,336.9800109863,319.8778076172
2022-10-04,347.2099914551,329.5886230469
2022-10-05,346.6099853516,329.0191040039
2022-10-06,342.9599914551,325.5543518066
2022-10-07,333.3299865723,316.4129943848
2022-10-10,330.8399963379,314.0493774414
2022-10-11,328.6600036621,311.9800109863
2022-10-12,327.6400146484,311.0118103027
2022-10-13,336.2200012207,319.1563720703
2022-10-14,328.6499938965,311.9705810547
2022-10-17,337.0000000000,319.8967590332
2022-10-18,340.9700012207,323.6652832031
2022-10-19,338.6099853516,321.4250488281
2022-10-20,335.8299865723,318.7861633301
2022-10-21,343.8999938965,326.4465942383
2022-10-24,348.0899963379,330.4240112305
2022-10-25,353.7500000000,335.7966918945
2022-10-26,351.1099853516,333.2906188965
2022-10-27,349.2300109863,331.5061340332
2022-10-28,357.3800048828,339.2424621582
2022-10-31,354.9500122070,336.9358215332
2022-11-01,353.5199890137,335.5783386230
2022-11-02,344.5000000000,327.0161437988
2022-11-03,340.8299865723,323.5324401855
2022-11-04,345.8200073242,328.2691650391
2022-11-07,349.1400146484,331.4207458496
2022-11-08,351.0400085449,333.2243041992
2022-11-09,343.8699951172,326.4181213379
2022-11-10,362.6900024414,344.2829589844
2022-11-11,366.1600036621,347.5768737793
2022-11-14,363.2200012207,344.7860717773
2022-11-15,366.2200012207,347.6337890625
2022-11-16,363.4400024414,344.9949340820
2022-11-17,362.3900146484,343.9981994629
2022-11-18,363.9899902344,345.5170288086
2022-11-21,362.7099914551,344.3019409180
2022-11-22,367.5400085449,348.8868408203
2022-11-23,369.8399963379,351.0701293945
2022-11-25,369.7999877930,351.0321655273
2022-11-28,363.9500122070,345.4790954590
2022-11-29,363.3099975586,344.8715515137
2022-11-30,374.4899902344,355.4841003418
2022-12-01,374.5400085449,355.5316162109
2022-12-02,374.0000000000,355.0189819336
2022-12-05,367.3399963379,348.6970214844
2022-12-06,362.0299987793,343.6565246582
2022-12-07,361.3299865723,342.9920043945
2022-12-08,364.1799926758,345.6973571777
2022-12-09,361.5199890137,343.1723937988
2022-12-12,366.6799926758,348.0704650879
2022-12-13,369.3900146484,350.6429443359
2022-12-14,367.1600036621,348.5261230469
2022-12-15,358.1300048828,339.9544677734
2022-12-16,353.8599853516,335.9010620117
2022-12-19,350.8099975586,333.0058898926
2022-12-20,349.6700134277,333.5133361816
2022-12-21,354.8999938965,338.5016479492
2022-12-22,349.9100036621,333.7422485352
2022-12-23,351.8699951172,335.6116638184
2022-12-27,350.4700012207,334.2763366699
2022-12-28,346.1700134277,330.1751098633
2022-12-29,352.3099975586,336.0313720703
2022-12-30,351.3399963379,335.1062011719
2023-01-03,349.9899902344,333.8185424805
2023-01-04,352.5100097656,336.2221374512
2023-01-05,348.6600036621,332.5500183105
2023-01-06,356.5899963379,340.1135559082
2023-01-09,356.3299865723,339.8655395508
2023-01-10,358.8699951172,342.2882385254
2023-01-11,363.4500122070,346.6566162109
2023-01-12,364.8099975586,347.9538269043
2023-01-13,366.2300109863,349.3082275391
2023-01-17,365.6700134277,348.7741088867
2023-01-18,359.7300109863,343.1085205078
2023-01-19,357.1400146484,340.6382446289
2023-01-20,363.7099914551,346.9045410156
2023-01-23,368.1400146484,351.1299438477
2023-01-24,367.7500000000,350.7579040527
2023-01-25,367.8800048828,350.8818969727
2023-01-26,371.8099975586,354.6303710938
2023-01-27,372.8699951172,355.6414489746
2023-01-30,368.2099914551,351.1966857910
2023-01-31,373.4400024414,356.1850280762
2023-02-01,377.5299987793,360.0860595703
2023-02-02,382.9400024414,365.2461547852
2023-02-03,378.8500061035,361.3451232910
2023-02-06,376.6600036621,359.2562866211
2023-02-07,381.5199890137,363.8916625977
2023-02-08,377.3399963379,359.9048767090
2023-02-09,374.1099853516,356.8240661621
2023-02-10,375.0199890137,357.6920471191
2023-02-13,379.3500061035,361.8219604492
2023-02-14,379.2099914551,361.6884155273
2023-02-15,380.4800109863,362.8997192383
2023-02-16,375.1900024414,357.8541564941
2023-02-17,374.2200012207,356.9290771484
2023-02-21,366.7900085449,349.8422546387
2023-02-22,366.3299865723,349.4035034180
2023-02-23,368.1700134277,351.1585388184
2023-02-24,364.2300109863,347.4005432129
2023-02-27,365.4899902344,348.6023864746
2023-02-28,364.1099853516,347.2861328125
2023-03-01,362.7799987793,346.0176086426
2023-03-02,365.4899902344,348.6023864746
2023-03-03,371.2799987793,354.1249084473
2023-03-06,371.7300109863,354.5541381836
2023-03-07,365.9800109863,349.0697631836
2023-03-08,366.5499877930,349.6134033203
2023-03-09,359.8399963379,343.2134399414
2023-03-10,354.6799926758,338.2918701172
2023-03-13,354.0799865723,337.7195739746
2023-03-14,359.9599914551,343.3278503418
2023-03-15,357.7399902344,341.2103881836
2023-03-16,363.8599853516,347.0476989746
2023-03-17,359.8800048828,343.2516174316
2023-03-20,363.1300048828,346.3514709473
2023-03-21,367.8800048828,350.8818969727
2023-03-22,361.7799987793,345.0637207031
2023-03-23,362.6400146484,345.8840637207
2023-03-24,363.5599975586,348.1892700195
2023-03-27,364.1600036621,348.7639160156
2023-03-28,363.5199890137,348.1509704590
2023-03-29,368.6900024414,353.1023864746
2023-03-30,370.8900146484,355.2094421387
2023-03-31,376.0700073242,360.1703796387
2023-04-03,377.5599975586,361.5974121094
2023-04-04,375.4299926758,359.5574340820
2023-04-05,374.5199890137,358.6859741211
2023-04-06,375.9500122070,360.0554809570
2023-04-10,376.3599853516,360.4481201172
2023-04-11,376.4100036621,360.4960327148
2023-04-12,374.9100036621,359.0593872070
2023-04-13,379.7699890137,363.7139282227
2023-04-14,378.9899902344,362.9669494629
2023-04-17,380.2799987793,364.2023620605
2023-04-18,380.5400085449,364.4513854980
2023-04-19,380.5199890137,364.4321899414
2023-04-20,378.3699951172,362.3731384277
2023-04-21,378.5899963379,362.5838928223
2023-04-24,379.0899963379,363.0627441406
2023-04-25,373.1000061035,357.3259887695
2023-04-26,371.4400024414,355.7362060547
2023-04-27,378.8099975586,362.7945251465
2023-04-28,382.0499877930,365.8975830078
2023-05-01,381.7900085449,365.6485900879
2023-05-02,377.5100097656,361.5494995117
2023-05-03,374.8800048828,359.0307006836
2023-05-04,372.1400146484,356.4065856934
2023-05-05,378.9700012207,362.9478149414
2023-05-08,379.1799926758,363.1489257812
2023-05-09,377.5400085449,361.5782165527
2023-05-10,379.1900024414,363.1584777832
2023-05-11,378.6600036621,362.6509399414
2023-05-12,378.1499938965,362.1624145508
2023-05-15,379.4599914551,363.4169921875
2023-05-16,376.9500122070,361.0132446289
2023-05-17,381.4500122070,365.3228759766
2023-05-18,385.1799926758,368.8952026367
2023-05-19,384.5700073242,368.3110351562
2023-05-22,384.7799987793,368.5121459961
2023-05-23,380.4800109863,364.3939208984
2023-05-24,377.6300048828,361.6644287109
2023-05-25,380.9200134277,364.8153076172
2023-05-26,385.8699951172,369.5560302734
2023-05-30,385.9899902344,369.6709899902
2023-05-31,383.8900146484,367.6597595215
2023-06-01,387.5700073242,371.1842346191
2023-06-02,393.2600097656,376.6336364746
2023-06-05,392.5000000000,375.9057312012
2023-06-06,393.3099975586,376.6814880371
2023-06-07,392.0199890137,375.4460144043
2023-06-08,394.3699951172,377.6966857910
2023-06-09,395.0299987793,378.3287963867
2023-06-12,398.6600036621,381.8053588867
2023-06-13,401.2900085449,384.3241577148
2023-06-14,401.6000061035,384.6210327148
2023-06-15,406.7500000000,389.5533142090
2023-06-16,405.2500000000,388.1166992188
2023-06-20,403.3800048828,386.3257446289
2023-06-21,401.1700134277,384.2092590332
2023-06-22,402.6300048828,385.6074523926
2023-06-23,399.6099853516,382.7151489258
2023-06-26,397.9599914551,381.1349182129
2023-06-27,402.3699951172,385.3583984375
2023-06-28,402.5499877930,385.5308532715
2023-06-29,402.5100097656,387.0077209473
2023-06-30,407.2799987793,391.5940551758
2023-07-03,408.0599975586,392.3439636230
2023-07-05,407.1499938965,391.4689941406
2023-07-06,403.8299865723,388.2768859863
2023-07-07,402.8900146484,387.3730773926
2023-07-10,403.9700012207,388.4114379883
2023-07-11,406.5599975586,390.9017639160
2023-07-12,409.7600097656,393.9785156250
2023-07-13,413.1000061035,397.1898498535
2023-07-14,412.7699890137,396.8725891113
2023-07-17,414.2099914551,398.2570800781
2023-07-18,417.3500061035,401.2762145996
2023-07-19,418.2500000000,402.1415405273
2023-07-20,415.5199890137,399.5166625977
2023-07-21,415.5700073242,399.5646972656
2023-07-24,417.3299865723,401.2569274902
2023-07-25,418.5599975586,402.4395751953
2023-07-26,418.6600036621,402.5357055664
2023-07-27,415.8200073242,399.8051147461
2023-07-28,419.8699951172,403.6990966797
2023-07-31,420.6799926758,404.4779052734
2023-08-01,419.3800048828,403.2279968262
2023-08-02,413.5700073242,397.6417846680
2023-08-03,412.3999938965,396.5167846680
2023-08-04,410.3800048828,394.5746154785
2023-08-07,414.0799865723,398.1320800781
2023-08-08,412.2900085449,396.4110107422
2023-08-09,409.5499877930,393.7765502930
2023-08-10,409.7900085449,394.0073242188
2023-08-11,409.4100036621,393.6419372559
2023-08-14,411.7200012207,395.8630065918
2023-08-15,407.0000000000,391.3247680664
2023-08-16,403.9899902344,388.4306640625
2023-08-17,400.7200012207,385.2866821289
2023-08-18,401.0899963379,385.6423950195
2023-08-21,403.7399902344,388.1903381348
2023-08-22,402.6099853516,387.1038513184
2023-08-23,406.9500122070,391.2767333984
2023-08-24,401.5400085449,386.0751037598
2023-08-25,404.2000122070,388.6326293945
2023-08-28,406.8599853516,391.1901855469
2023-08-29,412.6400146484,396.7476806641
2023-08-30,414.3599853516,398.4013366699
2023-08-31,413.8299865723,397.8917236328
2023-09-01,414.7099914551,398.7378234863
2023-09-05,412.8999938965,396.9975585938
2023-09-06,410.0499877930,394.2572937012
2023-09-07,408.8299865723,393.0843200684
2023-09-08,409.3900146484,393.6227722168
2023-09-11,412.0799865723,396.2091369629
2023-09-12,409.8699951172,394.0842285156
2023-09-13,410.3500061035,394.5457763672
2023-09-14,413.8999938965,397.9590148926
2023-09-15,408.7399902344,392.9977722168
2023-09-18,409.1900024414,393.4304199219
2023-09-19,408.3699951172,392.6420593262
2023-09-20,404.5499877930,388.9691467285
2023-09-21,397.9200134277,382.5944519043
2023-09-22,396.9599914551,381.6714477539
2023-09-25,398.6099853516,383.2579040527
2023-09-26,392.7600097656,377.6332092285
2023-09-27,392.8500061035,377.7197265625
2023-09-28,393.6400146484,379.9232177734
2023-09-29,392.7000122070,379.0159912109
2023-10-02,392.6700134277,378.9870300293
2023-10-03,387.3900146484,373.8910217285
2023-10-04,390.2399902344,376.6416625977
2023-10-05,389.9100036621,376.3231811523
2023-10-06,394.5599975586,380.8111267090
2023-10-09,397.1900024414,383.3494873047
2023-10-10,399.2399902344,385.3280334473
2023-10-11,400.9299926758,386.9591674805
2023-10-12,398.5199890137,384.6331787109
2023-10-13,396.4200134277,382.6063537598
2023-10-16,400.5700073242,386.6117248535
2023-10-17,400.5799865723,386.6213684082
2023-10-18,395.2200012207,381.4481506348
2023-10-19,391.8699951172,378.2148742676
2023-10-20,386.9899902344,373.5049438477
2023-10-23,386.3099975586,372.8486328125
2023-10-24,389.2000122070,375.6379394531
2023-10-25,383.7099914551,370.3392333984
2023-10-26,379.0000000000,365.7933959961
2023-10-27,377.3200073242,364.1719360352
2023-10-30,381.8599853516,368.5536804199
2023-10-31,384.1700134277,370.7832031250
2023-11-01,388.3999938965,374.8657836914
2023-11-02,395.7799987793,381.9886169434
2023-11-03,399.4400024414,385.5210876465
2023-11-06,400.2099914551,386.2642822266
2023-11-07,401.3399963379,387.3549194336
2023-11-08,401.6700134277,387.6734313965
2023-11-09,398.6400146484,384.7489318848
2023-11-10,404.8599853516,390.7522277832
2023-11-13,404.4500122070,390.3565368652
2023-11-14,412.2200012207,397.8557434082
2023-11-15,413.1199951172,398.7244262695
2023-11-16,413.7000122070,399.2842407227
2023-11-17,414.3099975586,399.8729553223
2023-11-20,417.4299926758,402.8841857910
2023-11-21,416.3399963379,401.8321838379
2023-11-22,418.1400146484,403.5694274902
2023-11-24,418.3699951172,403.7914428711
2023-11-27,417.6400146484,403.0869140625
2023-11-28,418.0499877930,403.4825744629
2023-11-29,417.7799987793,403.2220764160
2023-11-30,419.3999938965,404.7855529785
2023-12-01,421.8599853516,407.1598510742
2023-12-04,419.7399902344,405.1136779785
2023-12-05,419.6099853516,404.9882507324
2023-12-06,417.8599853516,403.2992858887
2023-12-07,421.1300048828,406.4552307129
2023-12-08,422.9200134277,408.1829528809
2023-12-11,424.5599975586,409.7657775879
2023-12-12,426.6700134277,411.8023071289
2023-12-13,432.4800109863,417.4097900391
2023-12-14,433.7500000000,418.6355590820
2023-12-15,433.0899963379,417.9985656738
2023-12-18,435.5400085449,420.3631896973
2023-12-19,438.1900024414,422.9208374023
2023-12-20,430.0899963379,416.8161926270
2023-12-21,434.2799987793,420.8768920898
2023-12-22,435.2900085449,421.8557128906
2023-12-26,437.1000061035,423.6098632812
2023-12-27,437.8999938965,424.3851623535
2023-12-28,437.9700012207,424.4530334473
2023-12-29,436.7999877930,423.3191223145
2024-01-02,434.0100097656,420.6152343750
2024-01-03,430.7900085449,417.4946289062
2024-01-04,429.4299926758,416.1766357422
2024-01-05,429.9800109863,416.7096252441
2024-01-08,436.1300048828,422.6698303223
2024-01-09,435.0700073242,421.6425781250
2024-01-10,437.9400024414,424.4239807129
2024-01-11,437.7900085449,424.2785949707
2024-01-12,437.9899902344,424.4724121094
2024-01-16,436.5000000000,423.0284423828
2024-01-17,434.0700073242,420.6734008789
2024-01-18,437.9299926758,424.4142456055
2024-01-19,443.2900085449,429.6088867188
2024-01-22,444.2999877930,430.5876464844
2024-01-23,445.6199951172,431.8669433594
2024-01-24,445.9899902344,432.2254638672
2024-01-25,448.5000000000,434.6580505371
2024-01-26,448.2300109863,434.3963928223
2024-01-29,451.4899902344,437.5557556152
2024-01-30,451.1700134277,437.2455749512
2024-01-31,443.8200073242,430.1224670410
2024-02-01,449.6600036621,435.7822875977
2024-02-02,454.2799987793,440.2597045898
2024-02-05,452.6199951172,438.6508789062
2024-02-06,454.0299987793,440.0173645020
2024-02-07,457.7600097656,443.6322937012
2024-02-08,458.0700073242,443.9327087402
2024-02-09,460.6700134277,446.4524536133
2024-02-12,460.4599914551,446.2489013672
2024-02-13,453.9700012207,439.9592285156
2024-02-14,458.2900085449,444.1459350586
2024-02-15,461.3900146484,447.1502380371
2024-02-16,459.0299987793,444.8630981445
2024-02-20,456.5100097656,442.4208068848
2024-02-21,456.9700012207,442.8666076660
2024-02-22,466.5700073242,452.1703491211
2024-02-23,466.7799987793,452.3738708496
2024-02-26,465.0700073242,450.7166748047
2024-02-27,465.9299926758,451.5501098633
2024-02-28,465.2099914551,450.8523254395
2024-02-29,466.9299926758,452.5192871094
2024-03-01,471.4299926758,456.8803405762
2024-03-04,470.8699951172,456.3376159668
2024-03-05,466.1499938965,451.7632751465
2024-03-06,468.6199951172,454.1570739746
2024-03-07,473.2600097656,458.6538696289
2024-03-08,470.3900146484,455.8724670410
2024-03-11,470.0000000000,455.4944763184
2024-03-12,475.0299987793,460.3693237305
2024-03-13,474.3099975586,459.6715087891
2024-03-14,473.2699890137,458.6635131836
2024-03-15,470.0100097656,455.5041809082
2024-03-18,472.9500122070,458.3534545898
2024-03-19,475.6000061035,460.9217224121
2024-03-20,479.7500000000,464.9435729980
2024-03-21,481.3500061035,466.4941711426
2024-03-22,479.1799926758,465.8845825195
2024-03-25,477.9400024414,464.6790466309
2024-03-26,476.6000061035,463.3761596680
2024-03-27,480.7600097656,467.4207153320
2024-03-28,480.7000122070,467.3623962402
2024-04-01,480.0700073242,466.7499084473
2024-04-02,476.9299926758,463.6970520020
2024-04-03,477.3599853516,464.1150817871
2024-04-04,471.4800109863,458.3982238770
2024-04-05,476.4899902344,463.2692260742
2024-04-08,476.6799926758,463.4539489746
2024-04-09,477.2699890137,464.0275573730
2024-04-10,472.6499938965,459.5357666016
2024-04-11,476.0599975586,462.8511657715
2024-04-12,469.5700073242,456.5412597656
2024-04-15,463.6099853516,450.7465820312
2024-04-16,462.7799987793,449.9396362305
2024-04-17,459.9899902344,447.2270202637
2024-04-18,458.9400024414,446.2061462402
2024-04-19,455.1000061035,442.4727172852
2024-04-22,459.0499877930,446.3131103516
2024-04-23,464.8399963379,451.9424743652
2024-04-24,464.5000000000,451.6119384766
2024-04-25,462.5799865723,449.7451171875
2024-04-26,467.2099914551,454.2466430664
2024-04-29,468.8399963379,455.8315124512
2024-04-30,461.4299926758,448.6270446777
2024-05-01,459.9299926758,447.1687011719
2024-05-02,464.2200012207,451.3397216797
2024-05-03,469.9800109863,456.9398803711
2024-05-06,474.7200012207,461.5483093262
2024-05-07,475.3999938965,462.2094726562
2024-05-08,475.4200134277,462.2289123535
2024-05-09,478.1499938965,464.8831787109
2024-05-10,478.7399902344,465.4567871094
2024-05-13,478.7699890137,465.4859619141
2024-05-14,481.0400085449,467.6929931641
2024-05-15,486.8999938965,473.3903503418
2024-05-16,485.9700012207,472.4861755371
2024-05-17,486.6900024414,473.1862487793
2024-05-20,487.1700134277,473.6529235840
2024-05-21,488.4800109863,474.9265441895
2024-05-22,487.0599975586,473.5459594727
2024-05-23,483.4400024414,470.0264282227
2024-05-24,486.7300109863,473.2251281738
2024-05-28,487.1199951172,473.6043090820
2024-05-29,483.6900024414,470.2695007324
2024-05-30,480.4400024414,467.1096496582
2024-05-31,484.6199951172,471.1736450195
2024-06-03,485.1499938965,471.6889343262
2024-06-04,485.7399902344,472.2625732422
2024-06-05,491.5499877930,477.9113769531
2024-06-06,491.4400024414,477.8044128418
2024-06-07,490.7999877930,477.1821594238
2024-06-10,492.4100036621,478.7475585938
2024-06-11,493.5299987793,479.8363952637
2024-06-12,497.6400146484,483.8324279785
2024-06-13,498.5799865723,484.7462768555
2024-06-14,498.9800109863,485.1352539062
2024-06-17,502.9400024414,488.9853515625
2024-06-18,504.2799987793,490.2881774902
2024-06-20,502.8800048828,488.9270324707
2024-06-21,501.7799987793,487.8575439453
2024-06-24,500.4299926758,486.5449523926
2024-06-25,502.5100097656,488.5672912598
2024-06-26,503.0700073242,489.1117248535
2024-06-27,503.8500061035,489.8701171875
2024-06-28,500.1300048828,487.9811096191
2024-07-01,501.2799987793,489.1032104492
2024-07-02,504.5299987793,492.2742309570
2024-07-03,506.8099975586,494.4988403320
2024-07-05,509.8399963379,497.4552307129
2024-07-08,510.3299865723,497.9333190918
2024-07-09,510.8900146484,498.4797668457
2024-07-10,515.8099975586,503.2802124023
2024-07-11,511.3900146484,498.9676208496
2024-07-12,514.5499877930,502.0508728027
2024-07-15,516.1099853516,503.5729370117
2024-07-16,519.0399780273,506.4318542480
2024-07-17,511.7900085449,499.3579406738
2024-07-18,507.9400024414,495.6014404297
2024-07-19,504.5499877930,492.2937316895
2024-07-22,509.7900085449,497.4065246582
2024-07-23,508.9400024414,496.5771179199
2024-07-24,497.2900085449,485.2101440430
2024-07-25,494.7799987793,482.7611083984
2024-07-26,500.3299865723,488.1762390137
2024-07-29,500.7000122070,488.5373229980
2024-07-30,498.0799865723,485.9809570312
2024-07-31,505.9299926758,493.6402282715
2024-08-01,499.0299987793,486.9078369141
2024-08-02,489.9100036621,478.0093994141
2024-08-05,475.2000122070,463.6567382812
2024-08-06,479.9400024414,468.2815551758
2024-08-07,476.6099853516,465.0324707031
2024-08-08,487.7300109863,475.8823852539
2024-08-09,489.8200073242,477.9216308594
2024-08-12,490.0700073242,478.1654968262
2024-08-13,498.2099914551,486.1077575684
2024-08-14,499.7999877930,487.6591491699
2024-08-15,508.3800048828,496.0307006836
2024-08-16,509.4500122070,497.0747680664
2024-08-19,514.3499755859,501.8556823730
2024-08-20,513.5000000000,501.0263366699
2024-08-21,515.2999877930,502.7826232910
2024-08-22,511.1300048828,498.7139587402
2024-08-23,516.6599731445,504.1094970703
2024-08-26,515.3900146484,502.8704833984
2024-08-27,516.0800170898,503.5436706543
2024-08-28,513.1300048828,500.6653442383
2024-08-29,513.2100219727,500.7434387207
2024-08-30,518.0399780273,505.4560546875
2024-09-03,507.5599975586,495.2306213379
2024-09-04,506.2999877930,494.0012207031
2024-09-05,505.0499877930,492.7815856934
2024-09-06,496.6400146484,484.5759277344
2024-09-09,502.2300109863,490.0301208496
2024-09-10,504.2999877930,492.0498657227
2024-09-11,509.4599914551,497.0844726562
2024-09-12,513.8400268555,501.3580932617
2024-09-13,516.5700073242,504.0217590332
2024-09-16,517.3499755859,504.7828369141
2024-09-17,517.5900268555,505.0170593262
2024-09-18,515.9099731445,503.3777465820
2024-09-19,524.9099731445,512.1591186523
2024-09-20,523.8800048828,511.1542358398
2024-09-23,525.1699829102,512.4129028320
2024-09-24,526.6799926758,513.8861083984
2024-09-25,525.6099853516,512.8421630859
2024-09-26,527.7000122070,514.8814086914
2024-09-27,525.3800048828,514.2149047852
2024-09-30,527.6699829102,516.4562377930
2024-10-01,522.7399902344,511.6310424805
2024-10-02,522.8300170898,511.7190856934
2024-10-03,521.8400268555,510.7501525879
2024-10-04,526.6500244141,515.4579467773
2024-10-07,521.9099731445,510.8186035156
2024-10-08,526.8499755859,515.6536254883
2024-10-09,530.4500122070,519.1771240234
2024-10-10,529.5599975586,518.3060913086
2024-10-11,532.7100219727,521.3890380859
2024-10-14,537.0700073242,525.6565551758
2024-10-15,532.9799804688,521.6533813477
2024-10-16,535.2199707031,523.8457031250
2024-10-17,535.2999877930,523.9240722656
2024-10-18,537.3599853516,525.9402465820
2024-10-21,536.5300292969,525.1279296875
2024-10-22,536.1599731445,524.7657470703
2024-10-23,531.2700195312,519.9796752930
2024-10-24,532.4699707031,521.1541748047
2024-10-25,532.2600097656,520.9487304688
2024-10-28,533.9199829102,522.5733032227
2024-10-29,534.7700195312,523.4053955078
2024-10-30,533.1599731445,521.8295288086
2024-10-31,522.6699829102,511.5624389648
2024-11-01,524.9400024414,513.7841796875
2024-11-04,523.7999877930,512.6684570312
2024-11-05,530.0999755859,518.8344726562
2024-11-06,543.2999877930,531.7541503906
2024-11-07,547.5300292969,535.8942260742
2024-11-08,549.9500122070,538.2627563477
2024-11-11,550.4000244141,538.7031860352
2024-11-12,548.7500000000,537.0882568359
2024-11-13,549.0300292969,537.3623657227
2024-11-14,545.5399780273,533.9464721680
2024-11-15,538.5000000000,527.0560302734
2024-11-18,540.7299804688,529.2387084961
2024-11-19,542.7000122070,531.1668701172
2024-11-20,542.9000244141,531.3626098633
2024-11-21,545.6400146484,534.0443725586
2024-11-22,547.4699707031,535.8354492188
2024-11-25,549.2299804688,537.5581054688
2024-11-26,552.3099975586,540.5726318359
2024-11-27,550.5499877930,538.8499145508
2024-11-29,553.4500122070,541.6883544922
2024-12-02,555.0100097656,543.2151489258
2024-12-03,555.1400146484,543.3424072266
2024-12-04,558.6400146484,546.7680053711
2024-12-05,557.7100219727,545.8578491211
2024-12-06,558.8200073242,546.9441528320
2024-12-09,555.9099731445,544.0960693359
2024-12-10,554.3300170898,542.5496826172
2024-12-11,558.5300292969,546.6604003906
2024-12-12,555.6500244141,543.8416748047
2024-12-13,555.6099853516,543.8024291992
2024-12-16,557.7899780273,545.9361572266
2024-12-17,555.4500122070,543.6458740234
2024-12-18,539.1400146484,527.6825561523
2024-12-19,538.9400024414,527.4867553711
2024-12-20,545.0399780273,533.4570312500
2024-12-23,547.1900024414,537.2756958008
2024-12-24,552.8200073242,542.8036499023
2024-12-26,552.8099975586,542.7937011719
2024-12-27,547.0800170898,537.1676635742
2024-12-30,540.9899902344,531.1879882812
2024-12-31,538.8099975586,529.0474243164
2025-01-02,537.4600219727,527.7218627930
2025-01-03,544.4000244141,534.5361328125
2025-01-06,547.5700073242,537.6486816406
2025-01-07,541.4099731445,531.6002807617
2025-01-08,542.1400146484,532.3171386719
2025-01-10,533.8900146484,524.2166137695
2025-01-13,534.5800170898,524.8940429688
2025-01-14,535.2600097656,525.5617675781
2025-01-15,545.0499877930,535.1744384766
2025-01-16,544.2399902344,534.3790283203
2025-01-17,549.4600219727,539.5044555664
2025-01-21,554.4600219727,544.4139404297
2025-01-22,557.6099853516,547.5067749023
2025-01-23,560.7000122070,550.5409545898
2025-01-24,559.0100097656,548.8815307617
2025-01-27,551.2299804688,541.2423706055
2025-01-28,555.8499755859,545.7787475586
2025-01-29,553.4099731445,543.3828735352
2025-01-30,556.2999877930,546.2205810547
2025-01-31,553.3300170898,543.3043823242
2025-02-03,549.7000122070,539.7401733398
2025-02-04,553.3499755859,543.3239746094
2025-02-05,555.6199951172,545.5528564453
2025-02-06,557.6199951172,547.5166625977
2025-02-07,552.2000122070,542.1948242188
2025-02-10,556.1500244141,546.0733032227
2025-02-11,556.6500244141,546.5642089844
2025-02-12,554.8099975586,544.7575683594
2025-02-13,560.6699829102,550.5112915039
2025-02-14,560.6900024414,550.5309448242
2025-02-18,562.3099975586,552.1216430664
2025-02-19,563.6699829102,553.4569702148
2025-02-20,561.2999877930,551.1300048828
2025-02-21,551.7500000000,541.7529907227
2025-02-24,549.1400146484,539.1902465820
2025-02-25,546.4099731445,536.5097045898
2025-02-26,546.7500000000,536.8435058594
2025-02-27,537.9699707031,528.2227172852
2025-02-28,546.3300170898,536.4311523438
2025-03-03,536.9199829102,527.1917724609
2025-03-04,530.4500122070,520.8389282227
2025-03-05,536.4000244141,526.6811523438
2025-03-06,526.6699829102,517.1274414062
2025-03-07,529.5100097656,519.9159545898
2025-03-10,515.5100097656,506.1696166992
2025-03-11,511.2799987793,502.0162963867
2025-03-12,513.7600097656,504.4513244629
2025-03-13,507.0499877930,497.8628845215
2025-03-14,517.4600219727,508.0842895508
2025-03-17,521.4099731445,511.9626770020
2025-03-18,515.9099731445,506.5623168945
2025-03-19,521.3300170898,511.8841552734
2025-03-20,520.1300048828,510.7059020996
2025-03-21,520.2600097656,510.8335571289
2025-03-24,529.3900146484,519.7981567383
2025-03-25,530.6500244141,521.0353393555
2025-03-26,524.4600219727,514.9573974609
2025-03-27,521.2100219727,513.5407104492
2025-03-28,510.7999877930,503.2837829590
2025-03-31,513.9099731445,506.3479919434
2025-04-01,515.7999877930,508.2102050781
2025-04-02,518.9099731445,511.2744140625
2025-04-03,494.1600036621,486.8886108398
2025-04-04,465.5199890137,458.6700439453
2025-04-07,463.5599975586,456.7388916016
2025-04-08,456.7399902344,450.0192871094
2025-04-09,499.1000061035,491.7559509277
2025-04-10,482.0599975586,474.9667053223
2025-04-11,490.5499877930,483.3317260742
2025-04-14,495.4800109863,488.1892395020
2025-04-15,494.0899963379,486.8196716309
2025-04-16,483.2300109863,476.1194763184
2025-04-17,483.8999938965,476.7796020508
2025-04-21,472.3699951172,465.4192504883
2025-04-22,484.2900085449,477.1638793945
2025-04-23,492.0700073242,484.8294067383
2025-04-24,502.4100036621,495.0172729492
2025-04-25,506.1099853516,498.6628112793
2025-04-28,506.4200134277,498.9682312012
2025-04-29,509.4899902344,501.9930725098
2025-04-30,509.7399902344,502.2394104004
2025-05-01,513.3499755859,505.7962341309
2025-05-02,520.7100219727,513.0480346680
2025-05-05,517.9899902344,510.3679504395
2025-05-06,513.5800170898,506.0228576660
2025-05-07,515.9000244141,508.3088073730
2025-05-08,519.3400268555,511.6981811523
2025-05-09,518.6500244141,511.0182800293
2025-05-12,535.9199829102,528.0341796875
2025-05-13,539.4400024414,531.5023803711
2025-05-14,540.1099853516,532.1625366211
2025-05-15,542.7600097656,534.7734985352
2025-05-16,546.2600097656,538.2219238281
2025-05-19,546.8200073242,538.7738037109
2025-05-20,544.8800048828,536.8623046875
2025-05-21,535.7700195312,527.8864135742
2025-05-22,536.0200195312,528.1327514648
2025-05-23,532.4000244141,524.5660400391
2025-05-27,543.3400268555,535.3450927734
2025-05-28,540.2399902344,532.2905883789
2025-05-29,542.3200073242,534.3400268555
2025-05-30,541.7600097656,533.7882080078
2025-06-02,544.9099731445,536.8918457031
2025-06-03,548.0000000000,539.9364624023
2025-06-04,547.6500244141,539.5915527344
2025-06-05,545.0900268555,537.0692138672
2025-06-06,550.6599731445,542.5573120117
2025-06-09,551.2500000000,543.1385498047
2025-06-10,554.3900146484,546.2323608398
2025-06-11,552.8599853516,544.7248535156
2025-06-12,554.9500122070,546.7841186523
2025-06-13,548.7700195312,540.6950683594
2025-06-16,554.0700073242,545.9170532227
2025-06-17,549.3499755859,541.2665405273
2025-06-18,549.2399902344,541.1581420898
2025-06-20,547.7199707031,539.6604614258
2025-06-23,553.3599853516,545.2175903320
2025-06-24,559.4400024414,551.2080688477
2025-06-25,559.7199707031,551.4839477539
2025-06-26,564.1500244141,555.8486938477
2025-06-27,566.9500122070,558.6076660156
2025-06-30,568.0300292969,561.3995971680
2025-07-01,567.7700195312,561.1426391602
2025-07-02,570.2899780273,563.6331787109
2025-07-03,575.2199707031,568.5056762695
2025-07-07,570.6099853516,563.9494628906
2025-07-08,570.2299804688,563.5739135742
2025-07-09,573.6099853516,566.9144287109
2025-07-10,575.2899780273,568.5748291016
2025-07-11,573.2199707031,566.5289916992
2025-07-14,574.3499755859,567.6458129883
2025-07-15,571.8599853516,565.1848754883
2025-07-16,573.7399902344,567.0429077148
2025-07-17,577.1799926758,570.4427490234
2025-07-18,576.9199829102,570.1857910156
2025-07-21,577.9500122070,571.2038574219
2025-07-22,577.9500122070,571.2038574219
2025-07-23,582.8599853516,576.0564575195
2025-07-24,583.2600097656,576.4518432617
2025-07-25,585.5800170898,578.7447509766
2025-07-28,585.4400024414,578.6064453125
2025-07-29,583.9199829102,577.1041259766
2025-07-30,583.2100219727,576.4024047852
2025-07-31,581.0200195312,574.2379150391
2025-08-01,571.4500122070,564.7796630859
2025-08-04,580.1400146484,573.3682861328
2025-08-05,577.3499755859,570.6108398438
2025-08-06,581.6400146484,574.8507690430
2025-08-07,581.2899780273,574.5048217773
2025-08-08,585.7399902344,578.9028930664
2025-08-11,584.5399780273,577.7168579102
2025-08-12,590.7800292969,583.8840332031
2025-08-13,592.8400268555,585.9199829102
2025-08-14,592.8499755859,585.9298095703
2025-08-15,591.5700073242,584.6648559570
2025-08-18,591.3599853516,584.4572753906
2025-08-19,588.1300048828,581.2650146484
2025-08-20,586.5800170898,579.7330322266
2025-08-21,584.2700195312,577.4500732422
2025-08-22,593.2100219727,586.2857055664
2025-08-25,590.7000122070,583.8049926758
2025-08-26,593.0599975586,586.1373901367
2025-08-27,594.4199829102,587.4815063477
2025-08-28,596.5200195312,589.5570678711
2025-08-29,593.0800170898,586.1571655273
2025-09-02,588.7100219727,581.8381958008
2025-09-03,591.7199707031,584.8130493164
2025-09-04,596.5900268555,589.6262817383
2025-09-05,594.9600219727,588.0153198242
2025-09-08,596.5000000000,589.5372924805
2025-09-09,597.9500122070,590.9703979492
2025-09-10,599.6799926758,592.6801147461
2025-09-11,604.5700073242,597.5131225586
2025-09-12,604.4400024414,597.3846435547
2025-09-15,607.5900268555,600.4978027344
2025-09-16,606.7899780273,599.7070922852
2025-09-17,606.0900268555,599.0153808594
2025-09-18,608.9400024414,601.8320922852
2025-09-19,611.7800292969,604.6389770508
2025-09-22,614.7600097656,607.5841674805
2025-09-23,611.5399780273,604.4016723633
2025-09-24,609.5000000000,602.3854980469
2025-09-25,606.5900268555,599.5095214844
2025-09-26,610.1599731445,603.0378417969
2025-09-29,610.1300048828,604.7327270508
2025-09-30,612.3800048828,606.9628295898
2025-10-01,614.5700073242,609.1334228516
2025-10-02,615.2500000000,609.8073730469
2025-10-03,615.2999877930,609.8569946289
2025-10-06,617.4000244141,611.9384155273
2025-10-07,615.2000122070,609.7578125000
2025-10-08,618.7700195312,613.2963256836
2025-10-09,617.0999755859,611.6410522461
2025-10-10,600.5100097656,595.1978149414
2025-10-13,609.6099853516,604.2172851562
2025-10-14,608.7500000000,603.3649291992
2025-10-15,611.4299926758,606.0212402344
2025-10-16,607.3900146484,602.0170288086
2025-10-17,610.7600097656,605.3571166992
2025-10-20,617.1699829102,611.7103881836
2025-10-21,617.0900268555,611.6311645508
2025-10-22,613.9699707031,608.5386962891
2025-10-23,617.4400024414,611.9780273438
2025-10-24,622.5499877930,617.0428466797
2025-10-27,630.0000000000,624.4268798828
2025-10-28,631.6900024414,626.1019897461
2025-10-29,631.9500122070,626.3596801758
2025-10-30,625.2399902344,619.7090454102
2025-10-31,627.0399780273,621.4930419922
2025-11-03,628.2700195312,622.7122192383
2025-11-04,620.9899902344,615.4966430664
2025-11-05,622.8599853516,617.3500366211
2025-11-06,616.2399902344,610.7886352539
2025-11-07,616.8900146484,611.4328613281
2025-11-10,626.4699707031,620.9281005859
2025-11-11,627.9099731445,622.3554077148
2025-11-12,628.2199707031,622.6626586914
2025-11-13,617.9899902344,612.5231323242
2025-11-14,617.8300170898,612.3646240234
2025-11-17,612.0399780273,606.6258544922
2025-11-18,607.0000000000,601.6304321289
2025-11-19,609.2000122070,603.8109741211
2025-11-20,599.9600219727,594.6527099609
2025-11-21,605.9299926758,600.5698852539
2025-11-24,614.9400024414,609.5001220703
2025-11-25,620.6599731445,615.1694946289
2025-11-26,624.9500122070,619.4216308594
2025-11-28,628.4099731445,622.8510131836
2025-12-01,625.5200195312,619.9865722656
2025-12-02,626.5800170898,621.0371704102
2025-12-03,628.7700195312,623.2078247070
2025-12-04,629.2999877930,623.7330932617
2025-12-05,630.4799804688,624.9027099609
2025-12-08,628.6099853516,623.0491943359
2025-12-09,628.0999755859,622.5437011719
2025-12-10,632.1599731445,626.5677490234
2025-12-11,633.7100219727,628.1041259766
2025-12-12,626.8699951172,621.3245849609
2025-12-15,625.9600219727,620.4227294922
2025-12-16,624.2100219727,618.6881713867
2025-12-17,617.3499755859,611.8888549805
2025-12-18,622.0100097656,616.5076293945
2025-12-19,627.5599975586,622.0085449219
2025-12-22,629.7299804688,625.9256591797
2025-12-23,632.6699829102,628.8479614258
2025-12-24,634.7800292969,630.9451904297
2025-12-26,634.8400268555,631.0048828125
2025-12-29,632.5999755859,628.7783813477
2025-12-30,631.7199707031,627.9036865234
2025-12-31,627.1300048828,623.3414306641
2026-01-02,628.2999877930,624.5043334961
2026-01-05,632.4600219727,628.6392822266
2026-01-06,636.2100219727,632.3665771484
2026-01-07,634.1699829102,630.3388671875
2026-01-08,634.0599975586,630.2295532227
2026-01-09,638.3099975586,634.4538574219
2026-01-12,639.3400268555,635.4776611328
2026-01-13,638.0300292969,634.1755981445
2026-01-14,634.9400024414,631.1042480469
2026-01-15,636.6199951172,632.7740478516
2026-01-16,636.0900268555,632.2473144531
2026-01-20,623.1500244141,619.3854980469
2026-01-21,630.2899780273,626.4822998047
2026-01-22,633.5700073242,629.7424926758
2026-01-23,633.8300170898,630.0009765625
2026-01-26,637.0900268555,633.2412719727
2026-01-27,639.7000122070,635.8354492188
2026-01-28,639.5999755859,635.7360839844
2026-01-29,638.2700195312,634.4141235352
2026-01-30,636.2199707031,632.3764648438
2026-02-02,639.6799926758,635.8155517578
2026-02-03,634.1500244141,630.3190307617
2026-02-04,630.9099731445,627.0985717773
2026-02-05,623.0999755859,619.3356933594
2026-02-06,635.2399902344,631.4024047852
2026-02-09,638.2299804688,634.3743286133
2026-02-10,636.4400024414,632.5952148438
2026-02-11,636.3499755859,632.5056762695
2026-02-12,626.4899902344,622.7053222656
2026-02-13,626.8900146484,623.1029052734
2026-02-17,627.9899902344,624.1961669922
2026-02-18,631.1500244141,627.3371582031
2026-02-19,629.5300292969,625.7269287109
2026-02-20,634.0200195312,630.1898193359
2026-02-23,627.6300048828,623.8384399414
2026-02-24,632.2100219727,628.3907470703
2026-02-25,637.5300292969,633.6785888672
2026-02-26,633.9500122070,630.1202392578
2026-02-27,631.0399780273,627.2277832031
2026-03-02,631.2800292969,627.4663696289
2026-03-03,625.7199707031,621.9398803711
2026-03-04,630.1799926758,626.3729858398
2026-03-05,626.8099975586,623.0233154297
2026-03-06,618.4299926758,614.6939697266
2026-03-09,623.7999877930,620.0314941406
2026-03-10,622.7199707031,618.9580078125
2026-03-11,622.0300292969,618.2722167969
2026-03-12,612.5000000000,608.7998046875
2026-03-13,609.0900268555,605.4104614258
2026-03-16,615.1900024414,611.4735717773
2026-03-17,616.8900146484,613.1632690430
2026-03-18,608.3800048828,604.7046508789
2026-03-19,606.7500000000,603.0845336914
2026-03-20,597.9400024414,594.3277587891
2026-03-23,604.4299926758,600.7785644531
2026-03-24,602.3800048828,598.7409057617
2026-03-25,605.6599731445,602.0010375977
2026-03-26,594.9199829102,591.3259887695
2026-03-27,582.9600219727,581.2673339844
2026-03-30,580.9299926758,579.2431640625
2026-03-31,597.5499877930,595.8149414062
2026-04-01,602.2999877930,600.5511474609
2026-04-02,602.9899902344,601.2391357422
2026-04-06,605.6699829102,603.9113159180
2026-04-07,606.0399780273,604.2802734375
2026-04-08,621.3400268555,619.5358886719
2026-04-09,625.0200195312,623.2052001953
2026-04-10,624.5999755859,622.7863769531
2026-04-13,630.7199707031,628.8886108398
2026-04-14,638.3499755859,636.4964599609
2026-04-15,643.4500122070,641.5816650391
2026-04-16,644.8599853516,642.9875488281
2026-04-17,652.7800292969,650.8845825195
2026-04-20,651.5399780273,649.6481323242
2026-04-21,647.2500000000,645.3706054688
2026-04-22,653.9000244141,652.0013427734
2026-04-23,651.2600097656,649.3689575195
2026-04-24,656.4199829102,654.5139770508
2026-04-27,657.5000000000,655.5908813477
2026-04-28,654.2600097656,652.3602905273
2026-04-29,654.2399902344,652.3403320312
2026-04-30,660.5800170898,658.6619262695
2026-05-01,662.5200195312,660.5963134766
2026-05-04,660.1199951172,658.2032470703
2026-05-05,665.2999877930,663.3682250977
2026-05-06,674.6599731445,672.7009887695
2026-05-07,672.5399780273,670.5871582031
2026-05-08,678.0399780273,676.0711669922
2026-05-11,679.5200195312,677.5469360352
2026-05-12,678.6699829102,676.6993408203
2026-05-13,682.4099731445,680.4285278320
2026-05-14,687.7299804688,685.7330322266
2026-05-15,679.4400024414,677.4671630859
2026-05-18,678.9099731445,676.9386596680
2026-05-19,674.5900268555,672.6312866211
2026-05-20,681.5700073242,679.5910034180
2026-05-21,682.8400268555,680.8572998047
2026-05-22,685.5499877930,683.5593872070
2026-05-26,690.0100097656,688.0064697266
2026-05-27,689.9600219727,687.9566040039
2026-05-28,693.9099731445,691.8950805664
2026-05-29,695.4899902344,693.4705200195
2026-06-01,697.2999877930,695.2752685547
2026-06-02,698.2600097656,696.2325439453
2026-06-03,693.3599853516,691.3467407227
2026-06-04,696.0599975586,694.0388793945
2026-06-05,678.0000000000,676.0313110352
2026-06-08,679.6799926758,677.7064208984
2026-06-09,677.7000122070,675.7322387695
2026-06-10,667.0499877930,665.1130981445
2026-06-11,678.2299804688,676.2606201172
2026-06-12,681.9500122070,679.9698486328
2026-06-15,693.8300170898,691.8153686523
2026-06-16,689.7500000000,687.7471923828
2026-06-17,681.4099731445,679.4313964844
2026-06-18,688.1099853516,686.1119384766
2026-06-22,686.0999755859,684.1077880859
2026-06-23,676.3400268555,674.3761596680
2026-06-24,675.6900024414,673.7280273438
2026-06-25,675.7100219727,673.7479858398
2026-06-26,670.2600097656,670.2600097656
2026-06-29,681.0100097656,681.0100097656
2026-06-30,686.8099975586,686.8099975586
2026-07-01,685.4600219727,685.4600219727
2026-07-02,684.8400268555,684.8400268555
2026-07-06,690.6199951172,690.6199951172
2026-07-07,687.0800170898,687.0800170898
2026-07-08,685.2600097656,685.2600097656
2026-07-09,690.6900024414,690.6900024414
2026-07-10,693.8599853516,693.8599853516
2026-07-13,688.5000000000,688.5000000000
2026-07-14,691.0999755859,691.0999755859
2026-07-15,693.7999877930,693.7999877930
2026-07-16,690.1400146484,690.1400146484
2026-07-17,683.1699829102,683.1699829102
2026-07-20,682.2100219727,682.2100219727
2026-07-21,687.8699951172,687.8699951172
2026-07-22,687.0300292969,687.0300292969
2026-07-23,678.6099853516,678.6099853516
2026-07-24,679.1400146484,679.1400146484
2026-07-27,679.3099975586,679.3099975586
2026-07-28,680.9600219727,680.9600219727
2026-07-29,670.6300048828,670.6300048828
2026-07-30,681.7899780273,681.7899780273
2026-07-31,686.6500244141,686.6500244141
2026-08-03,696.4000244141,696.4000244141
2026-08-04,708.9799804688,708.9799804688
2026-08-05,707.5999755859,707.5999755859
2026-08-06,706.4000244141,706.4000244141
2026-08-07,710.7100219727,710.7100219727
2026-08-10,710.6500244141,710.6500244141
2026-08-11,708.4199829102,708.4199829102
2026-08-12,710.1699829102,710.1699829102
2026-08-13,714.9500122070,714.9500122070
2026-08-14,713.6099853516,713.6099853516
2026-08-17,710.2700195312,710.2700195312
2026-08-18,705.4000244141,705.4000244141
2026-08-19,706.9099731445,706.9099731445
2026-08-20,701.0100097656,701.0100097656
2026-08-21,703.7100219727,703.7100219727
2026-08-24,701.8300170898,701.8300170898
2026-08-25,704.0200195312,704.0200195312
2026-08-26,704.2000122070,704.2000122070
2026-08-27,708.7500000000,708.7500000000
2026-08-28,707.2399902344,707.2399902344
2026-08-31,704.8900146484,704.8900146484
2026-09-01,700.2800292969,700.2800292969
2026-09-02,703.4099731445,703.4099731445
2026-09-03,710.7199707031,710.7199707031
2026-09-04,708.0100097656,708.0100097656
2026-09-08,704.0700073242,704.0700073242
2026-09-09,700.8699951172,700.8699951172
2026-09-10,696.6500244141,696.6500244141
2026-09-11,702.5599975586,702.5599975586
2026-09-14,699.2999877930,699.2999877930
2026-09-15,696.2000122070,696.2000122070
2026-09-16,693.2399902344,693.2399902344
2026-09-17,701.0300292969,701.0300292969
2026-09-18,701.7800292969,701.7800292969
2026-09-21,712.7800292969,712.7800292969
